matchId,squadId,GS,GA,WA,C,WD,GD,GK,startingTime,finishTime,teamStartScore,teamEndScore,oppStartScore,oppEndScore,duration,plusMinus,plusMinusPer60,oppSquadId
116650801,804,80540,1001708,994224,991901,1001701,80577,1004510,0,1359,0,22,0,27,1359,-5,-13.245033112582782,807
116650801,804,80540,1001708,1022297,994224,991901,80577,1004510,1359,1499,22,25,27,31,140,-1,-25.71428571428571,807
116650801,804,80540,1001708,1022297,994224,991901,80577,994213,1499,2102,25,37,31,41,603,2,11.940298507462686,807
116650801,804,80540,1001708,994224,1022297,991901,80577,994213,2102,3600,37,66,41,64,1498,6,14.419225634178904,807
116650801,807,1021253,993463,1004472,80833,991905,1016035,80530,0,3600,0,64,0,66,3600,-2,-2.0,804
