matchId,squadId,GS,GA,WA,C,WD,GD,GK,startingTime,finishTime,teamStartScore,teamEndScore,oppStartScore,oppEndScore,duration,plusMinus,plusMinusPer60
80281304,802,80150,80022,80107,80018,80422,80534,80024,0.0,1558.0,0,24,0,37,1558.0,-13,-30.038510911424908
80281304,802,80150,80022,80028,80018,80534,80314,80292,1558.0,3398.0,24,55,37,64,1840.0,4,7.826086956521739
80281304,805,80054,80100,80063,80146,80023,80304,80192,0.0,358.0,0,9,0,4,358.0,5,50.27932960893855
80281304,805,80054,80100,80063,80146,80023,80304,80059,358.0,632.0,9,17,4,12,274.0,0,0.0
80281304,805,80054,80100,80063,80146,80453,80304,80059,632.0,1558.0,17,37,12,24,926.0,8,31.101511879049674
80281304,805,80054,80100,80063,80146,80023,80304,80059,1558.0,2482.0,37,52,24,37,924.0,2,7.792207792207792
80281304,805,80054,80055,80063,80146,80023,80304,80059,2482.0,2967.0,52,58,37,46,485.0,-3,-22.2680412371134
80281304,805,80054,80055,80063,80146,80023,80059,80428,2967.0,3398.0,58,64,46,55,431.0,-3,-25.058004640371227
