matchId,squadId,GS,GA,WA,C,WD,GD,GK,startingTime,finishTime,teamStartScore,teamEndScore,oppStartScore,oppEndScore,duration,plusMinus,plusMinusPer60,oppSquadId
80181006,802,80028,80156,80018,80422,80164,80292,80023,0,2240,0,29,0,30,2240,-1,-1.607142857142857,803
80181006,802,80028,80156,80018,80221,80164,80292,80023,2240,2743,29,33,30,38,503,-4,-28.62823061630219,803
80181006,802,80156,80028,80018,80221,80164,80292,80023,2743,3643,33,45,38,47,900,3,12.0,803
80181006,803,80052,80302,80170,80154,80212,80026,80099,0,906,0,11,0,15,906,-4,-15.894039735099339,802
80181006,803,80052,80302,80170,80154,80212,80099,80024,906,1591,11,21,15,21,685,4,21.02189781021898,802
80181006,803,80052,80302,80154,80170,80212,80099,80024,1591,2218,21,30,21,29,627,1,5.741626794258374,802
80181006,803,80052,80302,80154,80212,80037,80099,80024,2218,3643,30,47,29,45,1425,1,2.526315789473684,802
