matchId,squadId,GS,GA,WA,C,WD,GD,GK,startingTime,finishTime,teamStartScore,teamEndScore,oppStartScore,oppEndScore,duration,plusMinus,plusMinusPer60
95640105,807,80078,993463,992954,80833,991905,80076,80080,0,3691,0,60,0,44,3691,16,15.605526957464102
95640105,805,80054,80100,80154,80105,80535,80305,80604,0,944,0,10,0,14,944,-4,-15.254237288135593
95640105,805,80054,80100,80700,80105,80535,80304,80604,944,1708,10,18,14,28,764,-6,-28.272251308900525
95640105,805,80054,80100,80154,80105,80535,80304,80604,1708,1870,18,20,28,30,162,0,0.0
95640105,805,80054,80100,80700,80105,80535,80304,80604,1870,2783,20,33,30,43,913,0,0.0
95640105,805,80058,80100,80700,80105,80535,80304,80604,2783,3691,33,44,43,60,908,-6,-23.78854625550661
