matchId,squadId,GS,GA,WA,C,WD,GD,GK,startingTime,finishTime,teamStartScore,teamEndScore,oppStartScore,oppEndScore,duration,plusMinus,plusMinusPer60,oppSquadId
80280702,801,80295,80067,80001,80014,80045,80068,80048,0,3337,0,54,0,43,3337,11,11.866946359005095,810
80280702,801,80295,80067,80439,80014,80045,80068,80048,3337,3627,54,60,43,43,290,6,74.48275862068965,810
80280702,810,80113,80064,80152,80299,80132,80450,80530,0,1517,0,18,0,25,1517,-7,-16.611733684904415,801
80280702,810,80113,80135,80473,80299,80132,80450,80530,1517,1813,18,22,25,30,296,-1,-12.162162162162161,801
80280702,810,80113,80135,80473,80299,80132,80450,80530,1813,3337,22,43,30,54,1524,-3,-7.086614173228347,801
80280702,810,80113,80451,80473,80299,80132,80450,80530,3337,3627,43,43,54,60,290,-6,-74.48275862068965,801
