matchId,squadId,GS,GA,WA,C,WD,GD,GK,startingTime,finishTime,teamStartScore,teamEndScore,oppStartScore,oppEndScore,duration,plusMinus,plusMinusPer60
80281402,801,80295,80067,80001,80014,80045,80068,80048,0,1828,0,35,0,17,1828,18,35.44857768052516
80281402,801,80295,80067,80001,80045,80014,80068,80048,1828,2480,35,43,17,24,652,1,5.521472392638037
80281402,801,80295,80067,80001,80045,80014,80068,80440,2480,2763,43,47,24,28,283,0,0.0
80281402,801,80295,80067,80001,80439,80045,80068,80440,2763,3296,47,57,28,40,533,-2,-13.50844277673546
80281402,801,80449,80013,80576,80439,80045,80068,80048,3296,3665,57,65,40,44,369,4,39.02439024390244
80281402,802,80150,80022,80028,80018,80534,80314,80292,0,914,0,6,0,16,914,-10,-39.38730853391685
80281402,802,80150,80028,80018,80107,80534,80314,80292,914,1828,6,17,16,35,914,-8,-31.50984682713348
80281402,802,80150,80028,80018,80107,80422,80024,80292,1828,3665,17,44,35,65,1837,-3,-5.87915078933043
