matchId,squadId,GS,GA,WA,C,WD,GD,GK,startingTime,finishTime,teamStartScore,teamEndScore,oppStartScore,oppEndScore,duration,plusMinus,plusMinusPer60,oppSquadId
124380704,810,80826,995108,994215,1022296,998408,1014130,1001920,0.0,721.0,0,13,0,16,721.0,-3,-14.979195561719832,804
124380704,810,80826,995108,994215,1022296,998408,1014130,1014234,721.0,900.0,13,22,16,19,179.0,6,120.67039106145252,804
124380704,810,80826,995108,994215,1022296,998408,1014130,1001920,900.0,1264.0,22,27,19,29,364.0,-5,-49.45054945054945,804
124380704,810,80826,995108,994215,80575,998408,1014130,1014234,1264.0,1642.0,27,34,29,39,378.0,-3,-28.57142857142857,804
124380704,810,80826,1028417,994215,80575,998408,1014130,1014234,1642.0,1800.0,34,36,39,42,158.0,-1,-22.78481012658228,804
124380704,810,80826,995108,994215,1022296,998408,1014130,1001920,1800.0,2402.0,36,47,42,51,602.0,2,11.960132890365449,804
124380704,810,80826,995108,994215,80575,998408,1014130,1001920,2402.0,2700.0,47,48,51,59,298.0,-7,-84.56375838926174,804
124380704,810,80826,1028417,994215,998408,1014130,1014234,1001920,2700.0,3600.0,48,65,59,76,900.0,0,0.0,804
124380704,804,1001711,1001708,1022297,991901,80577,994213,1005495,0.0,3600.0,0,76,0,65,3600.0,11,11.0,810
