matchId,squadId,oppSquadId,period,badHands,badPasses,blocked,blocks,breaks,centrePassReceives,contactPenalties,defensiveRebounds,deflections,feeds,gain,goalAssists,goalAttempts,goalMisses,goals,intercepts,missedGoalTurnover,obstructionPenalties,offensiveRebounds,offsides,penalties,pickups,rebounds,tossUpWin,turnovers,possessions,pacePer60,offensiveRating,defensiveRating,netRating
80350903,801,806,1,1,1,0,0,0,11,13,0,3,13,4,7,12,1,11,3,0,4,0,0,17,1,0,0,4,16,63.01969365426696,68.75,80.0,-11.25
80350903,801,806,2,1,2,0,0,0,12,12,2,1,16,5,7,15,3,12,2,0,6,0,0,18,2,2,0,5,20,79.38257993384784,60.0,60.0,0.0
80350903,801,806,3,0,2,0,0,0,11,10,3,4,16,7,5,14,3,11,2,0,2,0,1,12,3,3,0,7,21,83.25991189427313,52.38095238095239,57.89473684210527,-5.513784461152881
80350903,801,806,4,0,0,0,0,0,12,17,0,3,23,3,8,18,2,16,1,0,6,1,0,23,3,1,0,1,18,70.28199566160521,88.88888888888889,86.66666666666667,2.2222222222222143
80350903,806,801,1,0,1,0,0,0,12,14,0,2,11,3,9,13,1,12,2,0,4,0,0,18,2,0,0,2,15,59.08096280087528,80.0,68.75,11.25
80350903,806,801,2,2,0,0,0,0,11,13,1,3,16,3,9,15,3,12,2,0,2,0,0,15,2,1,0,5,20,79.38257993384784,60.0,60.0,0.0
80350903,806,801,3,1,0,0,0,0,11,13,0,1,16,1,6,17,6,11,1,0,4,2,0,17,0,2,0,4,19,75.33039647577093,57.89473684210527,52.38095238095239,5.513784461152881
80350903,806,801,4,1,1,0,0,0,11,15,1,6,10,2,6,13,0,13,1,0,7,0,0,22,2,1,0,2,15,58.568329718004335,86.66666666666667,88.88888888888889,-2.2222222222222143
