matchId,squadId,GS,GA,WA,C,WD,GD,GK,startingTime,finishTime,teamStartScore,teamEndScore,oppStartScore,oppEndScore,duration,plusMinus,plusMinusPer60,oppSquadId
80350903,801,80295,80067,80001,80014,80045,80068,80048,0,1821,0,23,0,24,1821,-1,-1.9769357495881383,806
80350903,801,80295,80067,80576,80001,80045,80048,80068,1821,2729,23,34,24,35,908,0,0.0,806
80350903,801,80295,80067,80014,80001,80576,80048,80068,2729,3153,34,40,35,42,424,-1,-8.49056603773585,806
80350903,801,80295,80067,80001,80014,80576,80068,80048,3153,3651,40,50,42,48,498,4,28.915662650602407,806
80350903,806,80072,80179,80075,80069,80574,80006,80038,0,914,0,12,0,11,914,1,3.938730853391685,801
80350903,806,80179,80072,80075,80069,80574,80006,80038,914,2233,12,27,11,31,1319,-5,-13.646702047005306,801
80350903,806,80471,80072,80075,80069,80574,80038,80470,2233,3651,27,48,31,50,1418,2,5.077574047954866,801
