matchId,squadId,GS,GA,WA,C,WD,GD,GK,startingTime,finishTime,teamStartScore,teamEndScore,oppStartScore,oppEndScore,duration,plusMinus,plusMinusPer60
80121402,810,80113,80074,80041,80044,80132,80126,80131,0,1819,0,30,0,32,1819,-2,-3.9582188015393074
80121402,810,80113,80074,80300,80041,80132,80126,80131,1819,3620,30,67,32,59,1801,10,19.988895058300944
80121402,807,80078,80009,80296,80081,80076,80180,80080,0,3620,0,59,0,67,3620,-8,-7.955801104972376
