matchId,squadId,GS,GA,WA,C,WD,GD,GK,startingTime,finishTime,teamStartScore,teamEndScore,oppStartScore,oppEndScore,duration,plusMinus,plusMinusPer60,oppSquadId
80120602,807,80078,80009,80178,80081,80077,80076,80080,0,3615,0,62,0,41,3615,21,20.91286307053942,804
80120602,804,80169,80050,80047,80171,80045,80049,80042,0,2048,0,23,0,40,2048,-17,-29.8828125,807
80120602,804,80169,80050,80047,80171,80174,80049,80042,2048,2213,23,28,40,42,165,3,65.45454545454545,807
80120602,804,80169,80050,80047,80045,80174,80049,80042,2213,2277,28,28,42,43,64,-1,-56.25,807
80120602,804,80169,80293,80047,80045,80174,80049,80042,2277,2302,28,28,43,43,25,0,0.0,807
80120602,804,80169,80293,80171,80045,80174,80049,80042,2302,3615,28,41,43,62,1313,-6,-16.450875856816452,807
