matchId,squadId,GS,GA,WA,C,WD,GD,GK,startingTime,finishTime,teamStartScore,teamEndScore,oppStartScore,oppEndScore,duration,plusMinus,plusMinusPer60,oppSquadId
100831202,8119,80052,994215,80041,80833,80299,80470,80048,0,2278,0,40,0,32,2278,8,12.642669007901668,806
100831202,8119,80052,80449,80041,80833,80299,80470,80048,2278,3132,40,56,32,44,854,4,16.861826697892273,806
100831202,8119,80052,80449,80041,80833,80299,80474,80048,3132,3260,56,57,44,45,128,0,0.0,806
100831202,8119,80052,80449,80152,80833,80299,80474,80048,3260,3606,57,62,45,50,346,0,0.0,806
100831202,806,1001944,999128,80574,80439,991904,1003784,998404,0,1800,0,23,0,33,1800,-10,-20.0,8119
100831202,806,1001944,999128,1001702,80439,80574,1003784,998404,1800,3606,23,50,33,62,1806,-2,-3.9867109634551494,8119
