matchId,squadId,GS,GA,WA,C,WD,GD,GK,startingTime,finishTime,teamStartScore,teamEndScore,oppStartScore,oppEndScore,duration,plusMinus,plusMinusPer60,oppSquadId
107241102,8117,1001357,80475,80296,80105,80297,80559,999135,0,2729,0,35,0,39,2729,-4,-5.2766581165262,806
107241102,8117,1014128,1001357,80296,80105,998401,80559,999135,2729,3390,35,46,39,45,661,5,27.23146747352496,806
107241102,8117,1014128,80475,80296,80105,998401,80559,999135,3390,3639,46,50,45,48,249,1,14.457831325301203,806
107241102,806,1001944,1001711,1001846,80574,1007304,1003784,998404,0,905,0,10,0,13,905,-3,-11.933701657458563,8117
107241102,806,1001944,1001711,1001846,80574,80099,1003784,998404,905,1508,10,18,13,22,603,-1,-5.970149253731343,8117
107241102,806,1001944,1001711,1009742,80574,80099,1003784,998404,1508,3288,18,45,22,44,1780,5,10.112359550561798,8117
107241102,806,1001944,1001711,1001846,80574,80099,1003784,998404,3288,3639,45,48,44,50,351,-3,-30.769230769230774,8117
