matchId,squadId,GS,GA,WA,C,WD,GD,GK,startingTime,finishTime,teamStartScore,teamEndScore,oppStartScore,oppEndScore,duration,plusMinus,plusMinusPer60,oppSquadId
80120604,810,80113,80074,80041,80152,80132,80044,80131,0,1807,0,18,0,26,1807,-8,-15.938018815716656,801
80120604,810,80113,80087,80041,80152,80132,80044,80131,1807,2280,18,24,26,34,473,-2,-15.221987315010571,801
80120604,810,80113,80087,80152,80041,80044,80126,80131,2280,2714,24,28,34,41,434,-3,-24.884792626728114,801
80120604,810,80087,80074,80152,80041,80044,80126,80131,2714,3025,28,31,41,47,311,-3,-34.72668810289389,801
80120604,810,80087,80181,80152,80041,80126,80012,80131,3025,3059,31,31,47,48,34,-1,-105.88235294117648,801
80120604,810,80074,80181,80152,80041,80126,80012,80131,3059,3623,31,37,48,57,564,-3,-19.148936170212764,801
80120604,801,80295,80003,80067,80014,80048,80006,80010,0,2714,0,41,0,28,2714,13,17.243920412675017,810
80120604,801,80295,80003,80001,80014,80006,80048,80010,2714,3025,41,47,28,31,311,3,34.72668810289389,810
80120604,801,80295,80003,80001,80014,80002,80006,80010,3025,3623,47,57,31,37,598,4,24.080267558528426,810
