matchId,squadId,GS,GA,WA,C,WD,GD,GK,startingTime,finishTime,teamStartScore,teamEndScore,oppStartScore,oppEndScore,duration,plusMinus,plusMinusPer60,oppSquadId
90841305,805,80054,80100,80198,80105,80192,80049,80604,0,3622,0,63,0,51,3622,12,11.927112092766428,810
90841305,810,80113,80003,80301,80572,80152,80343,80530,0,1610,0,25,0,29,1610,-4,-8.944099378881988,805
90841305,810,80113,80003,80301,80572,80152,80343,80530,1610,2540,25,37,29,45,930,-4,-15.483870967741936,805
90841305,810,80113,80003,80301,80572,80152,80343,80530,2540,2707,37,38,45,48,167,-2,-43.11377245508982,805
90841305,810,80113,80003,80301,80572,80152,80343,80530,2707,3622,38,51,48,63,915,-2,-7.868852459016393,805
