matchId,squadId,GS,GA,WA,C,WD,GD,GK,startingTime,finishTime,teamStartScore,teamEndScore,oppStartScore,oppEndScore,duration,plusMinus,plusMinusPer60,oppSquadId
100830602,804,80540,80293,994224,991901,994226,80577,994213,0,3643,0,59,0,51,3643,8,7.905572330496843,8118
100830602,8118,80150,80072,996140,80535,80701,80068,991899,0,2719,0,38,0,42,2719,-4,-5.296064729680029,804
100830602,8118,999823,80150,80072,80535,80701,80068,991899,2719,3643,38,51,42,59,924,-4,-15.584415584415584,804
