matchId,squadId,GS,GA,WA,C,WD,GD,GK,startingTime,finishTime,teamStartScore,teamEndScore,oppStartScore,oppEndScore,duration,plusMinus,plusMinusPer60
80050105,806,80064,80072,80075,80069,80163,80068,80066,0,1831,0,36,0,23,1831,13,25.5598033861278
80050105,806,80064,80067,80075,80069,80162,80068,80066,1831,3641,36,62,23,45,1810,4,7.955801104972376
80050105,802,80019,80158,80018,80017,80021,80038,80026,0,903,0,10,0,19,903,-9,-35.880398671096344
80050105,802,80019,80158,80018,80017,80125,80038,80026,903,957,10,11,19,20,54,0,0.0
80050105,802,80019,80158,80018,80017,80125,80038,80023,957,3545,11,45,20,59,2588,-5,-6.955177743431221
80050105,802,80019,80028,80018,80017,80125,80038,80023,3545,3641,45,45,59,62,96,-3,-112.5
