matchId,squadId,GS,GA,WA,C,WD,GD,GK,startingTime,finishTime,teamStartScore,teamEndScore,oppStartScore,oppEndScore,duration,plusMinus,plusMinusPer60,oppSquadId
80280605,801,80295,80067,80001,80014,80045,80068,80048,0,1792,0,27,0,21,1792,6,12.053571428571427,808
80280605,801,80295,80067,80439,80014,80045,80068,80048,1792,1829,27,28,21,22,37,0,0.0,808
80280605,801,80295,80067,80001,80014,80045,80068,80048,1829,2731,28,45,22,32,902,7,27.93791574279379,808
80280605,801,80295,80067,80001,80014,80045,80068,80440,2731,3637,45,58,32,48,906,-3,-11.920529801324504,808
80280605,808,80019,80156,80182,80021,80223,80061,80020,0,1829,0,22,0,28,1829,-6,-11.80973209404046,801
80280605,808,80019,80156,80424,80021,80223,80020,80478,1829,2731,22,32,28,45,902,-7,-27.93791574279379,801
80280605,808,80287,80156,80424,80021,80247,80020,80478,2731,3637,32,48,45,58,906,3,11.920529801324504,801
