matchId,squadId,GS,GA,WA,C,WD,GD,GK,startingTime,finishTime,teamStartScore,teamEndScore,oppStartScore,oppEndScore,duration,plusMinus,plusMinusPer60
113910703,807,80078,993463,1007220,80833,991905,1007219,1006231,0,1803,0,33,0,37,1803,-4,-7.9866888519134775
113910703,807,80078,993463,1004472,80833,991905,1007219,1006231,1803,2147,33,40,37,47,344,-3,-31.395348837209298
113910703,807,80078,1007306,1004472,80833,991905,1007219,1006231,2147,2924,40,55,47,63,777,-1,-4.633204633204634
113910703,807,80078,993463,1004472,80833,991905,1007219,1006231,2924,3161,55,60,63,69,237,-1,-15.189873417721518
113910703,807,80078,993463,1004472,80833,991905,1007219,1005495,3161,3606,60,69,69,79,445,-1,-8.089887640449438
113910703,810,80826,1007298,80473,998408,80534,1014130,80343,0,1227,0,22,0,27,1227,-5,-14.66992665036675
113910703,810,80826,994215,80473,998408,80534,1014130,80343,1227,3606,22,79,27,69,2379,15,22.69861286254729
