matchId,squadId,GS,GA,WA,C,WD,GD,GK,startingTime,finishTime,teamStartScore,teamEndScore,oppStartScore,oppEndScore,duration,plusMinus,plusMinusPer60,oppSquadId
103930401,8118,80150,80072,80069,80535,80701,80068,991899,0,928,0,12,0,15,928,-3,-11.637931034482758,807
103930401,8118,999823,80150,80069,80535,80701,80068,991899,928,1840,12,28,15,26,912,5,19.736842105263158,807
103930401,8118,999823,80150,80069,80535,80701,80068,993358,1840,3022,28,44,26,43,1182,-1,-3.0456852791878175,807
103930401,8118,999823,80150,80069,80535,80701,80068,991899,3022,3668,44,53,43,51,646,1,5.572755417956656,807
103930401,807,80078,993463,992954,1000831,991905,1006231,80080,0,1840,0,26,0,28,1840,-2,-3.9130434782608696,8118
103930401,807,80078,993463,992954,1007220,991905,1006231,80080,1840,1983,26,27,28,30,143,-1,-25.174825174825177,8118
103930401,807,80078,993463,1007220,1000831,991905,1006231,80080,1983,3668,27,51,30,53,1685,1,2.136498516320475,8118
