matchId,squadId,GS,GA,WA,C,WD,GD,GK,startingTime,finishTime,teamStartScore,teamEndScore,oppStartScore,oppEndScore,duration,plusMinus,plusMinusPer60
80120304,808,80093,80088,80094,80095,80096,80098,80057,0,1866,0,35,0,17,1866,18,34.72668810289389
80120304,808,80092,80088,80094,80095,80096,80098,80057,1866,2749,35,44,17,29,883,-3,-12.231030577576444
80120304,808,80092,80088,80094,80095,80096,80061,80057,2749,3662,44,56,29,44,913,-3,-11.829134720700985
80120304,803,80058,80168,80170,80154,80212,80099,80127,0,949,0,8,0,17,949,-9,-34.141201264488934
80120304,803,80058,80168,80170,80154,80024,80099,80127,949,1014,8,9,17,18,65,0,0.0
80120304,803,80168,80058,80170,80154,80024,80099,80127,1014,1832,9,17,18,34,818,-8,-35.2078239608802
80120304,803,80168,80058,80170,80154,80212,80099,80127,1832,3662,17,44,34,56,1830,5,9.836065573770492
