matchId,squadId,GS,GA,WA,C,WD,GD,GK,startingTime,finishTime,teamStartScore,teamEndScore,oppStartScore,oppEndScore,duration,plusMinus,plusMinusPer60,oppSquadId
80051205,807,80078,80155,80085,80081,80076,80083,80080,0,3665,0,52,0,50,3665,2,1.9645293315143246,808
80051205,808,80088,80156,80141,80094,80095,80099,80090,0,1819,0,25,0,26,1819,-1,-1.9791094007696537,807
80051205,808,80156,80088,80141,80094,80095,80099,80090,1819,2759,25,36,26,40,940,-3,-11.48936170212766,807
80051205,808,80088,80156,80141,80094,80096,80099,80098,2759,3665,36,50,40,52,906,2,7.9470198675496695,807
