matchId,squadId,GS,GA,WA,C,WD,GD,GK,startingTime,finishTime,teamStartScore,teamEndScore,oppStartScore,oppEndScore,duration,plusMinus,plusMinusPer60
95631304,804,80570,80293,994224,991901,994226,80042,80010,0,1823,0,24,0,30,1823,-6,-11.848601206801975
95631304,804,80570,80293,994224,991901,994226,80577,80010,1823,3599,24,48,30,51,1776,3,6.081081081081081
95631304,804,80570,80293,994224,80575,994226,80577,80010,3599,3648,48,48,51,52,49,-1,-73.46938775510205
95631304,806,80052,80072,80069,80574,80146,80049,80048,0,2735,0,39,0,38,2735,1,1.3162705667276051
95631304,806,80052,80072,80069,80574,991904,80049,80048,2735,3648,39,52,38,48,913,3,11.829134720700985
