matchId,squadId,GS,GA,WA,C,WD,GD,GK,startingTime,finishTime,teamStartScore,teamEndScore,oppStartScore,oppEndScore,duration,plusMinus,plusMinusPer60
107241103,8118,80113,80150,80069,80701,1001356,993358,991899,0.0,1807.0,0,28,0,29,1807.0,-1,-1.992252351964582
107241103,8118,80113,80150,1001708,80701,1001356,993358,991899,1807.0,3613.0,28,63,29,57,1806.0,7,13.953488372093023
107241103,807,80078,993463,1007220,80552,991905,1007219,991903,0.0,291.0,0,7,0,3,291.0,4,49.48453608247423
107241103,807,80078,1004465,1007220,80552,991905,1007219,991903,291.0,903.0,7,15,3,13,612.0,-2,-11.764705882352942
107241103,807,80078,993463,1007220,80552,991905,1007219,991903,903.0,1807.0,15,29,13,28,904.0,-1,-3.982300884955752
107241103,807,80078,993463,992954,80552,991905,1007219,991903,1807.0,2057.0,29,31,28,34,250.0,-4,-57.599999999999994
107241103,807,80078,993463,1007220,1015274,991905,1007219,991903,2057.0,3613.0,31,57,34,63,1556.0,-3,-6.940874035989717
