matchId,squadId,GS,GA,WA,C,WD,GD,GK,startingTime,finishTime,teamStartScore,teamEndScore,oppStartScore,oppEndScore,duration,plusMinus,plusMinusPer60,oppSquadId
103930104,806,1001944,999128,80574,80439,991904,1003784,998404,0,1391,0,19,0,23,1391,-4,-10.352264557872035,807
103930104,806,1001944,999128,80439,80574,991904,1003784,998404,1391,1834,19,23,23,29,443,-2,-16.252821670428894,807
103930104,806,1001711,999128,1001702,80574,991904,1001701,998404,1834,3650,23,54,29,53,1816,7,13.876651982378855,807
103930104,807,80078,993463,992954,1000831,991905,1006231,80080,0,2451,0,38,0,33,2451,5,7.343941248470012,806
103930104,807,80078,993463,992954,1000831,991905,1007219,80080,2451,2747,38,42,33,37,296,0,0.0,806
103930104,807,80078,993463,992954,1000831,991905,1006231,80080,2747,3650,42,53,37,54,903,-6,-23.920265780730897,806
