matchId,squadId,GS,GA,WA,C,WD,GD,GK,startingTime,finishTime,teamStartScore,teamEndScore,oppStartScore,oppEndScore,duration,plusMinus,plusMinusPer60,oppSquadId
127150604,804,1001711,1001708,1022297,991901,1001701,80577,1005495,0,1582,0,19,0,27,1582,-8,-18.20480404551201,8117
127150604,804,1001711,1001708,1034300,1022297,991901,1001701,80577,1582,1800,19,23,27,31,218,0,0.0,8117
127150604,804,1001711,1034295,1034300,1022297,991901,1001701,80577,1800,2994,23,42,31,51,1194,-1,-3.0150753768844223,8117
127150604,804,1001711,1034295,1034300,1022297,991901,80577,1005495,2994,3273,42,46,51,55,279,0,0.0,8117
127150604,804,1001708,1034295,1034300,1022297,991901,80577,1005495,3273,3600,46,50,55,62,327,-3,-33.027522935779814,8117
127150604,8117,1022298,80475,994224,1029514,1000831,1006231,80343,0,1247,0,19,0,17,1247,2,5.773857257417802,804
127150604,8117,1022298,80475,994224,1029514,1000831,1006231,1025020,1247,1582,19,27,17,19,335,6,64.47761194029852,804
127150604,8117,1022298,80475,994224,1029514,1000831,1006231,80343,1582,3600,27,62,19,50,2018,4,7.13577799801784,804
