matchId,squadId,oppSquadId,period,badHands,badPasses,blocked,blocks,breaks,centrePassReceives,contactPenalties,defensiveRebounds,deflections,disposals,feeds,gain,goalAssists,goalAttempts,goalMisses,goals,goalsFromCentrePass,goalsFromGain,goalsFromTurnovers,intercepts,obstructionPenalties,offensiveRebounds,offsides,passes,penalties,pickups,possessions,rebounds,timeInPossession,tossUpWin,turnovers,pacePer60,offensiveRating,defensiveRating,netRating
102930102,813,833,1,1,1,0,0,2,16,8,0,4,42,23,2,4,19,1,18,14,1,3,1,8,1,0,23,16,2,24,1,47,0,6,95.15418502202644,75.0,69.56521739130434,5.434782608695656
102930102,813,833,2,2,0,0,0,0,13,12,0,3,29,10,2,6,14,1,13,7,2,4,2,2,1,0,10,14,0,21,1,44,0,8,82.62295081967213,61.904761904761905,60.86956521739131,1.0351966873705933
102930102,813,833,3,2,0,0,0,0,16,8,3,0,56,32,6,13,21,1,20,14,3,3,3,3,0,0,32,11,2,26,3,54,0,5,103.19735391400219,76.92307692307693,50.0,26.923076923076934
102930102,813,833,4,1,1,0,0,0,11,9,3,2,40,22,6,5,16,4,12,9,3,0,3,6,1,0,22,15,1,22,4,48,0,7,86.08695652173913,54.54545454545454,51.85185185185185,2.693602693602692
102930102,833,813,1,1,0,0,0,0,17,15,0,0,45,25,0,12,17,1,16,14,0,2,0,6,0,0,25,21,1,23,0,53,0,6,91.18942731277534,69.56521739130434,75.0,-5.434782608695656
102930102,833,813,2,2,1,0,0,0,12,11,0,1,45,24,3,12,17,3,14,9,2,3,3,2,1,0,24,13,1,23,1,56,0,7,90.49180327868852,60.86956521739131,61.904761904761905,-1.0351966873705933
102930102,833,813,3,0,2,0,0,0,14,6,1,3,41,24,3,8,16,4,12,10,1,1,2,7,0,0,24,13,1,24,1,46,0,8,95.25909592061741,50.0,76.92307692307693,-26.923076923076934
102930102,833,813,4,0,1,0,0,0,14,14,3,3,54,31,5,8,19,5,14,12,1,1,1,5,0,0,31,19,1,27,3,52,0,8,105.65217391304348,51.85185185185185,54.54545454545454,-2.693602693602692
