matchId,squadId,GS,GA,WA,C,WD,GD,GK,startingTime,finishTime,teamStartScore,teamEndScore,oppStartScore,oppEndScore,duration,plusMinus,plusMinusPer60,oppSquadId
90841401,808,80826,80019,80424,80021,80095,80582,80478,0,3687,0,65,0,64,3687,1,0.9764035801464604,804
90841401,804,80293,80064,80041,994224,991901,80042,80010,0,1852,0,28,0,29,1852,-1,-1.9438444924406046,808
90841401,804,80064,80064,80041,994224,991901,80042,80010,1852,2326,28,35,29,42,474,-6,-45.56962025316456,808
90841401,804,80293,80064,80041,994224,991901,80042,80010,2326,3687,35,64,42,65,1361,6,15.870683321087437,808
