matchId,squadId,GS,GA,WA,C,WD,GD,GK,startingTime,finishTime,teamStartScore,teamEndScore,oppStartScore,oppEndScore,duration,plusMinus,plusMinusPer60,oppSquadId
124390301,801,80078,1029533,1015271,1020223,1019205,1007301,80830,0.0,650.0,0,8,0,13,650.0,-5,-27.692307692307693,804
124390301,801,80078,1029533,1015271,999806,1019205,1007301,80830,650.0,700.0,8,10,13,13,50.0,2,144.0,804
124390301,801,80078,1029533,1015271,999806,1020223,1007301,80830,700.0,745.0,10,10,13,14,45.0,-1,-80.0,804
124390301,801,80078,1029533,1015271,999806,1020223,1019205,80830,745.0,2552.0,10,40,14,38,1807.0,6,11.953514111787491,804
124390301,801,80078,1029533,80296,999806,1020223,1019205,80830,2552.0,2575.0,40,40,38,39,23.0,-1,-156.52173913043478,804
124390301,801,80078,1015271,80296,999806,1020223,1019205,80830,2575.0,3600.0,40,59,39,57,1025.0,1,3.51219512195122,804
124390301,804,1001711,1001708,1022297,991901,1001701,80577,1005495,0.0,1600.0,0,24,0,25,1600.0,-1,-2.25,801
124390301,804,1001711,1001708,1022297,991901,1001701,80577,994213,1600.0,3141.0,24,46,25,52,1541.0,-5,-11.680726800778716,801
124390301,804,1001711,1001708,1022297,991901,1001701,80577,1005495,3141.0,3600.0,46,57,52,59,459.0,4,31.372549019607842,801
