matchId,squadId,GS,GA,WA,C,WD,GD,GK,startingTime,finishTime,teamStartScore,teamEndScore,oppStartScore,oppEndScore,duration,plusMinus,plusMinusPer60
80050603,805,80054,80147,80107,80063,80164,80062,80059,0,909,0,16,0,17,909,-1,-3.9603960396039604
80050603,805,80054,80147,80107,80063,80097,80062,80059,909,1821,16,26,17,33,912,-6,-23.68421052631579
80050603,805,80054,80147,80107,80063,80097,80164,80059,1821,2731,26,41,33,44,910,4,15.824175824175825
80050603,805,80054,80147,80107,80063,80164,80062,80059,2731,3639,41,52,44,61,908,-6,-23.78854625550661
80050603,808,80093,80156,80141,80094,80095,80061,80099,0,1821,0,33,0,26,1821,7,13.838550247116968
80050603,808,80093,80156,80141,80094,80096,80061,80090,1821,2731,33,44,26,41,910,-4,-15.824175824175825
80050603,808,80093,80156,80141,80094,80096,80061,80099,2731,3639,44,61,41,52,908,6,23.78854625550661
