matchId,squadId,GS,GA,WA,C,WD,GD,GK,startingTime,finishTime,teamStartScore,teamEndScore,oppStartScore,oppEndScore,duration,plusMinus,plusMinusPer60,oppSquadId
107240201,807,80078,993463,992954,1000831,991905,1007219,1006231,0.0,865.0,0,15,0,13,865.0,2,8.323699421965319,8119
107240201,807,80078,993463,1007220,1000831,991905,1006231,1007219,865.0,1780.0,15,32,13,24,915.0,6,23.606557377049178,8119
107240201,807,80078,993463,1007220,1000831,991905,1007219,1006231,1780.0,2071.0,32,33,24,31,291.0,-6,-74.22680412371135,8119
107240201,807,80078,993463,992954,1000831,991905,1007219,1006231,2071.0,2693.0,33,43,31,42,622.0,-1,-5.787781350482315,8119
107240201,807,80078,993463,992954,1000831,991905,1006231,1007219,2693.0,3184.0,43,50,42,51,491.0,-2,-14.663951120162933,8119
107240201,807,80078,993463,992954,1000831,991905,1007219,1006231,3184.0,3605.0,50,57,51,57,421.0,1,8.551068883610451,8119
107240201,8119,1010545,80009,80575,80833,80299,80470,80010,0.0,215.0,0,4,0,3,215.0,1,16.744186046511626,807
107240201,8119,1010545,1014126,80575,80833,80299,80470,80010,215.0,1075.0,4,17,3,18,860.0,-2,-8.372093023255813,807
107240201,8119,1010545,80009,80575,80833,80299,80470,80010,1075.0,3605.0,17,57,18,57,2530.0,1,1.4229249011857708,807
