matchId,squadId,GS,GA,WA,C,WD,GD,GK,startingTime,finishTime,teamStartScore,teamEndScore,oppStartScore,oppEndScore,duration,plusMinus,plusMinusPer60,oppSquadId
95640104,805,80054,80100,80154,80105,80535,80304,80604,0,2358,0,37,0,35,2358,2,3.053435114503817,809
95640104,805,80054,80100,80154,80105,80535,80304,80305,2358,3540,37,52,35,55,1182,-5,-15.228426395939088,809
95640104,805,80054,80100,80154,80105,80535,80304,80604,3540,3669,52,54,55,57,129,0,0.0,809
95640104,809,80150,991906,80055,994117,80701,80101,80057,0,3669,0,57,0,54,3669,3,2.9435813573180702,805
