matchId,squadId,period,badHands,badPasses,blocked,blocks,breaks,centrePassReceives,contactPenalties,defensiveRebounds,deflections,feeds,gain,goalAssists,goalAttempts,goalMisses,goals,intercepts,missedGoalTurnover,obstructionPenalties,offensiveRebounds,offsides,penalties,pickups,rebounds,tossUpWin,turnovers,possessions,pacePer60,offensiveRating,defensiveRating,netRating
80281203,805,1,0,2,0,0,0,13,14,0,3,9,2,5,12,1,11,0,0,6,0,0,20,3,0,0,3,15,59.34065934065934,73.33333333333333,83.33333333333334,-10.000000000000014
80281203,805,2,0,1,1,0,0,11,15,0,2,13,2,8,18,7,11,2,0,2,0,0,17,1,0,0,3,21,82.08469055374593,52.38095238095239,75.0,-22.619047619047613
80281203,805,3,0,1,0,0,1,12,18,0,5,16,1,11,15,2,13,0,0,4,1,0,23,2,1,0,3,17,67.25274725274726,76.47058823529412,77.77777777777779,-1.3071895424836697
80281203,805,4,1,3,0,0,0,9,17,3,6,11,6,7,12,1,11,1,0,8,1,1,27,5,4,0,6,17,66.23376623376623,64.70588235294117,50.0,14.705882352941174
80281203,809,1,0,0,0,0,0,11,7,0,2,11,2,6,16,1,15,1,0,3,1,2,10,1,1,0,3,18,71.20879120879121,83.33333333333334,73.33333333333333,10.000000000000014
80281203,809,2,0,1,0,1,0,11,16,2,2,10,2,6,15,3,12,0,0,0,3,1,17,3,5,0,4,16,62.54071661237785,75.0,52.38095238095239,22.619047619047613
80281203,809,3,0,0,0,0,0,10,10,0,2,10,1,5,17,3,14,0,0,2,0,1,13,4,0,0,1,18,71.20879120879121,77.77777777777779,76.47058823529412,1.3071895424836697
80281203,809,4,0,1,0,0,0,9,10,0,4,9,2,4,12,5,7,1,0,5,1,0,17,5,1,0,3,14,54.54545454545455,50.0,64.70588235294117,-14.705882352941174
