matchId,squadId,GS,GA,WA,C,WD,GD,GK,startingTime,finishTime,teamStartScore,teamEndScore,oppStartScore,oppEndScore,duration,plusMinus,plusMinusPer60,oppSquadId
80281203,805,80054,80100,80063,80146,80023,80304,80192,0,1387,0,17,0,22,1387,-5,-12.977649603460705,809
80281203,805,80054,80100,80063,80146,80304,80192,80428,1387,1831,17,22,22,27,444,0,0.0,809
80281203,805,80054,80100,80055,80063,80304,80192,80428,1831,3665,22,46,27,48,1834,3,5.88876772082879,809
80281203,809,80111,80092,80572,80105,80175,80101,80057,0,3665,0,48,0,46,3665,2,1.9645293315143246,805
