matchId,squadId,period,badHands,badPasses,blocked,blocks,breaks,centrePassReceives,contactPenalties,defensiveRebounds,deflections,feeds,gain,goalAssists,goalAttempts,goalMisses,goals,intercepts,missedGoalTurnover,obstructionPenalties,offensiveRebounds,offsides,penalties,pickups,rebounds,tossUpWin,turnovers,possessions,pacePer60,offensiveRating,defensiveRating,netRating
80350304,803,1,2,3,0,0,0,12,8,0,1,12,0,8,13,0,13,0,0,3,0,0,11,2,0,0,5,18,71.36563876651982,72.22222222222221,47.61904761904761,24.6031746031746
80350304,803,2,1,1,0,0,0,10,15,2,4,7,5,4,13,2,11,1,0,3,0,1,18,3,2,0,5,18,68.13880126182966,61.111111111111114,70.58823529411765,-9.477124183006538
80350304,803,3,0,0,0,0,1,16,9,0,2,20,2,10,18,1,17,1,0,1,0,1,10,5,0,0,1,19,74.91785323110625,89.47368421052632,83.33333333333334,6.140350877192972
80350304,803,4,1,3,0,0,0,10,8,0,3,8,2,4,15,1,14,2,0,7,1,2,17,1,1,0,5,19,73.94594594594595,73.68421052631578,70.58823529411765,3.0959752321981284
80350304,806,1,1,1,0,0,0,11,9,0,2,9,6,5,13,3,10,4,0,5,1,2,14,1,1,0,9,21,83.25991189427313,47.61904761904761,72.22222222222221,-24.6031746031746
80350304,806,2,0,0,0,0,0,11,13,1,5,13,3,7,14,2,12,0,0,5,0,1,19,4,1,0,3,17,64.35331230283911,70.58823529411765,61.111111111111114,9.477124183006538
80350304,806,3,2,0,0,0,0,13,9,0,6,18,3,12,15,0,15,1,0,3,0,1,12,3,0,0,3,18,70.97480832420591,83.33333333333334,89.47368421052632,-6.140350877192972
80350304,806,4,2,0,0,0,1,13,15,0,4,10,0,5,14,2,12,0,0,5,1,1,20,3,1,0,4,17,66.16216216216216,70.58823529411765,73.68421052631578,-3.0959752321981284
