matchId,squadId,GS,GA,WA,C,WD,GD,GK,startingTime,finishTime,teamStartScore,teamEndScore,oppStartScore,oppEndScore,duration,plusMinus,plusMinusPer60,oppSquadId
120450902,810,80826,1000231,994215,80473,1014130,1007219,80343,0,1354,0,22,0,26,1354,-4,-10.635155096011816,806
120450902,810,80826,1000231,994215,80473,1022296,1014130,80343,1354,1800,22,30,26,32,446,2,16.143497757847534,806
120450902,810,80826,80009,994215,80473,1022296,1014130,80343,1800,3600,30,64,32,65,1800,1,2.0,806
120450902,806,80078,999128,80574,80439,1003784,998404,1007299,0,2113,0,34,0,38,2113,-4,-6.814955040227165,810
120450902,806,80078,999128,80574,80439,1003784,998404,1019170,2113,2234,34,35,38,40,121,-1,-29.75206611570248,810
120450902,806,80078,999128,80574,1009742,1003784,998404,1019170,2234,2700,35,48,40,49,466,4,30.901287553648068,810
120450902,806,80078,999128,80574,80439,1003784,1019170,998404,2700,3126,48,53,49,58,426,-4,-33.802816901408455,810
120450902,806,80078,999128,80574,80439,1009742,1019170,998404,3126,3167,53,54,58,59,41,0,0.0,810
120450902,806,80078,999128,80574,80439,1009742,1003784,998404,3167,3600,54,65,59,64,433,6,49.88452655889145,810
