matchId,squadId,GS,GA,WA,C,WD,GD,GK,startingTime,finishTime,teamStartScore,teamEndScore,oppStartScore,oppEndScore,duration,plusMinus,plusMinusPer60,oppSquadId
120451101,8117,1001357,80475,1022293,80296,1000831,80559,1001920,0,900,0,17,0,19,900,-2,-8.0,8119
120451101,8117,1001357,80475,1022293,1028098,1000831,80559,1001920,900,1247,17,23,19,27,347,-2,-20.7492795389049,8119
120451101,8117,1001357,80475,1022293,1028098,1000831,80559,1025020,1247,1377,23,25,27,30,130,-1,-27.692307692307693,8119
120451101,8117,80475,1001357,1022293,1028098,1000831,80559,1025020,1377,1800,25,32,30,39,423,-2,-17.02127659574468,8119
120451101,8117,1001357,80475,80296,1000831,1028098,80559,1025020,1800,3600,32,66,39,62,1800,11,22.0,8119
120451101,8119,1010545,1001711,80575,1004473,80299,1011747,80010,0,2282,0,43,0,44,2282,-1,-1.577563540753725,8117
120451101,8119,1010545,1013431,80575,1004473,80299,1011747,80010,2282,2946,43,52,44,54,664,-1,-5.421686746987952,8117
120451101,8119,1010545,1001711,80575,1004473,80299,1011747,80010,2946,3600,52,62,54,66,654,-2,-11.009174311926605,8117
