matchId,squadId,GS,GA,WA,C,WD,GD,GK,startingTime,finishTime,teamStartScore,teamEndScore,oppStartScore,oppEndScore,duration,plusMinus,plusMinusPer60,oppSquadId
80180805,802,80028,80156,80018,80021,80023,80292,80446,0.0,460.0,0,8,0,8,460.0,0,0.0,801
80180805,802,80028,80156,80018,80021,80023,80292,80314,460.0,912.0,8,14,8,17,452.0,-3,-23.893805309734514,801
80180805,802,80028,80156,80018,80021,80164,80292,80446,912.0,1819.0,14,26,17,35,907.0,-6,-23.814773980154353,801
80180805,802,80028,80156,80018,80021,80164,80314,80023,1819.0,2734.0,26,41,35,50,915.0,0,0.0,801
80180805,802,80028,80156,80018,80021,80164,80292,80023,2734.0,3650.0,41,56,50,59,916.0,6,23.580786026200872,801
80180805,801,80295,80067,80001,80014,80173,80048,80440,0.0,3650.0,0,59,0,56,3650.0,3,2.958904109589041,802
