matchId,squadId,GS,GA,WA,C,WD,GD,GK,startingTime,finishTime,teamStartScore,teamEndScore,oppStartScore,oppEndScore,duration,plusMinus,plusMinusPer60
95630904,805,80058,80100,80154,80105,80535,80304,80305,0,908,0,9,0,17,908,-8,-31.718061674008812
95630904,805,80054,80100,80154,80105,80535,80304,80305,908,2661,9,32,17,39,1753,1,2.053622361665716
95630904,805,80054,80100,80154,80700,80105,80304,80604,2661,3313,32,42,39,49,652,0,0.0
95630904,805,80054,80100,80154,80700,80105,80479,80604,3313,3668,42,47,49,53,355,1,10.140845070422534
95630904,807,80078,993463,992954,80833,991905,80076,80080,0,1827,0,25,0,20,1827,5,9.852216748768473
95630904,807,80078,993463,992954,80833,80076,80068,80080,1827,3668,25,53,20,47,1841,1,1.955458989679522
