matchId,squadId,oppSquadId,period,badHands,badPasses,blocked,blocks,breaks,centrePassReceives,contactPenalties,defensiveRebounds,deflections,feeds,gain,goalAssists,goalAttempts,goalMisses,goals,intercepts,missedGoalTurnover,obstructionPenalties,offensiveRebounds,offsides,penalties,pickups,rebounds,tossUpWin,turnovers,possessions,pacePer60,offensiveRating,defensiveRating,netRating
80181101,806,808,1,0,2,0,0,0,8,9,1,2,10,3,7,13,2,11,2,0,6,0,0,15,1,1,0,4,17,66.88524590163934,64.70588235294117,57.89473684210527,6.811145510835907
80181101,806,808,2,1,0,0,0,0,10,13,3,2,11,3,6,14,4,10,0,0,5,1,0,18,0,4,0,1,14,55.81395348837209,71.42857142857143,64.70588235294117,6.722689075630257
80181101,806,808,3,3,0,0,0,0,8,14,1,5,7,2,6,10,1,9,1,0,0,1,0,14,1,2,0,4,13,51.65562913907285,69.23076923076923,57.89473684210527,11.33603238866396
80181101,806,808,4,2,0,0,2,0,8,20,0,3,18,3,8,15,5,10,2,0,3,0,0,23,1,0,0,3,18,70.74235807860262,55.55555555555556,40.0,15.555555555555557
80181101,808,806,1,1,1,0,0,0,12,6,1,5,15,4,6,19,8,11,1,0,3,2,0,9,2,3,0,2,19,74.75409836065573,57.89473684210527,64.70588235294117,-6.811145510835907
80181101,808,806,2,2,0,0,0,0,10,7,0,6,11,3,6,14,3,11,2,0,1,0,0,8,1,0,0,3,17,67.77408637873754,64.70588235294117,71.42857142857143,-6.722689075630257
80181101,808,806,3,4,0,0,0,0,11,8,0,5,11,6,8,14,3,11,4,0,2,0,0,10,5,0,0,5,19,75.49668874172185,57.89473684210527,69.23076923076923,-11.33603238866396
80181101,808,806,4,0,0,2,0,1,5,10,5,5,5,5,3,11,5,6,0,0,1,1,1,11,3,6,0,5,15,58.95196506550218,40.0,55.55555555555556,-15.555555555555557
