matchId,squadId,GS,GA,WA,C,WD,GD,GK,startingTime,finishTime,teamStartScore,teamEndScore,oppStartScore,oppEndScore,duration,plusMinus,plusMinusPer60,oppSquadId
120450104,807,1021253,1021092,1004472,80833,991905,1016035,1029513,0,1555,0,26,0,23,1555,3,6.945337620578778,801
120450104,807,1021253,1021092,1015274,80833,991905,1016035,1029513,1555,2334,26,34,23,35,779,-4,-18.48523748395379,801
120450104,807,1021253,1029501,1015274,80833,991905,1016035,1029513,2334,3037,34,38,35,47,703,-8,-40.96728307254623,801
120450104,807,1021253,1021092,1015274,80833,991905,1016035,1029513,3037,3600,38,44,47,59,563,-6,-38.36589698046181,801
120450104,801,1022294,1006558,1015271,1016033,999806,1019205,80830,0,900,0,15,0,17,900,-2,-8.0,807
120450104,801,1022294,1006558,1015271,1020223,999806,1019205,80830,900,1074,15,15,17,22,174,-5,-103.44827586206897,807
120450104,801,1006558,1007306,1015271,1020223,1019205,1007301,80830,1074,3600,15,59,22,44,2526,22,31.353919239904986,807
