matchId,squadId,GS,GA,WA,C,WD,GD,GK,startingTime,finishTime,teamStartScore,teamEndScore,oppStartScore,oppEndScore,duration,plusMinus,plusMinusPer60
80350604,808,80826,80019,80182,80021,80095,80059,80305,0,1831,0,34,0,25,1831,9,17.69524849808848
80350604,808,80826,80019,80424,80021,80095,80059,80305,1831,3312,34,60,25,47,1481,4,9.723160027008777
80350604,808,80826,80287,80182,80424,80095,80478,80305,3312,3663,60,67,47,52,351,2,20.512820512820515
80350604,805,80054,80100,80581,80055,80304,80049,80428,0,1196,0,16,0,25,1196,-9,-27.09030100334448
80350604,805,80054,80100,80055,80304,80223,80049,80428,1196,2735,16,39,25,49,1539,-1,-2.339181286549708
80350604,805,80198,80100,80055,80304,80223,80049,80428,2735,3663,39,52,49,67,928,-5,-19.396551724137932
