matchId,squadId,period,badHands,badPasses,blocked,blocks,breaks,centrePassReceives,contactPenalties,defensiveRebounds,deflections,feeds,gain,goalAssists,goalAttempts,goalMisses,goals,intercepts,missedGoalTurnover,obstructionPenalties,offensiveRebounds,offsides,penalties,pickups,rebounds,tossUpWin,turnovers,possessions,pacePer60,offensiveRating,defensiveRating,netRating
90840501,801,1,0,2,0,0,0,12,21,2,0,13,3,8,14,1,13,1,0,8,0,1,29,2,2,0,6,20,79.38257993384784,65.0,69.23076923076923,-4.230769230769226
90840501,801,2,0,2,0,0,0,16,8,0,1,20,1,11,20,3,17,1,0,2,2,0,10,0,2,0,4,22,86.46288209606986,77.27272727272727,70.83333333333334,6.4393939393939235
90840501,801,3,0,4,0,0,0,14,10,0,3,26,6,10,20,3,17,6,0,8,2,1,18,2,2,0,5,23,90.98901098901099,73.91304347826086,76.47058823529412,-2.5575447570332557
90840501,801,4,0,2,0,0,1,11,12,0,3,16,3,7,14,2,12,3,0,2,1,1,14,0,1,0,4,17,65.73576799140709,70.58823529411765,68.42105263157895,2.167182662538707
90840501,808,1,1,3,0,0,0,14,10,0,1,22,2,12,21,3,18,2,0,3,1,0,13,1,1,0,6,26,103.19735391400219,69.23076923076923,65.0,4.230769230769226
90840501,808,2,0,1,0,0,0,15,13,0,3,21,3,14,20,3,17,3,0,3,2,1,16,3,2,0,6,24,94.32314410480349,70.83333333333334,77.27272727272727,-6.4393939393939235
90840501,808,3,0,3,0,0,0,16,11,0,1,20,1,8,15,2,13,0,0,5,1,0,16,4,1,0,3,17,67.25274725274726,76.47058823529412,73.91304347826086,2.5575447570332557
90840501,808,4,1,1,0,0,0,12,14,0,6,23,4,10,16,3,13,1,0,3,2,0,17,3,2,0,5,19,73.46938775510203,68.42105263157895,70.58823529411765,-2.167182662538707
