matchId,squadId,GS,GA,WA,C,WD,GD,GK,startingTime,finishTime,teamStartScore,teamEndScore,oppStartScore,oppEndScore,duration,plusMinus,plusMinusPer60,oppSquadId
80181203,808,80093,80058,80094,80043,80095,80098,80057,0.0,3051.0,0,29,0,38,3051.0,-9,-10.619469026548673,805
80181203,808,80287,80058,80094,80043,80095,80098,80057,3051.0,3530.0,29,35,38,45,479.0,-1,-7.515657620041754,805
80181203,808,80287,80058,80094,80043,80095,80061,80057,3530.0,3644.0,35,35,45,47,114.0,-2,-63.15789473684211,805
80181203,805,80054,80100,80088,80063,80109,80304,80192,0.0,1817.0,0,22,0,16,1817.0,6,11.887727022564667,808
80181203,805,80054,80100,80088,80063,80109,80192,80059,1817.0,2728.0,22,33,16,28,911.0,-1,-3.951701427003293,808
80181203,805,80054,80100,80088,80063,80109,80304,80192,2728.0,3644.0,33,47,28,35,916.0,7,27.510917030567683,808
