matchId,squadId,GS,GA,WA,C,WD,GD,GK,startingTime,finishTime,teamStartScore,teamEndScore,oppStartScore,oppEndScore,duration,plusMinus,plusMinusPer60,oppSquadId
90840505,806,993463,80072,80178,80069,991904,80470,80048,0.0,617.0,0,10,0,9,617.0,1,5.834683954619125,803
90840505,806,993463,80072,80178,80069,991904,80470,80048,617.0,3093.0,10,55,9,39,2476.0,15,21.809369951534734,803
90840505,806,993463,80072,80178,80069,991904,80470,80048,3093.0,3631.0,55,63,39,45,538.0,2,13.382899628252789,803
90840505,803,80111,80156,80403,80154,80099,80098,80127,0.0,1816.0,0,27,0,33,1816.0,-6,-11.894273127753305,806
90840505,803,80111,80156,80403,80109,80175,80099,80127,1816.0,2728.0,27,36,33,50,912.0,-8,-31.578947368421055,806
90840505,803,80111,80156,80403,80109,80099,80098,80127,2728.0,3093.0,36,39,50,55,365.0,-2,-19.726027397260275,806
90840505,803,80111,80156,80403,80154,80099,80098,80127,3093.0,3631.0,39,45,55,63,538.0,-2,-13.382899628252789,806
