matchId,squadId,GS,GA,WA,C,WD,GD,GK,startingTime,finishTime,teamStartScore,teamEndScore,oppStartScore,oppEndScore,duration,plusMinus,plusMinusPer60,oppSquadId
80051102,801,80168,80009,80001,80014,80006,80012,80010,0,1812,0,33,0,15,1812,18,35.76158940397351,810
80051102,801,80168,80003,80139,80014,80006,80012,80010,1812,2721,33,45,15,28,909,-1,-3.9603960396039604,810
80051102,801,80168,80009,80139,80014,80006,80012,80010,2721,3625,45,58,28,39,904,2,7.964601769911504,810
80051102,810,80113,80130,80041,80152,80132,80044,80131,0,906,0,11,0,18,906,-7,-27.814569536423843,801
80051102,810,80113,80130,80041,80152,80132,80044,80133,906,1217,11,11,18,23,311,-5,-57.87781350482315,801
80051102,810,80113,80130,80122,80041,80132,80044,80133,1217,1454,11,13,23,27,237,-2,-30.379746835443036,801
80051102,810,80113,80135,80122,80041,80132,80044,80133,1454,1490,13,14,27,27,36,1,100.0,801
80051102,810,80130,80135,80122,80041,80132,80044,80133,1490,1812,14,15,27,33,322,-5,-55.900621118012424,801
80051102,810,80113,80135,80122,80041,80132,80044,80131,1812,3625,15,39,33,58,1813,-1,-1.9856591285162715,801
