matchId,squadId,GS,GA,WA,C,WD,GD,GK,startingTime,finishTime,teamStartScore,teamEndScore,oppStartScore,oppEndScore,duration,plusMinus,plusMinusPer60,oppSquadId
95640102,809,80150,991906,80055,994117,80701,80057,993358,0,1833,0,30,0,28,1833,2,3.927986906710311,808
95640102,809,80150,991906,80055,994117,80701,80101,80057,1833,2752,30,40,28,46,919,-8,-31.338411316648532,808
95640102,809,80150,80022,80055,994117,80602,80101,80057,2752,4554,40,71,46,69,1802,8,15.982241953385127,808
95640102,808,80826,80287,80477,80424,80095,80582,80478,0,1833,0,28,0,30,1833,-2,-3.927986906710311,809
95640102,808,80826,80287,80477,80424,80095,80582,80225,1833,3391,28,53,30,52,1558,3,6.931964056482671,809
95640102,808,80826,80469,80477,80424,80095,80582,80225,3391,4554,53,69,52,71,1163,-3,-9.286328460877042,809
