matchId,squadId,GS,GA,WA,C,WD,GD,GK,startingTime,finishTime,teamStartScore,teamEndScore,oppStartScore,oppEndScore,duration,plusMinus,plusMinusPer60,oppSquadId
80130101,806,80064,80072,80182,80069,80163,80068,80038,0,1820,0,18,0,31,1820,-13,-25.714285714285715,801
80130101,806,80064,80072,80069,80299,80163,80068,80038,1820,2130,18,20,31,35,310,-2,-23.2258064516129,801
80130101,806,80157,80072,80069,80299,80163,80068,80038,2130,3641,20,38,35,52,1511,1,2.382528127068167,801
80130101,801,80295,80067,80001,80014,80048,80006,80010,0,3265,0,49,0,33,3265,16,17.641653905053598,806
80130101,801,80003,80165,80001,80014,80048,80006,80010,3265,3271,49,49,33,33,6,0,0.0,806
80130101,801,80003,80165,80001,80015,80048,80006,80010,3271,3294,49,49,33,33,23,0,0.0,806
80130101,801,80003,80165,80001,80015,80002,80006,80010,3294,3442,49,50,33,34,148,0,0.0,806
80130101,801,80003,80165,80001,80015,80002,80048,80010,3442,3641,50,52,34,38,199,-2,-36.18090452261306,806
