matchId,squadId,GS,GA,WA,C,WD,GD,GK,startingTime,finishTime,teamStartScore,teamEndScore,oppStartScore,oppEndScore,duration,plusMinus,plusMinusPer60
80180704,808,80093,80058,80094,80043,80095,80098,80057,0,3210,0,46,0,42,3210,4,4.485981308411215
80180704,808,80093,80058,80094,80043,80061,80098,80057,3210,3633,46,52,42,48,423,0,0.0
80180704,801,80295,80067,80001,80014,80173,80294,80048,0,1819,0,21,0,29,1819,-8,-15.83287520615723
80180704,801,80295,80067,80001,80014,80173,80002,80048,1819,2728,21,33,29,43,909,-2,-7.920792079207921
80180704,801,80295,80067,80001,80014,80173,80048,80440,2728,3633,33,48,43,52,905,6,23.867403314917127
