matchId,squadId,GS,GA,WA,C,WD,GD,GK,startingTime,finishTime,teamStartScore,teamEndScore,oppStartScore,oppEndScore,duration,plusMinus,plusMinusPer60,oppSquadId
80051004,809,80111,80100,80029,80105,80109,80101,80057,0,3665,0,55,0,48,3665,7,6.875852660300136,804
80051004,804,80052,80050,80171,80043,80045,80049,80042,0,923,0,11,0,12,923,-1,-3.9003250270855907,809
80051004,804,80052,80050,80045,80043,80174,80049,80042,923,1831,11,22,12,25,908,-2,-7.929515418502203,809
80051004,804,80052,80050,80171,80045,80043,80049,80042,1831,2742,22,33,25,39,911,-3,-11.85510428100988,809
80051004,804,80052,80050,80171,80045,80043,80042,80049,2742,3021,33,34,39,45,279,-5,-64.51612903225806,809
80051004,804,80052,80050,80171,80043,80045,80042,80049,3021,3665,34,48,45,55,644,4,22.36024844720497,809
