matchId,squadId,period,badHands,badPasses,blocked,blocks,breaks,centrePassReceives,contactPenalties,defensiveRebounds,deflections,feeds,gain,goalAssists,goalAttempts,goalMisses,goals,intercepts,missedGoalTurnover,obstructionPenalties,offensiveRebounds,offsides,penalties,pickups,rebounds,tossUpWin,turnovers,possessions,pacePer60,offensiveRating,defensiveRating,netRating
80050305,805,1,0,0,0,0,0,12,9,4,4,18,0,8,15,2,13,0,0,3,0,0,12,1,4,0,7,22,87.70764119601328,59.09090909090909,57.692307692307686,1.3986013986014072
80050305,805,2,2,1,1,0,0,9,13,2,3,17,0,4,13,6,7,5,0,1,2,1,14,1,4,0,9,20,79.64601769911505,35.0,56.00000000000001,-21.000000000000007
80050305,805,3,1,1,0,0,0,15,17,0,1,11,0,5,13,1,12,2,0,2,0,1,19,2,0,0,9,22,87.70764119601328,54.54545454545454,75.0,-20.45454545454546
80050305,805,4,1,0,2,0,0,10,10,1,7,21,0,7,23,9,14,4,0,3,1,0,13,3,2,0,2,24,94.52954048140043,58.333333333333336,45.45454545454545,12.878787878787882
80050305,810,1,3,0,0,0,0,15,7,2,1,22,0,11,20,5,15,5,0,5,0,0,12,3,2,0,6,26,103.65448504983388,57.692307692307686,59.09090909090909,-1.3986013986014072
80050305,810,2,0,0,0,1,0,11,8,2,3,18,0,8,21,7,14,1,0,5,2,1,13,2,4,0,6,25,99.5575221238938,56.00000000000001,35.0,21.000000000000007
80050305,810,3,2,1,0,0,0,14,12,0,3,21,0,14,19,1,18,3,0,5,0,1,17,1,0,0,5,24,95.68106312292359,75.0,54.54545454545454,20.45454545454546
80050305,810,4,2,1,0,2,0,11,18,4,3,11,0,5,12,2,10,0,0,5,1,2,23,4,5,0,11,22,86.65207877461707,45.45454545454545,58.333333333333336,-12.878787878787882
