matchId,squadId,GS,GA,WA,C,WD,GD,GK,startingTime,finishTime,teamStartScore,teamEndScore,oppStartScore,oppEndScore,duration,plusMinus,plusMinusPer60,oppSquadId
103940201,8118,80072,80150,80069,80535,80701,80068,991899,0.0,418.0,0,8,0,6,418.0,2,17.22488038277512,8117
103940201,8118,999823,80150,80069,80535,80701,80068,991899,418.0,466.0,8,9,6,7,48.0,0,0.0,8117
103940201,8118,80072,80150,80069,80535,80701,80068,991899,466.0,905.0,9,15,7,15,439.0,-2,-16.40091116173121,8117
103940201,8118,80072,80150,80069,80535,80701,80068,993358,905.0,1499.0,15,23,15,21,594.0,2,12.121212121212121,8117
103940201,8118,80150,1001708,80069,80535,80701,80068,993358,1499.0,3549.0,23,48,21,57,2050.0,-11,-19.31707317073171,8117
103940201,8118,80072,1001708,80069,80535,80701,80068,993358,3549.0,3627.0,48,50,57,59,78.0,0,0.0,8117
103940201,8117,80113,80475,80575,80296,998401,80559,80010,0.0,418.0,0,6,0,8,418.0,-2,-17.22488038277512,8118
103940201,8117,80113,80475,80575,80296,998401,80393,80010,418.0,466.0,6,7,8,9,48.0,0,0.0,8118
103940201,8117,80113,80475,80575,80296,998401,80559,80010,466.0,3627.0,7,59,9,50,3161.0,11,12.527681113571655,8118
