matchId,squadId,GS,GA,WA,C,WD,GD,GK,startingTime,finishTime,teamStartScore,teamEndScore,oppStartScore,oppEndScore,duration,plusMinus,plusMinusPer60
80351005,804,80570,80293,80041,80443,80452,80042,80010,0,3631,0,58,0,52,3631,6,5.948774442302396
80351005,808,80826,80019,80182,80021,80095,80059,80305,0,1814,0,29,0,29,1814,0,0.0
80351005,808,80826,80019,80182,80021,80424,80059,80305,1814,2727,29,38,29,45,913,-7,-27.6013143483023
80351005,808,80826,80019,80182,80021,80424,80059,80582,2727,3631,38,52,45,58,904,1,3.982300884955752
