matchId,squadId,GS,GA,WA,C,WD,GD,GK,startingTime,finishTime,teamStartScore,teamEndScore,oppStartScore,oppEndScore,duration,plusMinus,plusMinusPer60
100830603,801,80570,1007298,80067,80045,80146,994232,80127,0,911,0,5,0,16,911,-11,-43.468715697036224
100830603,801,80067,1007298,80301,80045,80146,80127,80353,911,2742,5,26,16,44,1831,-7,-13.762971054068815
100830603,801,1007298,80067,80301,995700,80045,80127,994232,2742,3647,26,39,44,49,905,8,31.823204419889503
100830603,807,1004465,993463,992954,80552,991905,80440,991903,0,3134,0,47,0,31,3134,16,18.37906828334397
100830603,807,1004465,993463,1007220,992954,991905,80440,991903,3134,3647,47,49,31,39,513,-6,-42.10526315789473
