matchId,squadId,GS,GA,WA,C,WD,GD,GK,startingTime,finishTime,teamStartScore,teamEndScore,oppStartScore,oppEndScore,duration,plusMinus,plusMinusPer60
111080803,807,80078,1007306,1007220,1000831,991905,1007219,1006231,0.0,1499.0,0,29,0,21,1499.0,8,19.212808539026017
111080803,807,80078,1007306,1007220,1000831,1004472,1007219,1006231,1499.0,2292.0,29,40,21,32,793.0,0,0.0
111080803,807,80078,1007306,1007220,1000831,991905,1007219,1006231,2292.0,2700.0,40,46,32,42,408.0,-4,-35.294117647058826
111080803,807,80078,1007306,1007220,1015274,991905,1007219,1006231,2700.0,3131.0,46,50,42,49,431.0,-3,-25.058004640371227
111080803,807,80078,1007306,1000831,1015274,991905,1007219,1006231,3131.0,3600.0,50,54,49,53,469.0,0,0.0
111080803,801,1001865,1015271,80301,1016033,1009731,80814,80830,0.0,596.0,0,8,0,12,596.0,-4,-24.161073825503355
111080803,801,1007298,1015271,80301,1016033,1009731,80814,80830,596.0,900.0,8,12,12,20,304.0,-4,-47.36842105263158
111080803,801,1007298,1015271,80301,999806,1016033,80814,80830,900.0,3600.0,12,53,20,54,2700.0,7,9.333333333333332
