matchId,squadId,GS,GA,WA,C,WD,GD,GK,startingTime,finishTime,teamStartScore,teamEndScore,oppStartScore,oppEndScore,duration,plusMinus,plusMinusPer60
90840404,803,80111,80156,80403,80154,80109,80099,80127,0,2727,0,40,0,41,2727,-1,-1.3201320132013201
90840404,803,80111,80156,80403,80154,80109,80099,80127,2727,3637,40,53,41,55,910,-1,-3.956043956043956
90840404,802,80540,80028,80107,80146,80223,80428,80225,0,3567,0,54,0,52,3567,2,2.0185029436501263
90840404,802,80540,80028,80107,80146,80223,80428,80225,3567,3637,54,55,52,53,70,0,0.0
