matchId,squadId,GS,GA,WA,C,WD,GD,GK,startingTime,finishTime,teamStartScore,teamEndScore,oppStartScore,oppEndScore,duration,plusMinus,plusMinusPer60
80351401,804,80570,80293,80041,80443,80452,80042,80010,0,1818,0,34,0,22,1818,12,23.762376237623762
80351401,804,80570,80050,80041,80443,80452,80042,80010,1818,2709,34,51,22,30,891,9,36.36363636363637
80351401,804,80570,80050,80041,991901,80452,80042,80010,2709,3616,51,69,30,39,907,9,35.72216097023153
80351401,810,80113,80064,80473,80299,80132,80133,80530,0,910,0,10,0,17,910,-7,-27.692307692307693
80351401,810,80113,80064,80473,80152,80299,80450,80530,910,1818,10,22,17,34,908,-5,-19.823788546255507
80351401,810,80003,80064,80473,80152,80299,80450,80530,1818,3154,22,35,34,61,1336,-14,-37.724550898203596
80351401,810,80003,80578,80473,80152,80299,80450,80530,3154,3616,35,39,61,69,462,-4,-31.16883116883117
