matchId,squadId,GS,GA,WA,C,WD,GD,GK,startingTime,finishTime,teamStartScore,teamEndScore,oppStartScore,oppEndScore,duration,plusMinus,plusMinusPer60,oppSquadId
80350904,802,80150,80282,80028,80146,80241,80524,80225,0,1828,0,25,0,32,1828,-7,-13.785557986870897,810
80350904,802,80150,80092,80028,80146,80241,80524,80225,1828,2512,25,33,32,44,684,-4,-21.052631578947366,810
80350904,802,80150,80092,80028,80107,80146,80524,80225,2512,3656,33,55,44,64,1144,2,6.293706293706294,810
80350904,810,80113,80064,80473,80152,80132,80133,80530,0,1828,0,32,0,25,1828,7,13.785557986870897,802
80350904,810,80113,80064,80473,80152,80450,80133,80530,1828,2512,32,44,25,33,684,4,21.052631578947366,802
80350904,810,80113,80064,80152,80473,80450,80133,80530,2512,2715,44,48,33,37,203,0,0.0,802
80350904,810,80113,80003,80152,80473,80450,80133,80530,2715,3656,48,64,37,55,941,-2,-7.651434643995749,802
