matchId,squadId,period,badHands,badPasses,blocked,blocks,breaks,centrePassReceives,contactPenalties,defensiveRebounds,deflections,feeds,gain,goalAssists,goalAttempts,goalMisses,goals,intercepts,missedGoalTurnover,obstructionPenalties,offensiveRebounds,offsides,penalties,pickups,rebounds,tossUpWin,turnovers,possessions,pacePer60,offensiveRating,defensiveRating,netRating
80180405,806,1,1,1,0,0,0,15,12,1,4,15,2,7,20,5,15,0,0,2,4,0,14,2,5,0,4,20,78.68852459016394,75.0,73.91304347826086,1.0869565217391397
80180405,806,2,2,1,0,0,0,13,6,1,10,16,4,5,15,3,12,2,0,2,0,2,8,1,1,0,6,21,83.16831683168317,57.14285714285714,68.42105263157895,-11.278195488721806
80180405,806,3,1,1,0,0,0,11,19,2,1,17,2,4,20,9,11,0,0,2,3,0,21,2,5,0,4,21,80.94218415417559,52.38095238095239,60.0,-7.619047619047613
80180405,806,4,2,0,0,0,0,12,7,1,2,21,6,7,23,6,17,5,0,1,3,0,8,1,4,0,2,22,87.03296703296704,77.27272727272727,60.0,17.272727272727266
80180405,810,1,3,0,0,0,0,16,15,0,4,19,2,13,21,4,17,1,0,1,3,0,16,4,3,0,5,23,90.49180327868852,73.91304347826086,75.0,-1.0869565217391397
80180405,810,2,0,0,0,0,0,13,18,1,3,19,1,12,16,3,13,0,0,4,0,0,22,1,1,0,3,19,75.24752475247524,68.42105263157895,57.14285714285714,11.278195488721806
80180405,810,3,1,3,0,0,0,11,17,3,4,14,4,7,15,3,12,1,0,3,0,0,20,4,3,0,5,20,77.08779443254818,60.0,52.38095238095239,7.619047619047613
80180405,810,4,2,1,0,0,0,13,24,2,1,13,4,5,10,1,9,1,0,4,0,0,28,1,2,0,5,15,59.34065934065934,60.0,77.27272727272727,-17.272727272727266
