matchId,squadId,GS,GA,WA,C,WD,GD,GK,startingTime,finishTime,teamStartScore,teamEndScore,oppStartScore,oppEndScore,duration,plusMinus,plusMinusPer60,oppSquadId
80180405,806,80064,80072,80069,80182,80163,80006,80068,0,1824,0,27,0,30,1824,-3,-5.921052631578948,810
80180405,806,80064,80072,80069,80182,80006,80068,80038,1824,3668,27,55,30,51,1844,7,13.665943600867678,810
80180405,810,80113,80074,80300,80152,80132,80044,80131,0,2981,0,43,0,43,2981,0,0.0,806
80180405,810,80113,80074,80300,80152,80132,80133,80131,2981,3330,43,46,43,50,349,-4,-41.260744985673355,806
80180405,810,80113,80074,80300,80152,80132,80044,80131,3330,3668,46,51,50,55,338,0,0.0,806
