matchId,squadId,GS,GA,WA,C,WD,GD,GK,startingTime,finishTime,teamStartScore,teamEndScore,oppStartScore,oppEndScore,duration,plusMinus,plusMinusPer60,oppSquadId
107241401,8118,80113,80150,80069,80701,1001356,993358,991899,0,3600,0,70,0,60,3600,10,10.0,810
107241401,810,80826,994215,993360,80473,998408,80534,1004510,0,1546,0,26,0,31,1546,-5,-11.642949547218628,8118
107241401,810,80826,995218,994215,80473,998408,80534,1004510,1546,1800,26,28,31,38,254,-5,-70.86614173228347,8118
107241401,810,80826,995218,993360,80473,998408,80534,1004510,1800,2700,28,42,38,54,900,-2,-8.0,8118
107241401,810,80826,994215,993360,80473,998408,80534,1004510,2700,3600,42,60,54,70,900,2,8.0,8118
