matchId,squadId,GS,GA,WA,C,WD,GD,GK,startingTime,finishTime,teamStartScore,teamEndScore,oppStartScore,oppEndScore,duration,plusMinus,plusMinusPer60,oppSquadId
120451104,8118,80150,1019169,995217,80701,1001356,80470,1001803,0,2700,0,38,0,44,2700,-6,-8.0,807
120451104,8118,1013629,1019169,995217,80701,1001356,80470,1001803,2700,2905,38,39,44,49,205,-4,-70.2439024390244,807
120451104,8118,1013629,1019169,995217,80701,1001356,80470,1013638,2905,3277,39,46,49,59,372,-3,-29.032258064516128,807
120451104,8118,1013629,1019169,995217,1022764,1001356,80470,1013638,3277,3600,46,50,59,68,323,-5,-55.72755417956656,807
120451104,807,1021253,1029501,1004472,1029514,80833,1016035,1029513,0,1201,0,19,0,22,1201,-3,-8.992506244796003,8118
120451104,807,1021092,1029501,1004472,1029514,80833,1016035,1029513,1201,2502,19,38,22,37,1301,4,11.068408916218294,8118
120451104,807,1021253,1029501,1004472,1029514,80833,1016035,1029513,2502,3137,38,56,37,44,635,11,62.362204724409445,8118
120451104,807,1021253,1029501,1004472,80833,991905,1016035,1029513,3137,3600,56,68,44,50,463,6,46.652267818574515,8118
