matchId,squadId,GS,GA,WA,C,WD,GD,GK,startingTime,finishTime,teamStartScore,teamEndScore,oppStartScore,oppEndScore,duration,plusMinus,plusMinusPer60,oppSquadId
95630402,801,80295,80067,80001,80576,80045,80180,80530,0,1847,0,25,0,22,1847,3,5.8473199783432595,804
95630402,801,80295,80067,80001,80439,80045,80180,80530,1847,3408,25,44,22,41,1561,0,0.0,804
95630402,801,80295,80067,80576,80439,80045,80180,80530,3408,3680,44,47,41,45,272,-1,-13.23529411764706,804
95630402,804,80570,80293,80041,994224,991901,80042,80010,0,1847,0,22,0,25,1847,-3,-5.8473199783432595,801
95630402,804,80179,80293,80041,994224,991901,80042,80010,1847,2756,22,32,25,36,909,-1,-3.9603960396039604,801
95630402,804,80570,80293,994224,80041,991901,80042,80010,2756,3408,32,41,36,44,652,1,5.521472392638037,801
95630402,804,80570,80293,994224,80041,991901,80577,80010,3408,3680,41,45,44,47,272,1,13.23529411764706,801
