matchId,squadId,oppSquadId,period,badHands,badPasses,blocked,blocks,breaks,centrePassReceives,contactPenalties,defensiveRebounds,deflections,feeds,gain,goalAssists,goalAttempts,goalMisses,goals,intercepts,missedGoalTurnover,obstructionPenalties,offensiveRebounds,offsides,penalties,pickups,rebounds,tossUpWin,turnovers,possessions,pacePer60,offensiveRating,defensiveRating,netRating
90850103,807,809,1,3,0,0,0,0,14,16,2,1,22,3,7,18,4,14,1,0,2,3,0,18,1,5,0,3,18,71.36563876651982,77.77777777777779,65.0,12.777777777777786
90850103,807,809,2,0,2,0,0,0,14,14,1,6,26,3,7,17,2,15,1,0,1,1,0,15,1,2,0,4,20,79.38257993384784,75.0,68.42105263157895,6.578947368421055
90850103,807,809,3,1,3,0,0,0,12,14,1,3,26,3,8,15,4,11,0,0,8,2,1,22,2,3,0,6,19,75.41345093715545,57.89473684210527,55.00000000000001,2.89473684210526
90850103,807,809,4,1,1,0,0,1,12,11,2,0,24,2,7,15,1,14,0,0,4,1,0,15,0,3,0,4,18,71.60220994475138,77.77777777777779,59.09090909090909,18.686868686868692
90850103,809,807,1,0,1,0,0,0,11,5,0,5,20,3,5,18,5,13,2,0,3,3,0,8,1,3,0,5,20,79.29515418502203,65.0,77.77777777777779,-12.777777777777786
90850103,809,807,2,0,0,0,0,0,14,11,1,0,19,2,7,15,2,13,1,0,3,0,2,14,0,1,0,4,19,75.41345093715545,68.42105263157895,75.0,-6.578947368421055
90850103,809,807,3,0,4,0,0,0,11,9,1,1,13,2,4,14,3,11,1,0,3,0,0,12,1,1,0,6,20,79.38257993384784,55.00000000000001,57.89473684210527,-2.89473684210526
90850103,809,807,4,0,1,0,0,0,14,12,0,2,22,2,10,17,4,13,2,0,2,2,0,15,1,2,0,7,22,87.51381215469614,59.09090909090909,77.77777777777779,-18.686868686868692
