matchId,squadId,GS,GA,WA,C,WD,GD,GK,startingTime,finishTime,teamStartScore,teamEndScore,oppStartScore,oppEndScore,duration,plusMinus,plusMinusPer60,oppSquadId
120460102,810,80826,1007298,994215,80473,998408,1014130,80343,0,3600,0,64,0,57,3600,7,7.0,804
120460102,804,80540,1001708,994224,991901,1001701,80577,994213,0,900,0,14,0,15,900,-1,-4.0,810
120460102,804,80540,1001708,994224,991901,1001701,994213,1004510,900,1966,14,33,15,36,1066,-2,-6.75422138836773,810
120460102,804,80540,1001708,994224,991901,1001701,80577,1004510,1966,2917,33,48,36,52,951,-1,-3.7854889589905363,810
120460102,804,80540,1001708,994224,991901,1001701,80577,994213,2917,2978,48,48,52,54,61,-2,-118.03278688524591,810
120460102,804,80540,1001708,994224,991901,1001701,80577,1004510,2978,2996,48,48,54,54,18,0,0.0,810
120460102,804,80540,1001708,994224,991901,1001701,994213,1004510,2996,3600,48,57,54,64,604,-1,-5.960264900662252,810
