matchId,squadId,GS,GA,WA,C,WD,GD,GK,startingTime,finishTime,teamStartScore,teamEndScore,oppStartScore,oppEndScore,duration,plusMinus,plusMinusPer60,oppSquadId
116651303,806,999128,1013431,80574,80439,1003784,998404,1007299,0,1442,0,25,0,32,1442,-7,-17.475728155339805,810
116651303,806,999128,1013431,80574,80439,1014127,1003784,998404,1442,1800,25,31,32,40,358,-2,-20.11173184357542,810
116651303,806,1013431,999128,80574,80439,1014127,1003784,998404,1800,2372,31,42,40,50,572,1,6.293706293706294,810
116651303,806,1025018,999128,80574,80439,1014127,1003784,998404,2372,3600,42,72,50,73,1228,7,20.521172638436486,810
116651303,810,80826,1007298,994215,80473,80534,1014130,80343,0,2700,0,55,0,52,2700,3,4.0,806
116651303,810,80826,1007298,994215,80473,1014130,80534,80343,2700,3216,55,65,52,62,516,0,0.0,806
116651303,810,80826,1007298,994215,80473,80534,1014130,80343,3216,3292,65,67,62,65,76,-1,-47.36842105263158,806
116651303,810,80826,1007298,994215,80473,80534,80343,1005495,3292,3600,67,73,65,72,308,-1,-11.688311688311687,806
