matchId,squadId,GS,GA,WA,C,WD,GD,GK,startingTime,finishTime,teamStartScore,teamEndScore,oppStartScore,oppEndScore,duration,plusMinus,plusMinusPer60,oppSquadId
90841003,807,80078,80157,80473,80833,80571,80076,80080,0,1825,0,35,0,25,1825,10,19.726027397260275,802
90841003,807,80078,80444,80473,80833,80571,80076,80080,1825,2730,35,50,25,41,905,-1,-3.977900552486188,802
90841003,807,80078,80157,80473,80833,80571,80076,80080,2730,3633,50,69,41,52,903,8,31.893687707641195,802
90841003,802,80540,80028,80107,80526,80146,80247,80524,0,1825,0,25,0,35,1825,-10,-19.726027397260275,807
90841003,802,80540,80028,80107,80526,80146,80247,80524,1825,3157,25,46,35,60,1332,-4,-10.81081081081081,807
90841003,802,80540,80028,80107,80526,80146,80247,80524,3157,3633,46,52,60,69,476,-3,-22.6890756302521,807
