matchId,squadId,oppSquadId,period,badHands,badPasses,blocked,blocks,breaks,centrePassReceives,contactPenalties,defensiveRebounds,deflections,feeds,gain,goalAssists,goalAttempts,goalMisses,goals,intercepts,missedGoalTurnover,obstructionPenalties,offensiveRebounds,offsides,penalties,pickups,rebounds,tossUpWin,turnovers,possessions,pacePer60,offensiveRating,defensiveRating,netRating
80050102,804,810,1,1,2,0,0,0,12,13,1,5,16,0,3,16,4,12,2,0,2,1,0,15,2,2,0,9,24,94.94505494505495,50.0,56.00000000000001,-6.000000000000007
80050102,804,810,2,1,2,0,0,0,12,8,2,3,20,0,8,23,3,20,2,0,1,2,0,9,9,4,0,4,25,99.11894273127754,80.0,38.88888888888889,41.11111111111111
80050102,804,810,3,2,5,0,0,0,8,12,3,5,15,0,7,12,1,11,5,0,2,0,0,14,2,3,0,12,24,95.04950495049505,45.83333333333333,42.30769230769231,3.525641025641022
80050102,804,810,4,1,2,0,0,0,11,13,1,7,14,0,8,17,3,14,2,0,2,0,1,15,5,1,0,8,25,99.33774834437087,56.00000000000001,54.54545454545454,1.4545454545454675
80050102,810,804,1,1,4,0,0,0,12,17,2,5,13,0,8,17,3,14,2,0,3,1,0,20,5,3,0,9,25,98.9010989010989,56.00000000000001,50.0,6.000000000000007
80050102,810,804,2,3,2,0,0,0,13,13,0,9,9,0,2,10,3,7,1,0,13,1,0,26,1,1,0,9,18,71.36563876651982,38.88888888888889,80.0,-41.11111111111111
80050102,810,804,3,2,2,0,0,0,10,9,0,8,17,0,6,16,5,11,3,0,3,2,1,12,6,2,0,12,26,102.97029702970298,42.30769230769231,45.83333333333333,-3.525641025641022
80050102,810,804,4,0,3,0,0,0,12,6,2,4,20,0,9,15,3,12,2,0,4,1,0,10,3,3,0,8,22,87.41721854304636,54.54545454545454,56.00000000000001,-1.4545454545454675
