matchId,squadId,GS,GA,WA,C,WD,GD,GK,startingTime,finishTime,teamStartScore,teamEndScore,oppStartScore,oppEndScore,duration,plusMinus,plusMinusPer60,oppSquadId
80280201,803,80052,80058,80170,80154,80109,80098,80099,0,1821,0,25,0,20,1821,5,9.884678747940692,808
80280201,803,80052,80058,80154,80212,80109,80098,80099,1821,3605,25,47,20,42,1784,0,0.0,808
80280201,803,80052,80058,80154,80212,80109,80026,80099,3605,3633,47,47,42,42,28,0,0.0,808
80280201,808,80156,80019,80182,80424,80021,80061,80020,0,908,0,10,0,12,908,-2,-7.929515418502203,803
80280201,808,80156,80019,80182,80021,80223,80061,80020,908,1821,10,20,12,25,913,-3,-11.829134720700985,803
80280201,808,80019,80156,80182,80021,80223,80020,80478,1821,3633,20,42,25,47,1812,0,0.0,803
