matchId,squadId,GS,GA,WA,C,WD,GD,GK,startingTime,finishTime,teamStartScore,teamEndScore,oppStartScore,oppEndScore,duration,plusMinus,plusMinusPer60,oppSquadId
107240303,806,1001944,999128,80574,80439,1001701,1003784,998404,0,902,0,15,0,19,902,-4,-15.964523281596453,810
107240303,806,1001944,999128,80439,80574,1003784,1001701,998404,902,1601,15,31,19,32,699,3,15.450643776824034,810
107240303,806,1001944,999128,80439,80574,1007304,1001701,998404,1601,3624,31,80,32,66,2023,15,26.693030153237764,810
107240303,810,80826,995218,993360,80473,998408,80534,1004510,0,2215,0,44,0,45,2215,-1,-1.6252821670428894,806
107240303,810,80826,995218,993360,80473,998408,80534,1014130,2215,2716,44,51,45,57,501,-5,-35.92814371257485,806
107240303,810,80826,995218,993360,80473,998408,80452,80534,2716,3141,51,59,57,69,425,-4,-33.88235294117647,806
107240303,810,80826,995218,993360,80473,998408,80534,1004510,3141,3624,59,66,69,80,483,-4,-29.813664596273288,806
