matchId,squadId,GS,GA,WA,C,WD,GD,GK,startingTime,finishTime,teamStartScore,teamEndScore,oppStartScore,oppEndScore,duration,plusMinus,plusMinusPer60,oppSquadId
98180505,805,80054,80100,80700,80304,80535,80708,80192,0.0,2471.0,0,34,0,36,2471.0,-2,-2.9138000809388913,801
98180505,805,80054,80100,80700,80304,80535,80305,80192,2471.0,2790.0,34,38,36,42,319.0,-2,-22.570532915360502,801
98180505,805,80054,80100,80700,80304,80535,80192,80305,2790.0,3636.0,38,51,42,49,846.0,6,25.53191489361702,801
98180505,805,80054,80100,80700,80535,1001698,80192,80305,3636.0,3723.0,51,52,49,49,87.0,1,41.37931034482759,801
98180505,801,80295,80067,80001,80439,80146,80440,998404,0.0,367.0,0,3,0,10,367.0,-7,-68.66485013623979,805
98180505,801,80295,80067,80572,80439,80146,80440,998404,367.0,3723.0,3,49,10,52,3356.0,4,4.290822407628129,805
