matchId,squadId,GS,GA,WA,C,WD,GD,GK,startingTime,finishTime,teamStartScore,teamEndScore,oppStartScore,oppEndScore,duration,plusMinus,plusMinusPer60,oppSquadId
80280305,806,80072,80179,80075,80069,80173,80006,80038,0,1574,0,19,0,22,1574,-3,-6.861499364675984,809
80280305,806,80072,80179,80069,80075,80173,80006,80038,1574,1811,19,21,22,24,237,0,0.0,809
80280305,806,80072,80179,80069,80075,80162,80006,80038,1811,3624,21,49,24,47,1813,5,9.928295642581357,809
80280305,809,80111,80092,80572,80105,80091,80101,80057,0,3624,0,47,0,49,3624,-2,-1.9867549668874174,806
