matchId,squadId,GS,GA,WA,C,WD,GD,GK,startingTime,finishTime,teamStartScore,teamEndScore,oppStartScore,oppEndScore,duration,plusMinus,plusMinusPer60,oppSquadId
107240604,8118,80113,80150,80069,80701,1001356,993358,991899,0,3605,0,65,0,54,3605,11,10.984743411927878,801
107240604,801,1007298,80100,80301,1014125,1009731,80814,80830,0,1805,0,27,0,32,1805,-5,-9.97229916897507,8118
107240604,801,1007298,80100,80301,999806,1009731,80814,80440,1805,2957,27,43,32,52,1152,-4,-12.5,8118
107240604,801,80100,1007298,80301,999806,1009731,80814,80830,2957,3605,43,54,52,65,648,-2,-11.11111111111111,8118
