matchId,squadId,GS,GA,WA,C,WD,GD,GK,startingTime,finishTime,teamStartScore,teamEndScore,oppStartScore,oppEndScore,duration,plusMinus,plusMinusPer60,oppSquadId
103930504,8118,80072,80150,80069,80535,80701,80068,991899,0,1823,0,31,0,27,1823,4,7.899067471201317,804
103930504,8118,80072,80150,80069,80535,80701,80068,993358,1823,2231,31,36,27,34,408,-2,-17.647058823529413,804
103930504,8118,999823,80150,80069,80535,80701,80068,993358,2231,2739,36,45,34,39,508,4,28.346456692913385,804
103930504,8118,999823,80150,80069,80535,80701,80068,991899,2739,3649,45,58,39,51,910,1,3.956043956043956,804
103930504,804,80540,80293,994224,991901,80572,80577,994213,0,1823,0,27,0,31,1823,-4,-7.899067471201317,8118
103930504,804,80540,80293,991901,994224,80572,80577,994213,1823,2231,27,34,31,36,408,2,17.647058823529413,8118
103930504,804,80540,80293,991901,994224,80045,80577,994213,2231,2501,34,37,36,41,270,-2,-26.666666666666668,8118
103930504,804,80540,80293,80572,994224,80045,80577,994213,2501,2739,37,39,41,45,238,-2,-30.252100840336134,8118
103930504,804,80540,80293,991901,994224,80045,80577,994213,2739,3649,39,51,45,58,910,-1,-3.956043956043956,8118
