matchId,squadId,period,badHands,badPasses,blocked,blocks,breaks,centrePassReceives,contactPenalties,defensiveRebounds,deflections,feeds,gain,goalAssists,goalAttempts,goalMisses,goals,intercepts,missedGoalTurnover,obstructionPenalties,offensiveRebounds,offsides,penalties,pickups,rebounds,tossUpWin,turnovers,possessions,pacePer60,offensiveRating,defensiveRating,netRating
80130102,808,1,0,2,1,0,0,12,15,0,7,9,1,2,11,3,8,0,0,3,1,0,18,0,1,0,8,18,70.89715536105032,44.44444444444444,80.0,-35.55555555555556
80130102,808,2,1,2,1,0,0,9,13,0,1,13,4,6,16,3,13,3,0,1,1,0,14,1,1,0,4,19,75.16483516483517,68.42105263157895,50.0,18.421052631578945
80130102,808,3,1,2,0,0,0,13,9,1,3,11,5,7,13,2,11,2,0,0,0,0,9,3,1,0,5,18,71.20879120879121,61.111111111111114,77.77777777777779,-16.66666666666667
80130102,808,4,2,0,0,0,0,11,8,2,3,12,3,7,11,1,10,1,0,2,0,0,10,1,2,0,4,15,59.47136563876652,66.66666666666666,66.66666666666666,0.0
80130102,809,1,1,0,0,1,0,10,14,1,0,14,5,11,16,0,16,4,0,4,0,3,18,2,1,0,4,20,78.7746170678337,80.0,44.44444444444444,35.55555555555556
80130102,809,2,0,0,0,1,0,7,19,0,1,8,0,5,10,2,8,0,0,3,1,1,22,2,1,0,7,16,63.2967032967033,50.0,68.42105263157895,-18.421052631578945
80130102,809,3,0,0,0,0,0,13,14,1,2,19,4,11,17,3,14,2,0,1,1,1,15,4,2,0,2,18,71.20879120879121,77.77777777777779,61.111111111111114,16.66666666666667
80130102,809,4,1,1,0,0,0,9,11,1,4,14,5,10,14,2,12,2,0,2,0,1,13,5,1,0,4,18,71.36563876651982,66.66666666666666,66.66666666666666,0.0
