matchId,squadId,GS,GA,WA,C,WD,GD,GK,startingTime,finishTime,teamStartScore,teamEndScore,oppStartScore,oppEndScore,duration,plusMinus,plusMinusPer60,oppSquadId
80181005,808,80093,80058,80094,80043,80095,80098,80057,0.0,465.0,0,2,0,7,465.0,-5,-38.70967741935484,809
80181005,808,80058,80093,80094,80043,80095,80098,80057,465.0,2164.0,2,22,7,21,1699.0,6,12.713360800470866,809
80181005,808,80058,80093,80094,80043,80096,80098,80057,2164.0,2711.0,22,28,21,28,547.0,-1,-6.581352833638025,809
80181005,808,80058,80093,80094,80095,80096,80098,80057,2711.0,3291.0,28,30,28,33,580.0,-3,-18.620689655172413,809
80181005,808,80058,80093,80094,80043,80096,80098,80057,3291.0,3616.0,30,33,33,38,325.0,-2,-22.153846153846153,809
80181005,809,80111,80092,80029,80105,80184,80108,80101,0.0,1807.0,0,16,0,20,1807.0,-4,-7.969009407858328,808
80181005,809,80111,80030,80091,80105,80184,80108,80101,1807.0,2711.0,16,28,20,28,904.0,4,15.929203539823009,808
80181005,809,80111,80092,80091,80105,80184,80108,80101,2711.0,3616.0,28,38,28,33,905.0,5,19.88950276243094,808
