matchId,squadId,GS,GA,WA,C,WD,GD,GK,startingTime,finishTime,teamStartScore,teamEndScore,oppStartScore,oppEndScore,duration,plusMinus,plusMinusPer60,oppSquadId
80181202,804,80003,80293,80171,80041,80045,80042,80010,0,1821,0,19,0,19,1821,0,0.0,806
80181202,804,80003,80293,80171,80041,80049,80042,80010,1821,1997,19,19,19,24,176,-5,-102.27272727272728,806
80181202,804,80003,80293,80041,80045,80049,80042,80010,1997,2495,19,23,24,30,498,-2,-14.457831325301203,806
80181202,804,80169,80293,80041,80045,80049,80042,80010,2495,3168,23,28,30,40,673,-5,-26.745913818722137,806
80181202,804,80169,80293,80171,80041,80049,80042,80010,3168,3662,28,33,40,45,494,0,0.0,806
80181202,806,80064,80072,80075,80069,80163,80068,80038,0,1821,0,19,0,19,1821,0,0.0,804
80181202,806,80064,80072,80075,80069,80163,80006,80038,1821,3662,19,45,19,33,1841,12,23.465507876154263,804
