matchId,squadId,period,badHands,badPasses,blocked,blocks,breaks,centrePassReceives,contactPenalties,defensiveRebounds,deflections,feeds,gain,goalAssists,goalAttempts,goalMisses,goals,intercepts,missedGoalTurnover,obstructionPenalties,offensiveRebounds,offsides,penalties,pickups,rebounds,tossUpWin,turnovers,possessions,pacePer60,offensiveRating,defensiveRating,netRating
80120404,802,1,0,2,0,0,0,16,12,1,3,13,4,9,18,3,15,2,0,4,1,2,16,4,2,0,6,23,91.3907284768212,65.21739130434783,65.21739130434783,0.0
80120404,802,2,1,3,0,0,0,14,17,1,2,10,4,4,13,4,9,3,0,6,2,0,23,1,3,0,5,16,62.950819672131146,56.25,76.92307692307693,-20.673076923076934
80120404,802,3,1,1,0,0,0,11,15,1,5,13,4,7,16,3,13,2,0,3,0,1,18,3,1,0,5,21,81.99566160520607,61.904761904761905,59.09090909090909,2.8138528138528116
80120404,802,4,2,5,0,0,0,12,8,1,4,9,5,8,15,3,12,4,0,3,0,1,11,5,1,0,9,24,95.57522123893806,50.0,57.14285714285714,-7.142857142857139
80120404,804,1,1,3,0,0,0,13,8,2,3,11,4,8,18,3,15,1,0,2,1,0,10,1,3,0,6,23,91.3907284768212,65.21739130434783,65.21739130434783,0.0
80120404,804,2,0,1,0,0,0,12,5,2,6,16,5,11,22,2,20,0,0,3,0,0,8,4,2,0,4,26,102.29508196721311,76.92307692307693,56.25,20.673076923076934
80120404,804,3,0,1,0,0,0,10,15,0,2,10,2,7,15,2,13,1,0,4,0,0,19,5,0,0,7,22,85.90021691973969,59.09090909090909,61.904761904761905,-2.8138528138528116
80120404,804,4,1,3,0,0,0,14,10,1,9,18,2,11,21,5,16,0,0,0,2,1,10,6,3,0,9,28,111.50442477876106,57.14285714285714,50.0,7.142857142857139
