matchId,squadId,GS,GA,WA,C,WD,GD,GK,startingTime,finishTime,teamStartScore,teamEndScore,oppStartScore,oppEndScore,duration,plusMinus,plusMinusPer60,oppSquadId
80120404,802,80022,80028,80301,80018,80021,80026,80023,0,1821,0,24,0,35,1821,-11,-21.746293245469523,804
80120404,802,80022,80028,80021,80018,80035,80026,80023,1821,3647,24,49,35,64,1826,-4,-7.886089813800657,804
80120404,804,80052,80050,80047,80045,80174,80042,80020,0,3647,0,64,0,49,3647,15,14.806690430490814,802
