matchId,squadId,GS,GA,WA,C,WD,GD,GK,startingTime,finishTime,teamStartScore,teamEndScore,oppStartScore,oppEndScore,duration,plusMinus,plusMinusPer60
80350902,804,80570,80293,80041,80443,80452,80042,80010,0,1436,0,16,0,23,1436,-7,-17.548746518105848
80350902,804,80570,80050,80041,80443,80452,80042,80010,1436,1811,16,23,23,28,375,2,19.2
80350902,804,80570,80050,80041,80443,80044,80042,80010,1811,2445,23,29,28,38,634,-4,-22.71293375394322
80350902,804,80570,80293,80041,80443,80044,80042,80010,2445,3104,29,38,38,50,659,-3,-16.38846737481032
80350902,804,80570,80293,80041,991901,80044,80042,80010,3104,3622,38,46,50,57,518,1,6.94980694980695
80350902,807,80078,80009,80472,80833,991905,80571,80020,0,1811,0,28,0,23,1811,5,9.939260077305356
80350902,807,80078,80009,80472,80833,991904,80571,80020,1811,3342,28,52,23,42,1531,5,11.757021554539516
80350902,807,80078,80009,80301,80833,991904,80571,80020,3342,3622,52,57,42,46,280,1,12.857142857142856
