matchId,squadId,period,badHands,badPasses,blocked,blocks,breaks,centrePassReceives,contactPenalties,defensiveRebounds,deflections,feeds,gain,goalAssists,goalAttempts,goalMisses,goals,intercepts,missedGoalTurnover,obstructionPenalties,offensiveRebounds,offsides,penalties,pickups,rebounds,tossUpWin,turnovers,possessions,pacePer60,offensiveRating,defensiveRating,netRating
80120704,807,1,1,2,0,0,0,15,3,0,2,27,3,10,19,3,16,2,0,12,1,1,15,3,1,0,5,23,91.08910891089108,69.56521739130434,64.0,5.565217391304344
80120704,807,2,1,1,0,0,0,13,1,1,5,24,3,6,19,3,16,0,0,11,1,0,12,2,2,0,3,21,82.62295081967213,76.19047619047619,60.0,16.19047619047619
80120704,807,3,1,0,0,0,0,12,10,2,7,24,4,7,18,4,14,1,0,4,1,0,14,1,3,0,1,18,71.84035476718404,77.77777777777779,60.86956521739131,16.908212560386474
80120704,807,4,0,0,0,0,0,16,11,0,2,22,0,10,17,0,17,0,0,0,0,1,11,2,0,0,1,18,70.35830618892508,94.44444444444444,75.0,19.444444444444443
80120704,810,1,0,3,0,0,0,14,4,1,1,17,2,8,19,3,16,1,0,6,1,0,10,3,2,0,7,25,99.00990099009901,64.0,69.56521739130434,-5.565217391304344
80120704,810,2,1,1,0,0,0,12,12,1,5,18,3,7,16,4,12,1,0,10,1,0,22,3,2,0,5,20,78.68852459016394,60.0,76.19047619047619,-16.19047619047619
80120704,810,3,1,0,0,0,0,15,12,1,2,23,2,7,22,8,14,0,0,7,2,0,19,6,3,0,3,23,91.7960088691796,60.86956521739131,77.77777777777779,-16.908212560386474
80120704,810,4,1,1,0,0,0,13,10,0,5,23,2,10,21,6,15,0,0,8,4,0,18,3,4,0,3,20,78.17589576547232,75.0,94.44444444444444,-19.444444444444443
