matchId,squadId,GS,GA,WA,C,WD,GD,GK,startingTime,finishTime,teamStartScore,teamEndScore,oppStartScore,oppEndScore,duration,plusMinus,plusMinusPer60,oppSquadId
80120704,807,80078,80009,80178,80081,80076,80180,80080,0,1824,0,32,0,28,1824,4,7.894736842105264,810
80120704,807,80078,80009,80178,80081,80077,80076,80080,1824,3647,32,63,28,57,1823,2,3.9495337356006583,810
80120704,810,80113,80074,80152,80041,80132,80044,80131,0,1824,0,28,0,32,1824,-4,-7.894736842105264,807
80120704,810,80113,80074,80041,80152,80132,80044,80131,1824,3210,28,49,32,55,1386,-2,-5.194805194805195,807
80120704,810,80113,80087,80041,80152,80132,80044,80131,3210,3647,49,57,55,63,437,0,0.0,807
