matchId,squadId,GS,GA,WA,C,WD,GD,GK,startingTime,finishTime,teamStartScore,teamEndScore,oppStartScore,oppEndScore,duration,plusMinus,plusMinusPer60,oppSquadId
127150304,804,1001711,1001708,1022297,991901,1001701,80577,1005495,0,1195,0,18,0,21,1195,-3,-9.03765690376569,810
127150304,804,1034295,1001708,1022297,991901,1001701,80577,1005495,1195,1456,18,21,21,28,261,-4,-55.17241379310345,810
127150304,804,1034295,1001708,1022297,991901,80577,1001701,1005495,1456,1800,21,29,28,35,344,1,10.465116279069766,810
127150304,804,1034295,1001708,1022297,991901,80577,1001701,1027543,1800,2700,29,41,35,51,900,-4,-16.0,810
127150304,804,1001711,1001708,1034300,991901,80577,1001701,1027543,2700,3600,41,57,51,67,900,0,0.0,810
127150304,810,80826,995108,994215,1022296,998408,1014234,1001920,0,2174,0,41,0,34,2174,7,11.591536338546458,804
127150304,810,80826,995108,994215,1026857,998408,1014234,1001920,2174,3088,41,59,34,46,914,6,23.632385120350108,804
127150304,810,80826,995108,994215,1022296,998408,1014234,1001920,3088,3600,59,67,46,57,512,-3,-21.09375,804
