matchId,squadId,GS,GA,WA,C,WD,GD,GK,startingTime,finishTime,teamStartScore,teamEndScore,oppStartScore,oppEndScore,duration,plusMinus,plusMinusPer60,oppSquadId
80050604,807,80078,80155,80085,80081,80076,80020,80080,0,1811,0,26,0,24,1811,2,3.9757040309221425,810
80050604,807,80078,80155,80085,80081,80077,80020,80080,1811,2720,26,38,24,40,909,-4,-15.841584158415841,810
80050604,807,80078,80155,80085,80081,80077,80076,80020,2720,3625,38,56,40,53,905,5,19.88950276243094,810
80050604,810,80113,80135,80041,80152,80132,80044,80131,0,908,0,10,0,13,908,-3,-11.894273127753305,807
80050604,810,80113,80130,80041,80152,80132,80044,80131,908,3625,10,53,13,56,2717,0,0.0,807
