matchId,squadId,GS,GA,WA,C,WD,GD,GK,startingTime,finishTime,teamStartScore,teamEndScore,oppStartScore,oppEndScore,duration,plusMinus,plusMinusPer60,oppSquadId
113150104,813,80710,80444,80477,1001583,994117,80225,80305,0,900,0,6,0,12,900,-6,-24.0,811
113150104,813,80710,80444,80424,1001583,994117,80225,80305,900,1941,6,18,12,25,1041,-1,-3.4582132564841497,811
113150104,813,80710,80444,80477,1001583,994117,998411,80225,1941,3600,18,45,25,43,1659,9,19.529837251356238,811
113150104,811,1001357,1001708,994224,991901,80577,80343,998404,0,2255,0,27,0,25,2255,2,3.1929046563192904,813
113150104,811,1001357,1001708,80473,994224,80577,80343,998404,2255,2479,27,28,25,29,224,-3,-48.21428571428571,813
113150104,811,1001357,1001708,80473,994224,80701,80343,998404,2479,2700,28,31,29,30,221,2,32.579185520361996,813
113150104,811,1001708,1001357,80473,994224,80701,80343,998404,2700,3060,31,35,30,36,360,-2,-20.0,813
113150104,811,1001708,1001357,80473,994224,80577,80343,998404,3060,3600,35,43,36,45,540,-1,-6.666666666666667,813
