matchId,squadId,GS,GA,WA,C,WD,GD,GK,startingTime,finishTime,teamStartScore,teamEndScore,oppStartScore,oppEndScore,duration,plusMinus,plusMinusPer60
80350201,802,80150,80282,80028,80107,80146,80024,80524,0,908,0,18,0,20,908,-2,-7.929515418502203
80350201,802,80150,80282,80028,80107,80146,80524,80247,908,2714,18,47,20,57,1806,-8,-15.946843853820598
80350201,802,80150,80282,80028,80146,80024,80314,80225,2714,3392,47,54,57,69,678,-5,-26.54867256637168
80350201,802,80150,80092,80028,80146,80024,80314,80225,3392,3617,54,56,69,75,225,-4,-64.0
80350201,808,80826,80019,80182,80021,80095,80478,80059,0,1808,0,36,0,36,1808,0,0.0
80350201,808,80826,80019,80182,80021,80095,80059,80305,1808,3392,36,69,36,54,1584,15,34.09090909090909
80350201,808,80826,80287,80182,80021,80424,80305,80582,3392,3617,69,75,54,56,225,4,64.0
