matchId,squadId,GS,GA,WA,C,WD,GD,GK,startingTime,finishTime,teamStartScore,teamEndScore,oppStartScore,oppEndScore,duration,plusMinus,plusMinusPer60,oppSquadId
113910704,8119,1010545,1014126,80575,1004473,80299,1011747,80010,0.0,3600.0,0,67,0,51,3600.0,16,16.0,804
113910704,804,80540,1013077,1022297,991901,1001701,80577,1001920,0.0,724.0,0,12,0,11,724.0,1,4.972375690607735,8119
113910704,804,1013077,80540,1022297,991901,1001701,80577,1001920,724.0,1239.0,12,19,11,23,515.0,-5,-34.95145631067961,8119
113910704,804,80540,1013077,1022297,991901,1001701,80577,1001920,1239.0,1800.0,19,26,23,31,561.0,-1,-6.4171122994652405,8119
113910704,804,80540,995218,1022297,991901,80577,1001701,1001920,1800.0,2400.0,26,34,31,42,600.0,-3,-18.0,8119
113910704,804,80540,995218,991901,1014127,1001701,80577,1001920,2400.0,2434.0,34,34,42,43,34.0,-1,-105.88235294117648,8119
113910704,804,80540,1013077,991901,1014127,1001701,80577,1001920,2434.0,2700.0,34,39,43,50,266.0,-2,-27.06766917293233,8119
113910704,804,1013077,80540,991901,1014127,1001701,80577,1001920,2700.0,3367.0,39,47,50,61,667.0,-3,-16.19190404797601,8119
113910704,804,80540,995218,1022297,991901,1014127,80577,1001920,3367.0,3600.0,47,51,61,67,233.0,-2,-30.901287553648068,8119
