matchId,squadId,GS,GA,WA,C,WD,GD,GK,startingTime,finishTime,teamStartScore,teamEndScore,oppStartScore,oppEndScore,duration,plusMinus,plusMinusPer60
107240803,807,1001865,993463,992954,1007220,991905,1007219,1006231,0,2032,0,37,0,38,2032,-1,-1.7716535433070866
107240803,807,1001865,993463,1007220,80552,991905,1007219,1006231,2032,2722,37,44,38,51,690,-6,-31.304347826086957
107240803,807,1001865,993463,992954,1007220,991905,1007219,1006231,2722,3629,44,60,51,71,907,-4,-15.876515986769569
107240803,804,80052,80293,994224,991901,80045,80577,994213,0,3629,0,71,0,60,3629,11,10.912096996417745
