attempt1,attempt2,goal1,goal2,goalMisses,goalAssists,feeds,feedWithAttempt,centrePassReceives,gain,intercepts,deflections,deflectionWithGain,deflectionWithNoGain,rebounds,pickups,contactPenalties,obstructionPenalties,generalPlayTurnovers,interceptPassThrown,badHands,badPasses,offsides,minutesPlayed,roundNo,squadId,oppSquadId,fantasyScore
,,,,,,,,,,,,,,,,,,,,,,,,9.0,806.0,810.0,0.0
27.04003371970495,4.302559633027522,25.118471869328495,1.4415066079295153,3.2828266850068775,0.0,1.0409940866229823,0.05694582960644007,0.0,0.0,0.0,0.0,0.0,0.0,0.20326605995717348,0.0017601744186046511,0.0,0.0,0.9931744024939383,0.0,0.0,0.0,0.0,37.355743183485046,10.0,806.0,8119.0,62.532869295027496
25.115536621996302,3.4646357466063353,24.106811473305953,1.0605913043478261,2.4246320000000003,0.0,0.9482622432859399,0.10819413716814161,0.0,0.0,0.0,0.0,0.0,0.0,0.126397476340694,0.0,0.0,0.0,0.9833910034602077,0.0,0.0,0.0,0.0,38.17291608885915,11.0,806.0,804.0,62.1690431371013
26.932506150421748,2.8069792284866466,26.042793076522642,0.8756690442225393,2.128018679119413,0.0010468936282951385,0.7302567621320605,0.109771484375,0.0,0.0,0.0,0.0,0.0,0.0,0.11923254504504503,0.0,0.0,0.0,1.038814872866597,0.0,0.0,0.0,0.0,38.13980426489395,12.0,806.0,8118.0,66.10578295818887
30.56857309976247,2.8590792637114952,28.837613301787595,0.7441507823613087,2.76185,0.0005583912346338857,0.8089364096792347,0.05508340878225442,0.0,0.0,0.0,0.0,0.0,0.0,0.11394063180827887,0.0,0.0,0.0,1.0121222222222221,0.0,0.0,0.0,0.0,38.136349713102376,13.0,806.0,807.0,67.84220691061186
23.475619439679818,2.686486486486486,21.09612274732199,0.6482457386363637,2.9834798331015304,0.0,0.6444645725082664,0.016175872251996064,0.0,0.0,0.0,0.0,0.0,0.0,0.05013246471226927,0.0,0.0,0.0,1.1642049876193845,0.0,0.0,0.0,0.0,38.048450321411615,14.0,806.0,801.0,49.59395814641893
