attempt1,attempt2,goal1,goal2,goalMisses,goalAssists,feeds,feedWithAttempt,centrePassReceives,gain,intercepts,deflections,deflectionWithGain,deflectionWithNoGain,rebounds,pickups,contactPenalties,obstructionPenalties,generalPlayTurnovers,interceptPassThrown,badHands,badPasses,offsides,minutesPlayed,roundNo,squadId,oppSquadId,fantasyScore
,,,,,,,,,,,,,,,,,,,,,,,,9.0,8119.0,8118.0,0.0
5.874625422346499,2.564207692307692,4.011378329454358,0.8340425531914895,2.019910536779324,11.295225059226114,11.953329135841335,11.602781569019086,6.8912799536202005,0.0,0.0,0.0,0.0,0.0,0.0,0.0,1.3858436039719626,0.3042060470324748,1.9944540727902944,0.36802209944751385,0.0,0.0,0.0,33.48456927142318,10.0,8119.0,806.0,63.29597866987646
5.609308712567791,2.8348167539267015,4.092386081733908,0.8675213675213674,2.490962962962963,11.388808702573625,12.412110977852404,12.217189808059263,6.8871747197526085,0.0,0.0,0.0,0.0,0.0,0.0,0.0,1.254915428061831,0.13341129492298917,1.7488054607508534,0.13630470459518598,0.0,0.0,0.0,33.03269128305794,11.0,8119.0,8117.0,64.06476953734551
4.360075471698114,2.980202702702703,3.0080737870195335,0.8443252840909091,2.915699582753825,8.639387861271675,11.090967918438041,9.887289073608226,5.707453809162237,0.0,0.0,0.0,0.0,0.0,0.0,0.0,1.133317954009434,0.07352755905511811,2.0636331800495227,0.19843824940047963,0.0,0.0,0.0,32.579709758833424,12.0,8119.0,801.0,45.75079566265209
4.361543033733826,3.038981900452489,3.145822638603696,0.9867717391304348,2.1351540000000004,9.417307944415311,10.902171011058451,10.135909015486726,6.234275673237985,0.0,0.0,0.0,0.0,0.0,0.0,0.0,1.2927645638394205,0.06137068965517241,1.9176124567474049,0.5248091603053435,0.0,0.0,0.0,32.87703103163597,13.0,8119.0,804.0,53.993629404387505
4.487109629715883,4.8381770412287795,3.0994329299691037,1.6653186813186813,2.9681330985915486,9.619164210526316,11.581163886006225,10.886683256906386,7.142662644281217,0.0,0.0,0.0,0.0,0.0,0.0,0.0,1.0981431535269708,0.008846674182638107,1.7814855272226053,0.3476180021953897,0.0,0.0,0.0,32.664113151991025,14.0,8119.0,810.0,56.181251649907836
