attempt1,attempt2,goal1,goal2,goalMisses,goalAssists,feeds,feedWithAttempt,centrePassReceives,gain,intercepts,deflections,deflectionWithGain,deflectionWithNoGain,rebounds,pickups,contactPenalties,obstructionPenalties,generalPlayTurnovers,interceptPassThrown,badHands,badPasses,offsides,minutesPlayed,roundNo,squadId,oppSquadId,fantasyScore
0.0,0.0,0.0,0.0,0.0,0.0,0.0,0.0,3.229075549034912,0.7377989166336372,0.8541363847224369,0.7908993408359652,0.0,0.8049344850138699,0.0,0.0,0.6955523247297336,0.8267430548048859,0.0,0.0,0.0,0.0,0.0,24.06962895151148,8.0,807.0,8119.0,48.87226498271462
0.0,0.0,0.0,0.0,0.0,0.0,0.0,0.0,2.1173515588003764,0.43458144393583836,0.4947815368606221,0.3888351685821964,0.0,0.4057888038631285,0.0,0.0,0.37818116691976456,0.38670359148877065,0.0,0.0,0.0,0.0,0.0,20.791527581256897,9.0,807.0,801.0,37.57799195368064
0.0,0.0,0.0,0.0,0.0,0.0,0.0,0.0,2.7855243991004244,0.05319316481612726,0.11394830875161839,0.35830364346777627,0.0,0.3711230464024774,0.0,0.0,1.983560799213451,0.1146894983164526,0.01272261109681086,0.0,0.0,0.0,0.0,33.85549315775548,10.0,807.0,810.0,41.87636242295549
0.0,0.0,0.0,0.0,0.0,0.0,0.0,0.0,2.615650899989113,0.11764771065473512,0.10446390603343762,0.43113515862406115,0.0,0.41016100494911495,0.0,0.0,1.9772257263273258,0.13180159078925735,0.012070172534494827,0.0,0.0,0.0,0.0,35.20801204101266,11.0,807.0,8118.0,42.39509361358399
0.0,0.0,0.0,0.0,0.0,0.0,0.0,0.0,2.330525046157348,0.03961072688007436,0.05995029295718178,0.276881016781549,0.0,0.28492645649857823,0.0,0.0,1.8736208066658848,0.06399626619811112,0.0010439394941191165,0.0,0.0,0.0,0.0,33.31047786630476,12.0,807.0,804.0,40.327992203344195
0.0,0.0,0.0,0.0,0.0,0.0,0.0,0.0,2.1180450431589795,0.016803591236827512,0.025568804824561406,0.21678979980934224,0.0,0.21741179588128404,0.0,0.0,1.4554860908294391,0.015546845837999253,0.0,0.0,0.0,0.0,0.0,33.29029566974959,13.0,807.0,806.0,38.87199211136263
0.0,0.0,0.0,0.0,0.0,0.0,0.0,0.0,2.042387037608166,0.006676232852210473,0.012029680192831979,0.17730727041760674,0.0,0.17776764877817397,0.0,0.0,1.620996480161989,0.0073340327832954345,0.0,0.0,0.0,0.0,0.0,33.935124680833034,14.0,807.0,8117.0,38.394049283074985
