matchId,squadId,GS,GA,WA,C,WD,GD,GK,startingTime,finishTime,teamStartScore,teamEndScore,oppStartScore,oppEndScore,duration,plusMinus,plusMinusPer60,oppSquadId
119160104,9199,1001710,1015270,994225,1028099,1001707,1026855,1029493,0,1547,0,28,0,28,1547,0,0.0,7867
119160104,9199,1001710,1029500,994225,1013076,1028099,1026855,1029493,1547,1800,28,32,28,34,253,-2,-28.458498023715414,7867
119160104,9199,1001710,1015270,994225,1028099,1001707,1026855,1029493,1800,2083,32,36,34,41,283,-3,-38.16254416961131,7867
119160104,9199,1001710,1015270,994225,1028099,1001707,1026855,1004502,2083,2500,36,43,41,47,417,1,8.633093525179856,7867
119160104,9199,1001710,1029500,994225,1028099,1001707,1026855,1004502,2500,2969,43,51,47,55,469,0,0.0,7867
119160104,9199,1029500,1015270,994225,1028099,1001707,1026855,1004502,2969,3328,51,55,55,60,359,-1,-10.027855153203342,7867
119160104,9199,1001710,1015270,994225,1028099,1001707,1026855,1004502,3328,3348,55,55,60,60,20,0,0.0,7867
119160104,9199,1001710,1029500,994225,1028099,1001707,1026855,1004502,3348,3600,55,57,60,68,252,-6,-85.71428571428571,7867
119160104,7867,1022294,1029533,1029530,1021262,1029529,1012933,1029535,0,3600,0,68,0,57,3600,11,11.0,9199
