matchId,squadId,oppSquadId,period,badHands,badPasses,blocked,blocks,breaks,centrePassReceives,contactPenalties,defensiveRebounds,deflections,feeds,gain,goalAssists,goalAttempts,goalMisses,goals,intercepts,missedGoalTurnover,obstructionPenalties,offensiveRebounds,offsides,penalties,pickups,rebounds,tossUpWin,turnovers,possessions,pacePer60,offensiveRating,defensiveRating,netRating
80121103,804,808,1,0,4,0,0,0,12,11,0,3,7,2,2,8,2,6,2,0,10,0,0,21,1,0,0,7,15,59.47136563876652,40.0,73.91304347826086,-33.91304347826086
80121103,804,808,2,2,2,0,0,1,8,12,0,4,9,1,4,9,1,8,0,0,8,0,0,20,1,0,0,5,14,55.87583148558758,57.14285714285714,63.1578947368421,-6.015037593984964
80121103,804,808,3,0,1,0,0,0,10,15,1,4,17,3,10,17,5,12,1,0,4,1,0,19,4,2,0,4,20,79.64601769911505,60.0,76.47058823529412,-16.470588235294116
80121103,804,808,4,2,1,0,0,0,10,11,2,1,13,4,10,14,1,13,2,0,2,0,1,13,4,2,0,5,19,75.58011049723757,68.42105263157895,50.0,18.421052631578945
80121103,808,804,1,2,1,0,0,0,11,5,2,4,21,5,10,18,1,17,1,0,2,0,0,7,6,2,0,5,23,91.18942731277534,73.91304347826086,40.0,33.91304347826086
80121103,808,804,2,2,1,0,0,0,10,8,0,6,17,1,3,17,5,12,0,0,3,3,1,11,6,3,0,5,19,75.83148558758315,63.1578947368421,57.14285714285714,6.015037593984964
80121103,808,804,3,0,1,0,0,0,10,9,2,6,13,5,7,15,2,13,3,0,1,1,0,10,1,3,0,3,17,67.69911504424779,76.47058823529412,60.0,16.470588235294116
80121103,808,804,4,2,1,0,0,1,12,9,0,6,13,4,6,12,2,10,2,0,1,0,0,10,5,0,0,8,20,79.55801104972376,50.0,68.42105263157895,-18.421052631578945
