matchId,squadId,GS,GA,WA,C,WD,GD,GK,startingTime,finishTime,teamStartScore,teamEndScore,oppStartScore,oppEndScore,duration,plusMinus,plusMinusPer60
103930502,806,1001944,999128,80574,80439,991904,1003784,998404,0,1816,0,32,0,27,1816,5,9.911894273127754
103930502,806,1001944,999128,80574,80439,1001701,1003784,998404,1816,3630,32,64,27,54,1814,5,9.92282249173098
103930502,8119,80052,80067,80041,80833,80299,1007301,80048,0,2467,0,37,0,47,2467,-10,-14.59262261856506
103930502,8119,80052,80067,80041,80833,80299,1013050,80048,2467,2722,37,40,47,51,255,-1,-14.117647058823529
103930502,8119,80052,80067,80041,80152,80299,1013050,80048,2722,3260,40,48,51,60,538,-1,-6.691449814126394
103930502,8119,80052,994215,80041,80152,80299,1013050,80048,3260,3630,48,54,60,64,370,2,19.45945945945946
