matchId,squadId,GS,GA,WA,C,WD,GD,GK,startingTime,finishTime,teamStartScore,teamEndScore,oppStartScore,oppEndScore,duration,plusMinus,plusMinusPer60,oppSquadId
120450802,8118,80150,1019169,995217,80701,1001356,80470,1001803,0,3600,0,50,0,54,3600,-4,-4.0,801
120450802,801,1006558,1007306,1015271,1020223,1019205,1007301,80830,0,2002,0,31,0,32,2002,-1,-1.7982017982017982,8118
120450802,801,1022294,1006558,1015271,1020223,1019205,1007301,80830,2002,2346,31,35,32,35,344,1,10.465116279069766,8118
120450802,801,1022294,1006558,1015271,999806,1019205,1007301,80830,2346,3600,35,54,35,50,1254,4,11.483253588516748,8118
