matchId,squadId,GS,GA,WA,C,WD,GD,GK,startingTime,finishTime,teamStartScore,teamEndScore,oppStartScore,oppEndScore,duration,plusMinus,plusMinusPer60
107240904,8119,1010545,80009,80575,1001583,80299,80470,80010,0,2504,0,41,0,37,2504,4,5.7507987220447285
107240904,8119,1010545,80009,80575,80833,80299,80470,80010,2504,3600,41,63,37,50,1096,9,29.56204379562044
107240904,807,1001865,993463,992954,1007220,991905,1007219,1006231,0,900,0,10,0,15,900,-5,-20.0
107240904,807,1001865,993463,992954,80552,991905,1007219,1006231,900,1606,10,22,15,25,706,2,10.198300283286118
107240904,807,1001865,993463,992954,80552,991905,1006231,80078,1606,1800,22,25,25,29,194,-1,-18.556701030927833
107240904,807,1001865,993463,992954,80552,991905,1007219,1006231,1800,2978,25,42,29,50,1178,-4,-12.224108658743633
107240904,807,80078,993463,992954,80552,991905,1007219,1006231,2978,3600,42,50,50,63,622,-5,-28.938906752411576
