matchId,squadId,GS,GA,WA,C,WD,GD,GK,startingTime,finishTime,teamStartScore,teamEndScore,oppStartScore,oppEndScore,duration,plusMinus,plusMinusPer60,oppSquadId
80050402,804,80052,80050,80171,80043,80045,80049,80042,0,2727,0,40,0,24,2727,16,21.122112211221122,808
80050402,804,80052,80050,80171,80043,80174,80049,80042,2727,3633,40,48,24,31,906,1,3.9735099337748347,808
80050402,808,80093,80156,80141,80094,80095,80061,80099,0,1824,0,19,0,29,1824,-10,-19.736842105263158,804
80050402,808,80093,80156,80141,80094,80096,80061,80099,1824,2392,19,23,29,36,568,-3,-19.014084507042252,804
80050402,808,80093,80074,80141,80094,80096,80061,80099,2392,2727,23,24,36,40,335,-3,-32.23880597014926,804
80050402,808,80093,80156,80141,80094,80096,80061,80099,2727,3633,24,31,40,48,906,-1,-3.9735099337748347,804
