matchId,squadId,GS,GA,WA,C,WD,GD,GK,startingTime,finishTime,teamStartScore,teamEndScore,oppStartScore,oppEndScore,duration,plusMinus,plusMinusPer60,oppSquadId
95630805,802,80540,80198,80107,80028,80223,80020,80428,0.0,608.0,0,6,0,13,608.0,-7,-41.44736842105264,801
95630805,802,80540,80198,80699,80028,80223,80020,80428,608.0,2893.0,6,40,13,45,2285.0,2,3.150984682713348,801
95630805,802,80540,80198,80028,994106,80223,80020,80428,2893.0,3519.0,40,49,45,59,626.0,-5,-28.75399361022364,801
95630805,802,80540,80198,80028,994106,80524,80020,80428,3519.0,3763.0,49,51,59,63,244.0,-2,-29.508196721311478,801
95630805,801,80295,80067,80001,80576,80045,80180,80530,0.0,2745.0,0,43,0,39,2745.0,4,5.245901639344262,802
95630805,801,80295,80067,80001,80439,80045,80180,80530,2745.0,3763.0,43,63,39,51,1018.0,8,28.290766208251476,802
