matchId,squadId,GS,GA,WA,C,WD,GD,GK,startingTime,finishTime,teamStartScore,teamEndScore,oppStartScore,oppEndScore,duration,plusMinus,plusMinusPer60,oppSquadId
80060101,804,80052,80050,80171,80043,80045,80049,80042,0,3355,0,55,0,39,3355,16,17.168405365126677,809
80060101,804,80052,80046,80171,80043,80045,80049,80042,3355,3647,55,58,39,43,292,-1,-12.328767123287673,809
80060101,809,80111,80100,80091,80105,80109,80108,80101,0,2411,0,29,0,40,2411,-11,-16.424720033181256,804
80060101,809,80111,80100,80091,80102,80105,80101,80109,2411,2421,29,29,40,40,10,0,0.0,804
80060101,809,80111,80100,80104,80102,80105,80101,80109,2421,2717,29,31,40,44,296,-2,-24.324324324324323,804
80060101,809,80111,80100,80104,80105,80108,80101,80109,2717,3128,31,36,44,50,411,-1,-8.75912408759124,804
80060101,809,80111,80100,80091,80105,80108,80101,80109,3128,3647,36,43,50,58,519,-1,-6.936416184971098,804
