matchId,squadId,GS,GA,WA,C,WD,GD,GK,startingTime,finishTime,teamStartScore,teamEndScore,oppStartScore,oppEndScore,duration,plusMinus,plusMinusPer60,oppSquadId
80180203,801,80295,80067,80173,80014,80294,80002,80048,0,951,0,11,0,18,951,-7,-26.498422712933753,804
80180203,801,80295,80067,80173,80014,80002,80294,80048,951,1840,11,23,18,31,889,-1,-4.049493813273341,804
80180203,801,80295,80067,80001,80014,80002,80294,80048,1840,2503,23,30,31,40,663,-2,-10.859728506787329,804
80180203,801,80295,80130,80001,80014,80002,80294,80048,2503,2746,30,31,40,47,243,-6,-88.88888888888889,804
80180203,801,80295,80130,80001,80014,80048,80294,80440,2746,3656,31,47,47,65,910,-2,-7.912087912087912,804
80180203,804,80003,80050,80171,80041,80045,80042,80010,0,1840,0,31,0,23,1840,8,15.652173913043478,801
80180203,804,80003,80050,80041,80178,80045,80042,80010,1840,2746,31,47,23,31,906,8,31.788079470198678,801
80180203,804,80003,80050,80041,80178,80045,80452,80010,2746,3006,47,51,31,34,260,1,13.846153846153847,801
80180203,804,80003,80050,80041,80178,80045,80452,80042,3006,3656,51,65,34,47,650,1,5.538461538461538,801
