matchId,squadId,GS,GA,WA,C,WD,GD,GK,startingTime,finishTime,teamStartScore,teamEndScore,oppStartScore,oppEndScore,duration,plusMinus,plusMinusPer60
80350203,810,80113,80064,80473,80152,80299,80133,80530,0,3046,0,68,0,43,3046,25,29.546946815495733
80350203,810,80113,80064,80473,80152,80299,80450,80530,3046,3647,68,80,43,53,601,2,11.980033277870215
80350203,805,80054,80100,80055,80304,80223,80049,80428,0,917,0,13,0,23,917,-10,-39.25845147219193
80350203,805,80054,80100,80581,80055,80049,80304,80428,917,2740,13,40,23,61,1823,-11,-21.72243554580362
80350203,805,80198,80100,80581,80055,80049,80580,80428,2740,3647,40,53,61,80,907,-6,-23.814773980154353
