matchId,squadId,GS,GA,WA,C,WD,GD,GK,startingTime,finishTime,teamStartScore,teamEndScore,oppStartScore,oppEndScore,duration,plusMinus,plusMinusPer60
80180102,805,80054,80100,80055,80063,80109,80304,80192,0,2732,0,36,0,26,2732,10,13.177159590043924
80180102,805,80054,80100,80088,80063,80109,80192,80059,2732,3630,36,51,26,34,898,7,28.062360801781736
80180102,808,80287,80058,80094,80095,80096,80098,80057,0,2732,0,26,0,36,2732,-10,-13.177159590043924
80180102,808,80287,80058,80094,80095,80223,80098,80057,2732,3102,26,30,36,45,370,-5,-48.648648648648646
80180102,808,80287,80058,80282,80095,80223,80098,80057,3102,3630,30,34,45,51,528,-2,-13.636363636363635
