matchId,squadId,GS,GA,WA,C,WD,GD,GK,startingTime,finishTime,teamStartScore,teamEndScore,oppStartScore,oppEndScore,duration,plusMinus,plusMinusPer60,oppSquadId
120451004,810,80826,1007298,994215,80473,998408,1014130,80343,0,2364,0,63,0,42,2364,21,31.979695431472084,807
120451004,810,80826,1007298,994215,998408,1007219,1014130,80343,2364,2700,63,71,42,48,336,2,21.42857142857143,807
120451004,810,80826,1007298,994215,80473,998408,1014130,80343,2700,3261,71,84,48,57,561,4,25.668449197860962,807
120451004,810,80826,1007298,994215,998408,1007219,1014130,80343,3261,3600,84,97,57,63,339,7,74.3362831858407,807
120451004,807,1021253,1029501,1004472,80833,1001703,1016035,1029513,0,1800,0,30,0,50,1800,-20,-40.0,810
120451004,807,1021253,1021092,1004472,1019380,80833,1016035,1029513,1800,2700,30,48,50,71,900,-3,-12.0,810
120451004,807,1021253,1021092,1029514,1019380,80833,1016035,1029513,2700,3600,48,63,71,97,900,-11,-44.0,810
