matchId,squadId,GS,GA,WA,C,WD,GD,GK,startingTime,finishTime,teamStartScore,teamEndScore,oppStartScore,oppEndScore,duration,plusMinus,plusMinusPer60,oppSquadId
127160201,806,1014724,999128,80473,80574,1007302,1003784,998404,0.0,685.0,0,9,0,12,685.0,-3,-15.766423357664236,804
127160201,806,1014724,999128,1030765,80574,1007302,1003784,998404,685.0,3600.0,9,65,12,66,2915.0,2,2.469982847341338,804
127160201,804,1001711,1001708,1034300,991901,1001701,80577,1005495,0.0,1472.0,0,20,0,25,1472.0,-5,-12.228260869565217,806
127160201,804,1001711,1001708,1040373,991901,1001701,80577,1005495,1472.0,2186.0,20,34,25,40,714.0,-1,-5.042016806722689,806
127160201,804,1001711,1001708,1034300,991901,80577,1001701,1005495,2186.0,2490.0,34,37,40,47,304.0,-4,-47.36842105263158,806
127160201,804,1001711,1034295,1034300,991901,80577,1001701,1005495,2490.0,2499.0,37,37,47,48,9.0,-1,-400.0,806
127160201,804,1001708,1034295,1034300,991901,80577,1001701,1005495,2499.0,2700.0,37,41,48,51,201.0,1,17.91044776119403,806
127160201,804,1001711,1001708,1034300,991901,1001701,80577,1005495,2700.0,3600.0,41,66,51,65,900.0,11,44.0,806
