matchId,squadId,GS,GA,WA,C,WD,GD,GK,startingTime,finishTime,teamStartScore,teamEndScore,oppStartScore,oppEndScore,duration,plusMinus,plusMinusPer60,oppSquadId
95630201,808,80478,80582,80095,80424,80477,80287,80826,0,3877,0,68,0,54,3877,14,12.99974206860975,802
95630201,802,80020,80524,80223,80028,80107,80565,80540,0,2017,0,25,0,32,2017,-7,-12.49380267724343,808
95630201,802,80020,80524,80223,80028,80107,80565,80020,2017,2467,25,34,32,40,450,1,8.0,808
95630201,802,80020,80524,80223,80028,80107,80565,80428,2467,2967,34,40,40,51,500,-5,-36.0,808
95630201,802,80020,80524,80223,80028,80699,80020,80428,2967,3877,40,54,51,68,910,-3,-11.868131868131869,808
