matchId,squadId,GS,GA,WA,C,WD,GD,GK,startingTime,finishTime,teamStartScore,teamEndScore,oppStartScore,oppEndScore,duration,plusMinus,plusMinusPer60,oppSquadId
124381403,8118,80150,1019169,995217,80701,1022764,1011747,1013638,0,3600,0,71,0,72,3600,-1,-1.0,806
124381403,806,1029500,999128,80439,80574,1003784,1007299,998404,0,922,0,17,0,22,922,-5,-19.522776572668114,8118
124381403,806,1029500,999128,80439,80574,1014127,1007299,998404,922,1219,17,23,22,27,297,1,12.121212121212121,8118
124381403,806,1029500,1025018,80439,80574,1014127,1007299,998404,1219,1338,23,25,27,30,119,-1,-30.252100840336134,8118
124381403,806,1029500,1025018,80439,80574,1014127,1003784,998404,1338,1432,25,26,30,32,94,-1,-38.297872340425535,8118
124381403,806,999128,1025018,80439,80574,1014127,1003784,998404,1432,1800,26,34,32,37,368,3,29.347826086956523,8118
124381403,806,1029500,999128,80574,80439,1014127,1003784,998404,1800,2430,34,44,37,48,630,-1,-5.714285714285714,8118
124381403,806,1029500,999128,80574,80439,1014127,1007299,998404,2430,2700,44,51,48,55,270,0,0.0,8118
124381403,806,1029500,999128,80574,80439,1014127,1003784,998404,2700,3600,51,72,55,71,900,5,20.0,8118
