matchId,squadId,oppSquadId,period,badHands,badPasses,blocked,blocks,breaks,centrePassReceives,contactPenalties,defensiveRebounds,deflections,feeds,gain,goalAssists,goalAttempts,goalMisses,goals,intercepts,missedGoalTurnover,obstructionPenalties,offensiveRebounds,offsides,penalties,pickups,rebounds,tossUpWin,turnovers,possessions,pacePer60,offensiveRating,defensiveRating,netRating
80350103,802,809,1,0,2,0,0,1,13,10,1,3,18,2,9,14,2,12,1,0,8,1,0,18,0,2,0,5,18,71.2871287128713,66.66666666666666,73.91304347826086,-7.246376811594203
80350103,802,809,2,0,2,0,0,1,14,14,2,3,17,3,7,14,5,9,1,0,7,0,1,21,1,2,0,7,21,83.53591160220995,42.857142857142854,79.16666666666666,-36.3095238095238
80350103,802,809,3,0,3,0,1,1,13,7,0,6,16,4,8,19,7,12,2,0,4,2,1,11,5,2,0,6,23,92.0,52.17391304347826,62.96296296296296,-10.789049919484704
80350103,802,809,4,2,1,0,0,0,14,9,1,4,17,5,9,18,5,13,4,0,3,2,0,12,4,3,0,5,21,83.81374722838137,61.904761904761905,76.19047619047619,-14.285714285714285
80350103,809,802,1,0,3,0,0,0,14,5,1,4,19,4,9,19,2,17,1,0,1,1,0,6,3,2,0,5,23,91.08910891089108,73.91304347826086,66.66666666666666,7.246376811594203
80350103,809,802,2,0,1,0,0,0,12,6,2,3,23,4,11,21,2,19,2,0,1,0,0,7,2,2,0,3,24,95.4696132596685,79.16666666666666,42.857142857142854,36.3095238095238
80350103,809,802,3,1,4,1,0,0,15,11,2,3,20,7,12,19,2,17,4,0,3,0,1,14,4,2,0,8,27,108.0,62.96296296296296,52.17391304347826,10.789049919484704
80350103,809,802,4,0,2,0,0,0,14,6,2,7,15,5,8,21,5,16,3,0,4,4,2,10,3,6,0,4,21,83.81374722838137,76.19047619047619,61.904761904761905,14.285714285714285
