matchId,squadId,GS,GA,WA,C,WD,GD,GK,startingTime,finishTime,teamStartScore,teamEndScore,oppStartScore,oppEndScore,duration,plusMinus,plusMinusPer60
80350103,802,80150,80028,80107,80146,80024,80314,80524,0,1814,0,21,0,36,1814,-15,-29.768467475192942
80350103,802,80150,80282,80028,80146,80247,80024,80524,1814,2197,21,25,36,45,383,-5,-46.997389033942554
80350103,802,80150,80282,80028,80146,80247,80524,80225,2197,2714,25,33,45,53,517,0,0.0
80350103,802,80150,80282,80028,80146,80024,80314,80225,2714,3616,33,46,53,69,902,-3,-11.973392461197339
80350103,809,80111,80387,80572,80105,80175,80101,80057,0,1814,0,36,0,21,1814,15,29.768467475192942
80350103,809,80111,80022,80091,80105,80175,80101,80057,1814,2714,36,53,21,33,900,5,20.0
80350103,809,80111,80022,80091,80105,80175,80101,80393,2714,3616,53,69,33,46,902,3,11.973392461197339
