matchId,squadId,GS,GA,WA,C,WD,GD,GK,startingTime,finishTime,teamStartScore,teamEndScore,oppStartScore,oppEndScore,duration,plusMinus,plusMinusPer60,oppSquadId
80280102,805,80054,80100,80055,80063,80146,80304,80059,0,1602,0,24,0,24,1602,0,0.0,803
80280102,805,80054,80100,80055,80063,80023,80304,80059,1602,2732,24,37,24,37,1130,0,0.0,803
80280102,805,80054,80055,80063,80146,80023,80304,80059,2732,3642,37,51,37,47,910,4,15.824175824175825,803
80280102,803,80052,80058,80170,80154,80109,80098,80099,0,1828,0,27,0,27,1828,0,0.0,805
80280102,803,80052,80058,80154,80212,80109,80098,80099,1828,2732,27,37,27,37,904,0,0.0,805
80280102,803,80052,80032,80154,80212,80109,80098,80099,2732,3390,37,43,37,48,658,-5,-27.35562310030395,805
80280102,803,80052,80032,80170,80154,80109,80098,80099,3390,3642,43,47,48,51,252,1,14.285714285714285,805
