matchId,squadId,GS,GA,WA,C,WD,GD,GK,startingTime,finishTime,teamStartScore,teamEndScore,oppStartScore,oppEndScore,duration,plusMinus,plusMinusPer60,oppSquadId
100830703,8117,80113,80475,80575,80296,80105,80559,80010,0,3633,0,60,0,49,3633,11,10.900082576383156,807
100830703,807,80078,993463,1007220,992954,991905,80440,991903,0,906,0,12,0,15,906,-3,-11.920529801324504,8117
100830703,807,80078,1004465,993463,992954,991905,80440,991903,906,1552,12,22,15,25,646,0,0.0,8117
100830703,807,80078,1004465,993463,992954,991905,1007219,991903,1552,2423,22,33,25,37,871,-1,-4.133180252583237,8117
100830703,807,80078,1004465,993463,992954,991905,80440,991903,2423,3221,33,43,37,50,798,-3,-13.533834586466167,8117
100830703,807,80078,993463,1007220,992954,991905,80440,991903,3221,3633,43,49,50,60,412,-4,-34.95145631067961,8117
