attempt1,attempt2,goal1,goal2,goalMisses,goalAssists,feeds,feedWithAttempt,centrePassReceives,gain,intercepts,deflections,deflectionWithGain,deflectionWithNoGain,rebounds,pickups,contactPenalties,obstructionPenalties,generalPlayTurnovers,interceptPassThrown,badHands,badPasses,offsides,minutesPlayed,roundNo,squadId,oppSquadId,fantasyScore,matchId,playerId,netPoints
0.0,0.0,0.0,0.0,0.0,0.0,0.0,0.0,0.0,0.0,0.0,0.0,0.0,0.0,0.0,0.0,0.0,0.0,0.0,0.0,0.0,0.0,0.0,5.366666666666666,7.0,8119.0,801.0,15.715555555555556,120450704.0,1001707.0,1.0
0.0,0.0,0.0,0.0,0.0,11.37337411215352,18.779026124578024,14.261640689541787,9.282656471077042,0.21973638570933052,0.0,0.21546348122925668,0.22565236532458174,0.0,0.041597737076808375,1.424286788061327,3.6043616159366585,0.4524282051557119,4.116615367763842,1.1266677556485896,1.1861766051403364,0.11375041486061932,0.17917562219122188,37.01807684683692,11.0,8119.0,8117.0,88.14170963361377,,,
0.0,0.0,0.0,0.0,0.0,8.839057136375766,17.288572635153617,11.951000323748064,7.479819792139258,0.21617058691830154,0.0,0.18200349072438957,0.1566992880617353,0.0,0.02511225916044555,1.381006751389992,3.5214779944234147,0.40488888168452447,5.573329554593468,1.9504451178689655,0.9810883760815932,0.16623025215888063,0.12359879162914048,37.91595841525034,12.0,8119.0,801.0,61.872212486755444,,,
0.0,0.0,0.0,0.0,0.0,9.134612296043981,16.19886536289772,11.549709272772807,8.24988554917633,0.09484774137682206,0.0,0.12236135957066187,0.10932531155994844,0.0,0.010190903986524422,1.0750012011723442,4.4142479831457795,0.3479589642391813,4.633669891362199,0.968406057879742,1.1346153846153846,0.06043956043956043,0.06799007444168734,36.906181864144344,13.0,8119.0,804.0,70.82874317387514,,,
0.0,0.0,0.0,0.0,0.0,9.44803305268478,16.63033884388865,12.365257909748172,9.10538062338392,0.061351383552259255,0.0,0.06618805143527046,0.05845096005517619,0.0,0.006563171601892925,0.6647662423477886,3.5217318945451312,0.18681046756325972,3.4837842979166354,0.8360346184107003,0.6494605963296665,0.05306776262745182,0.013862693323274234,35.05872991347942,14.0,8119.0,810.0,78.58347268131782,,,
