attempt1,attempt2,goal1,goal2,goalMisses,goalAssists,feeds,feedWithAttempt,centrePassReceives,gain,intercepts,deflections,deflectionWithGain,deflectionWithNoGain,rebounds,pickups,contactPenalties,obstructionPenalties,generalPlayTurnovers,interceptPassThrown,badHands,badPasses,offsides,minutesPlayed,roundNo,squadId,oppSquadId,fantasyScore,matchId,playerId,netPoints
0.0,0.0,0.0,0.0,0.0,0.0,0.0,0.0,0.0,0.0,0.0,0.0,0.0,0.0,0.0,0.0,0.0,0.0,0.0,0.0,0.0,0.0,0.0,5.366666666666666,7.0,8119.0,801.0,15.715555555555556,120450704.0,1001707.0,1.0
0.0,0.0,0.0,0.0,0.0,11.37337411215352,18.779026124578024,14.261640689541787,9.282656471077042,0.21973638570933052,0.0,0.21546348122925668,0.22565236532458174,0.0,0.041597737076808375,1.424286788061327,3.6043616159366585,0.4524282051557119,4.116615367763842,1.1266677556485896,1.1861766051403364,0.11375041486061932,0.17917562219122188,37.01807684683692,11.0,8119.0,8117.0,88.14170963361377,,,
0.0,0.0,0.0,0.0,0.0,5.931921496634321,11.611122883850156,8.07985898949149,5.3874362215796,0.0,0.0,0.0610311269696383,0.0,0.04641642161102462,0.0,0.5611645299145299,3.881157318003552,0.000668643525786383,3.351841151371668,0.8033840225984598,0.3216473791695031,0.06872946131258152,0.0,30.734176626989946,12.0,8119.0,801.0,52.04282315659445,,,
0.0,0.0,0.0,0.0,0.0,5.334638260703846,9.806106818369095,6.900461149039425,4.928103536089546,0.0,0.0,0.039802291793371754,0.0,0.02961562635414999,0.0,0.22208722288295843,4.1867045007407935,0.0,2.498794584411023,0.31665671373674253,0.12487546699875468,0.03129428436466698,0.0,28.321590154011798,13.0,8119.0,804.0,44.393156268938085,,,
0.0,0.0,0.0,0.0,0.0,5.334480190214712,10.224521302397552,7.2326171490479325,5.345259146198092,0.0,0.0,0.003247865170372889,0.0,0.0008335760128766895,0.0,0.14188708949747889,3.4481953101541336,0.0,2.0703222960404473,0.1763402295068482,0.0837523749933233,0.000957371004514688,0.0,27.208276168816667,14.0,8119.0,810.0,48.63896545556598,,,
