attempt1,attempt2,goal1,goal2,goalMisses,goalAssists,feeds,feedWithAttempt,centrePassReceives,gain,intercepts,deflections,deflectionWithGain,deflectionWithNoGain,rebounds,pickups,contactPenalties,obstructionPenalties,generalPlayTurnovers,interceptPassThrown,badHands,badPasses,offsides,minutesPlayed,roundNo,squadId,oppSquadId,fantasyScore,matchId,playerId,netPoints
0.0,0.0,0.0,0.0,0.0,0.0,0.0,0.0,3.0,0.0,0.0,0.0,0.0,0.0,0.0,0.0,4.0,0.0,1.0,0.0,0.0,1.0,0.0,37.43333333333333,9.0,810.0,806.0,18.0,120450902.0,1022296.0,2.0
0.0,0.0,0.0,0.0,0.0,10.137987872346168,17.31024420264046,11.591062271469255,10.077807606355265,0.13821114108683405,0.14358311345646438,0.0,0.0,0.0,0.0,1.6634234828496044,4.395084463997232,0.5086066088704612,1.488267039941201,0.17142926500437883,0.0,0.040781254569052586,0.10115807950894778,42.840999250526735,11.0,810.0,801.0,71.36089770175319,,,
0.0,0.0,0.0,0.0,0.0,12.955538800433748,18.323356642888186,13.607652212748203,11.700858624477663,0.12475049900199599,0.12041458294929504,0.0,0.0,0.0,0.0,1.7160611598300521,3.883258785539095,0.532572557388904,1.077347260366485,0.08921111265840412,0.0,0.0037909791926937497,0.04160238475015036,41.284572606245796,12.0,810.0,8117.0,85.11362862009379,,,
0.0,0.0,0.0,0.0,0.0,9.996420510355144,14.213870422050885,10.369431055402176,9.836222635487905,0.10120122832369942,0.07810978764596907,0.0,0.0,0.0,0.0,1.624151796933903,3.8886760962261757,0.6454817732612345,0.8644006186610408,0.023248301085689895,0.0,0.009628958200216949,0.03777021141816454,38.4439642174023,13.0,810.0,8118.0,72.57945224236855,,,
0.0,0.0,0.0,0.0,0.0,9.180313959085298,13.364784441510873,9.620043572984748,8.760164091462835,0.01730426874105035,0.01933778936746296,0.0,0.0,0.0,0.0,0.9220671908963048,2.7865271156410394,0.261038603860386,0.7911991270200226,0.020067076763068945,0.0,0.004073658394646049,0.012847049732295637,35.50989097361778,14.0,810.0,8119.0,65.47722720018345,,,
