attempt1,attempt2,goal1,goal2,goalMisses,goalAssists,feeds,feedWithAttempt,centrePassReceives,gain,intercepts,deflections,deflectionWithGain,deflectionWithNoGain,rebounds,pickups,contactPenalties,obstructionPenalties,generalPlayTurnovers,interceptPassThrown,badHands,badPasses,offsides,minutesPlayed,roundNo,squadId,oppSquadId,fantasyScore,matchId,playerId,netPoints
0.0,0.0,0.0,0.0,0.0,0.0,0.0,0.0,3.0,0.0,0.0,0.0,0.0,0.0,0.0,0.0,4.0,0.0,1.0,0.0,0.0,1.0,0.0,37.43333333333333,9.0,810.0,806.0,18.0,120450902.0,1022296.0,2.0
0.0,0.0,0.0,0.0,0.0,0.0,0.0,0.0,1.2474781504438612,0.0,0.0,0.0,0.0,0.0,0.0,0.0,2.1462915886584053,0.0,0.25586161457250517,0.0,0.0,0.2700212818826775,0.0,24.127191259276618,11.0,810.0,801.0,17.720691927137473,,,
0.0,0.0,0.0,0.0,0.0,0.0,0.0,0.0,0.9801183654140516,0.0,0.0,0.0,0.0,0.0,0.0,0.0,1.7932227194612371,0.0,0.04767450541246734,0.0,0.0,0.04277996042882007,0.0,21.506829452659744,12.0,810.0,8117.0,19.761627472937665,,,
0.0,0.0,0.0,0.0,0.0,0.0,0.0,0.0,0.9204140849042597,0.0,0.0,0.0,0.0,0.0,0.0,0.0,1.630029960622749,0.0,0.044933284994517916,0.0,0.0,0.05614632791226643,0.0,21.211366973847216,13.0,810.0,8118.0,19.77533357502741,,,
0.0,0.0,0.0,0.0,0.0,0.0,0.0,0.0,0.865706359971365,0.0,0.0,0.0,0.0,0.0,0.0,0.0,1.364884719710669,0.0,0.026217128642501777,0.0,0.0,0.026718106995884776,0.0,21.435303126120854,14.0,810.0,8119.0,19.868914356787492,,,
