attempt1,attempt2,goal1,goal2,goalMisses,goalAssists,feeds,feedWithAttempt,centrePassReceives,gain,intercepts,deflections,deflectionWithGain,deflectionWithNoGain,rebounds,pickups,contactPenalties,obstructionPenalties,generalPlayTurnovers,interceptPassThrown,badHands,badPasses,offsides,minutesPlayed,roundNo,squadId,oppSquadId,fantasyScore,matchId,playerId,netPoints
0.0,0.0,0.0,0.0,0.0,0.0,0.0,0.0,0.0,0.0,0.0,0.0,0.0,0.0,0.0,0.0,0.0,0.0,0.0,0.0,0.0,0.0,0.0,0.0,8.0,806.0,8117.0,0.0,120450804.0,1027549.0,0.0
0.0,0.0,0.0,0.0,0.0,1.0,4.0,2.0,4.0,0.0,0.0,0.0,0.0,0.0,0.0,1.0,0.0,0.0,1.0,0.0,0.0,0.0,0.0,8.583333333333334,10.0,806.0,8119.0,23.0,120451003.0,1027549.0,7.5
0.0,0.0,0.0,0.0,0.0,4.2594042988100576,9.463039088946577,5.426376227217538,8.630290294592895,0.10222298027176077,0.09866505204278753,0.1294338736199201,0.0,0.13269054178145084,0.0,0.21923797626483443,0.6560784869402104,0.37787345582116183,0.5344532011198678,0.04191525390355799,0.0,0.0,0.0,19.51368019698465,11.0,806.0,804.0,41.7455714412183,,,
0.0,0.0,0.0,0.0,0.0,4.262501376688213,9.355499392072595,5.419896926838429,8.961613464415878,0.029559741316931985,0.02281499103696781,0.025331769513604,0.0,0.023552432571963912,0.0,0.1621066063120649,0.5847038477361051,0.30469880607814764,0.5426817136300613,0.051712782827976464,0.0,0.0,0.0,18.95038236987921,12.0,806.0,8118.0,39.578611896371015,,,
0.0,0.0,0.0,0.0,0.0,4.040793622871141,8.29103214890017,4.958752514944673,7.58392607388299,0.021297613402876562,0.022555150251867294,0.02043456874612374,0.0,0.020266339423688755,0.0,0.1501734930565,0.36815925472596217,0.11018551541810316,0.47732710243581206,0.03343907908930903,0.0,0.0,0.0,15.604985459325356,13.0,806.0,807.0,37.96503152420775,,,
0.0,0.0,0.0,0.0,0.0,2.7452079600408723,6.765478919545905,3.608145477178525,6.005161637827751,0.015388373229115779,0.015986486486486488,0.013010583398932914,0.0,0.013548577118893674,0.0,0.12395536984352774,0.3902599885725849,0.1001538595523558,0.5422207975210199,0.04431644181895606,0.0,0.0,0.0,15.461044743290813,14.0,806.0,801.0,32.106748093928815,,,
