attempt1,attempt2,goal1,goal2,goalMisses,goalAssists,feeds,feedWithAttempt,centrePassReceives,gain,intercepts,deflections,deflectionWithGain,deflectionWithNoGain,rebounds,pickups,contactPenalties,obstructionPenalties,generalPlayTurnovers,interceptPassThrown,badHands,badPasses,offsides,minutesPlayed,roundNo,squadId,oppSquadId,fantasyScore,matchId,playerId,netPoints
0.0,0.0,0.0,0.0,0.0,0.0,0.0,0.0,0.0,0.0,0.0,0.0,0.0,0.0,0.0,0.0,0.0,0.0,0.0,0.0,0.0,0.0,0.0,0.0,8.0,806.0,8117.0,0.0,120450804.0,1027549.0,0.0
0.0,0.0,0.0,0.0,0.0,1.0,4.0,2.0,4.0,0.0,0.0,0.0,0.0,0.0,0.0,1.0,0.0,0.0,1.0,0.0,0.0,0.0,0.0,8.583333333333334,10.0,806.0,8119.0,23.0,120451003.0,1027549.0,7.5
0.0,0.0,0.0,0.0,0.0,0.1414975654870386,1.6083526503106753,0.6038676492432785,2.2840636754323964,0.0,0.0,0.0,0.0,0.0,0.0,0.12829449377644125,0.039261684881791076,0.0,0.5756660829147943,0.2568414521412351,0.0,0.0,0.0,5.2061134024999545,11.0,806.0,804.0,14.173219549326655,,,
0.0,0.0,0.0,0.0,0.0,0.03680076191049669,1.2336477480581356,0.38180716483442795,1.7596475738393467,0.0,0.0,0.0,0.0,0.0,0.0,0.03749913596460911,0.0017917857178754825,0.0,0.328502604711383,0.13636614063420027,0.0,0.0,0.0,4.235639302698348,12.0,806.0,8118.0,14.047854136701723,,,
0.0,0.0,0.0,0.0,0.0,0.02459609701185126,1.2803755496797364,0.36531567930466824,1.730620189581907,0.0,0.0,0.0,0.0,0.0,0.0,0.023395809490905688,0.001005664600922747,0.0,0.25464536673678756,0.09280201206155178,0.0,0.0,0.0,4.127342741009545,13.0,806.0,807.0,14.501522351001142,,,
0.0,0.0,0.0,0.0,0.0,0.012634425993442786,1.0936963558907133,0.26063535073603683,1.416720925197064,0.0,0.0,0.0,0.0,0.0,0.0,0.016959549071618035,0.0005292554077000765,0.0,0.2727740210790235,0.1406961879178,0.0,0.0,0.0,4.275293839947791,14.0,806.0,801.0,14.08494395341936,,,
