attempt1,attempt2,goal1,goal2,goalMisses,goalAssists,feeds,feedWithAttempt,centrePassReceives,gain,intercepts,deflections,deflectionWithGain,deflectionWithNoGain,rebounds,pickups,contactPenalties,obstructionPenalties,generalPlayTurnovers,interceptPassThrown,badHands,badPasses,offsides,minutesPlayed,roundNo,squadId,oppSquadId,fantasyScore,matchId,playerId,netPoints
0.0,0.0,0.0,0.0,0.0,0.0,2.0,0.0,0.0,0.0,0.0,1.0,0.0,1.0,0.0,0.0,2.0,0.0,0.0,0.0,0.0,0.0,0.0,9.5,4.0,8117.0,804.0,21.266666666666666,120450401.0,1028098.0,9.5
0.0,0.0,0.0,0.0,0.0,0.0,0.0,0.0,1.0,1.0,1.0,1.0,0.0,1.0,0.0,0.0,5.0,2.0,0.0,0.0,0.0,0.0,0.0,33.166666666666664,8.0,8117.0,806.0,51.84444444444444,120450804.0,1028098.0,14.5
0.0,0.0,0.0,0.0,0.0,0.0,0.0,0.0,0.0,0.0,0.0,0.0,0.0,0.0,0.0,0.0,12.0,2.0,0.0,0.0,0.0,0.0,1.0,45.0,9.0,8117.0,804.0,27.0,120450903.0,1028098.0,1.0
0.0,0.0,0.0,0.0,0.0,0.0,0.0,0.0,1.0,0.0,0.0,0.0,0.0,0.0,0.0,2.0,6.0,4.0,1.0,1.0,0.0,0.0,0.0,30.0,10.0,8117.0,8118.0,23.0,120451001.0,1028098.0,0.5
0.0,0.0,0.0,0.0,0.0,0.0,0.2617594344319426,0.0,0.22223801955873682,0.03184461985874532,0.03558685781702478,0.1089644057469683,0.0,0.10673973151171665,0.0,0.5856588378831782,5.115189873417721,2.1696826911606824,0.13470598813163098,0.12759424795958027,0.0,0.0,0.028550266640331824,28.451024038388276,11.0,8117.0,8119.0,23.831513889250107,,,
0.0,0.0,0.0,0.0,0.0,0.0,0.12382882360962337,0.0,0.13529627279805823,0.016705251560123292,0.022075519300311156,0.0480720655611633,0.0,0.04855546717196214,0.0,0.28237962771378866,5.933947169596566,1.5707231633842795,0.031428056811242756,0.030484270060091904,0.0,0.0,0.032382072372450624,30.12656433944884,12.0,8117.0,810.0,29.417069285010626,,,
0.0,0.0,0.0,0.0,0.0,0.0,0.08879850990547865,0.0,0.06334097730121357,0.002993532121331671,0.003109884332281809,0.023284976808605484,0.0,0.02424782151036491,0.0,0.31555599369085174,5.889366071389288,1.503422820232194,0.034962620682618906,0.04535956117261749,0.0,0.0,0.018802053772949856,30.144363169118773,13.0,8117.0,801.0,28.90602119465202,,,
0.0,0.0,0.0,0.0,0.0,0.0,0.1028345072731804,0.0,0.05259186553691595,0.0010754940987499127,0.0011389976206923017,0.014446764880980505,0.0,0.014327830662328794,0.0,0.3396240209923282,4.733551536032156,1.405928894291982,0.01609420613007189,0.01338150071498457,0.0,0.0,0.0,28.680836529710835,14.0,8117.0,807.0,21.975700761620764,,,
