attempt1,attempt2,goal1,goal2,goalMisses,goalAssists,feeds,feedWithAttempt,centrePassReceives,gain,intercepts,deflections,deflectionWithGain,deflectionWithNoGain,rebounds,pickups,contactPenalties,obstructionPenalties,generalPlayTurnovers,interceptPassThrown,badHands,badPasses,offsides,minutesPlayed,roundNo,squadId,oppSquadId,fantasyScore,matchId,playerId,netPoints
0.0,0.0,0.0,0.0,0.0,4.0,6.0,5.0,11.0,0.0,0.0,0.0,0.0,0.0,0.0,0.0,3.0,1.0,2.0,0.0,0.0,1.0,0.0,15.0,10.0,807.0,810.0,25.0,120451004.0,1029514.0,6.0
0.0,0.0,0.0,0.0,0.0,3.9445812848324753,6.1581096635244705,4.734870528449769,9.033520814929457,0.24128392799613402,0.18622932439002612,0.0,0.0,0.0,0.0,0.7759664124502335,1.4261201974601427,0.1479945231958763,1.5038655821373639,0.23024183591579728,0.17047776919932783,0.1552752232793576,0.0,16.329204748556208,11.0,807.0,8118.0,38.83229940764643,,,
0.0,0.0,0.0,0.0,0.0,3.5222147729307554,5.772103750529582,4.2712143663127025,8.371876764957351,0.1402462941604792,0.13046686954013847,0.0,0.0,0.0,0.0,0.6341992345435661,1.2601110057698022,0.028231620991962615,1.2272572092685408,0.1539397754695205,0.17371104815864025,0.02578880531405685,0.0,16.316227214282094,12.0,807.0,804.0,36.99396974149789,,,
0.0,0.0,0.0,0.0,0.0,3.1505881121502606,4.875153750941407,3.9037229586893636,8.638973480522777,0.0,0.0,0.0,0.0,0.0,0.0,0.10512077600390532,1.149985064922055,0.07504507313370115,0.9981085657413431,0.0,0.0,0.09114537599662816,0.0,15.47611386854327,13.0,807.0,806.0,32.242534275917755,,,
0.0,0.0,0.0,0.0,0.0,3.2352172084232325,5.234148635031729,4.084938107714587,8.47990758797879,0.0,0.0,0.0,0.0,0.0,0.0,0.03394093017178808,1.2259004301031469,0.04660124870034812,0.752473657802308,0.0,0.0,0.03372475125769931,0.0,15.174967671618376,14.0,807.0,8117.0,33.38214612571212,,,
