attempt1,attempt2,goal1,goal2,goalMisses,goalAssists,feeds,feedWithAttempt,centrePassReceives,gain,intercepts,deflections,deflectionWithGain,deflectionWithNoGain,rebounds,pickups,contactPenalties,obstructionPenalties,generalPlayTurnovers,interceptPassThrown,badHands,badPasses,offsides,minutesPlayed,roundNo,squadId,oppSquadId,fantasyScore,matchId,playerId,netPoints
4.0,1.0,3.0,1.0,1.0,12.0,12.0,12.0,13.0,0.0,0.0,0.0,0.0,0.0,0.0,0.0,1.0,3.0,1.0,0.0,0.0,0.0,0.0,30.0,9.0,810.0,806.0,74.0,120450902.0,80009.0,46.0
5.7364885964254535,1.8819208042360525,4.449527859112412,0.5982169814007805,2.3634162102957283,6.878393353113476,8.319217365329086,7.614492711010566,8.982167130911806,0.0,0.0,0.10787811439934494,0.0,0.11233892497858586,0.0,0.2025225903614458,0.29989492488783587,1.2582985001229408,0.4349325942266719,0.04331018340879441,0.0937040196182962,0.0,0.0,31.67610733269665,11.0,810.0,801.0,55.65604030799218,,,
6.798980540133471,1.6771356141465945,5.49956576339746,0.4684895690059445,1.9808658131145223,8.17966214923755,8.790460676928909,8.549426566871238,9.580100099025257,0.0,0.0,0.1131964871088862,0.0,0.11235336233959356,0.0,0.11159529005997242,0.12960515177291076,1.1210442632199824,0.2742591137877862,0.024372110164080547,0.1051210663966928,0.0,0.0,31.564849567126707,12.0,810.0,8117.0,64.479983015462,,,
6.548446761280678,1.2858774750665825,5.327054442563746,0.3256465362802912,1.4869220249146573,7.984664700750124,8.279498936665245,8.050024252585509,9.929812810653821,0.0,0.0,0.09498919904167315,0.0,0.08880497167102372,0.0,0.09649452122292876,0.1003325868044609,1.1535756097348677,0.3042738040023077,0.020452888071671015,0.07745030680097281,0.0,0.0,31.859978497523667,13.0,810.0,8118.0,64.63730564245415,,,
6.211412219526986,1.38077731092437,4.85881353854627,0.3326575115340254,1.6137911414565829,8.288536977327222,8.873846950882887,8.505074971164937,9.917516073910067,0.0,0.0,0.01889214086939833,0.0,0.01797767393561786,0.0,0.07236131794489947,0.08135152795295332,1.1121214327315085,0.18353684757485084,0.013002415042263241,0.017968335983041865,0.0,0.0,31.406046476506898,14.0,810.0,8119.0,64.3635887881229,,,
