attempt1,attempt2,goal1,goal2,goalMisses,goalAssists,feeds,feedWithAttempt,centrePassReceives,gain,intercepts,deflections,deflectionWithGain,deflectionWithNoGain,rebounds,pickups,contactPenalties,obstructionPenalties,generalPlayTurnovers,interceptPassThrown,badHands,badPasses,offsides,minutesPlayed,roundNo,squadId,oppSquadId,fantasyScore,matchId,playerId,netPoints
4.0,1.0,3.0,1.0,1.0,12.0,12.0,12.0,13.0,0.0,0.0,0.0,0.0,0.0,0.0,0.0,1.0,3.0,1.0,0.0,0.0,0.0,0.0,30.0,9.0,810.0,806.0,74.0,120450902.0,80009.0,46.0
5.7364885964254535,1.8819208042360525,4.449527859112412,0.5982169814007805,2.3634162102957283,6.878393353113476,8.319217365329086,7.614492711010566,8.982167130911806,0.0,0.0,0.10787811439934494,0.0,0.11233892497858586,0.0,0.2025225903614458,0.29989492488783587,1.2582985001229408,0.4349325942266719,0.04331018340879441,0.0937040196182962,0.0,0.0,31.67610733269665,11.0,810.0,801.0,55.65604030799218,,,
6.798980540133471,1.6771356141465945,5.49956576339746,0.4684895690059445,1.9808658131145223,8.17966214923755,8.790460676928909,8.549426566871238,9.580100099025257,0.0,0.0,0.1131964871088862,0.0,0.11235336233959356,0.0,0.11159529005997242,0.12960515177291076,1.1210442632199824,0.2742591137877862,0.024372110164080547,0.1051210663966928,0.0,0.0,31.564849567126707,12.0,810.0,8117.0,64.479983015462,,,
5.449858244410916,0.8785732818916114,4.2830526769401915,0.07889902736681155,1.1164661543043555,8.566447650907113,8.886075959966073,8.653648668966595,9.978883655807948,0.0,0.0,0.0,0.0,0.0,0.0,0.0,0.09906692085730226,1.4685885679816038,0.10200187309038868,0.0,0.0,0.0,0.0,30.784789613865847,13.0,810.0,8118.0,65.21294998473599,,,
5.150409122086817,0.8121448111443109,3.8969633252342093,0.10810797555640565,1.0531578289144572,8.898381660926853,9.440025798022976,9.082965011917725,10.080907074991096,0.0,0.0,0.0,0.0,0.0,0.0,0.0,0.050906104046598344,1.334156682301547,0.06343683568863323,0.0,0.0,0.0,0.0,30.389274640340577,14.0,810.0,8119.0,67.45312782449881,,,
