matchId,squadId,GS,GA,WA,C,WD,GD,GK,startingTime,finishTime,teamStartScore,teamEndScore,oppStartScore,oppEndScore,duration,plusMinus,plusMinusPer60,oppSquadId
105650106,811,80113,993463,994224,80833,991905,80577,80343,0,1830,0,30,0,25,1830,5,9.836065573770492,813
105650106,811,80113,993463,80575,80833,991905,80577,80343,1830,3638,30,60,25,55,1808,0,0.0,813
105650106,813,80287,80100,80477,80105,1001698,80099,80225,0,2734,0,38,0,45,2734,-7,-9.217264081931235,811
105650106,813,1003479,80100,80477,80105,1001698,80099,80225,2734,3422,38,51,45,56,688,2,10.465116279069766,811
105650106,813,1003479,80100,80477,80105,998411,80099,80225,3422,3638,51,55,56,60,216,0,0.0,811
