matchId,squadId,oppSquadId,period,badHands,badPasses,blocked,blocks,breaks,centrePassReceives,contactPenalties,defensiveRebounds,deflections,feeds,gain,goalAssists,goalAttempts,goalMisses,goals,intercepts,missedGoalTurnover,obstructionPenalties,offensiveRebounds,offsides,penalties,pickups,rebounds,tossUpWin,turnovers,possessions,pacePer60,offensiveRating,defensiveRating,netRating
80280901,807,810,1,0,4,0,0,0,13,13,1,5,18,4,8,13,1,12,1,0,2,0,0,15,6,1,0,7,20,77.00534759358288,60.0,66.66666666666666,-6.666666666666657
80280901,807,810,2,1,1,0,0,0,11,11,2,5,20,6,12,19,2,17,3,0,2,0,3,13,3,2,0,4,23,91.18942731277534,73.91304347826086,58.82352941176471,15.08951406649615
80280901,807,810,3,1,2,0,0,0,12,13,2,2,21,2,8,15,3,12,0,0,3,1,0,16,3,3,0,4,18,71.52317880794702,66.66666666666666,68.18181818181817,-1.5151515151515156
80280901,807,810,4,0,2,0,0,0,15,14,0,0,21,2,10,18,3,15,2,0,2,1,0,16,2,1,0,3,20,78.17589576547232,75.0,84.21052631578947,-9.210526315789465
80280901,810,807,1,0,5,0,0,0,12,11,0,5,14,3,7,15,1,14,2,0,1,0,0,12,4,0,0,6,21,80.85561497326204,66.66666666666666,60.0,6.666666666666657
80280901,810,807,2,0,0,0,0,0,12,10,0,5,12,1,7,13,3,10,1,0,3,0,2,13,1,0,0,4,17,67.40088105726872,58.82352941176471,73.91304347826086,-15.08951406649615
80280901,810,807,3,1,1,0,0,0,11,8,1,1,19,5,9,19,4,15,4,0,2,1,0,10,0,2,0,4,22,87.41721854304636,68.18181818181817,66.66666666666666,1.5151515151515156
80280901,810,807,4,1,0,0,0,0,15,15,0,4,20,2,13,19,3,16,2,0,2,1,0,17,1,1,0,1,19,74.2671009771987,84.21052631578947,75.0,9.210526315789465
