matchId,squadId,GS,GA,WA,C,WD,GD,GK,startingTime,finishTime,teamStartScore,teamEndScore,oppStartScore,oppEndScore,duration,plusMinus,plusMinusPer60
100831103,8119,80052,80449,80041,80833,80299,80470,80048,0,999,0,12,0,16,999,-4,-14.414414414414416
100831103,8119,80449,80052,80041,80833,80299,80470,80048,999,1806,12,23,16,29,807,-2,-8.921933085501859
100831103,8119,80052,994215,80041,80152,80299,80470,80048,1806,3613,23,49,29,56,1807,-1,-1.992252351964582
100831103,8117,80113,80475,80575,80296,80105,80559,80010,0,3613,0,56,0,49,3613,7,6.974813174647108
