matchId,squadId,GS,GA,WA,C,WD,GD,GK,startingTime,finishTime,teamStartScore,teamEndScore,oppStartScore,oppEndScore,duration,plusMinus,plusMinusPer60
80050103,807,80078,80087,80085,80081,80076,80020,80080,0,3631,0,48,0,60,3631,-12,-11.897548884604792
80050103,801,80003,80009,80001,80014,80012,80006,80010,0,1819,0,27,0,28,1819,-1,-1.9791094007696537
80050103,801,80003,80009,80001,80014,80173,80006,80010,1819,2730,27,41,28,40,911,2,7.903402854006586
80050103,801,80003,80009,80139,80014,80173,80002,80010,2730,3631,41,60,40,48,901,11,43.9511653718091
