matchId,squadId,GS,GA,WA,C,WD,GD,GK,startingTime,finishTime,teamStartScore,teamEndScore,oppStartScore,oppEndScore,duration,plusMinus,plusMinusPer60,oppSquadId
129490101,9698,1010545,1022298,995217,80701,1001356,1007219,1006231,0,2246,0,35,0,32,2246,3,4.808548530721283,8118
129490101,9698,1029500,1022298,995217,80701,1001356,1007219,1006231,2246,3008,35,50,32,42,762,5,23.62204724409449,8118
129490101,9698,1029500,1022298,1015273,80701,1001356,1029535,1006231,3008,3600,50,61,42,52,592,1,6.081081081081081,8118
129490101,8118,1013629,1019169,80776,1022764,1001707,1028096,80225,0,1800,0,24,0,30,1800,-6,-12.0,9698
129490101,8118,1022294,1019169,80776,1034275,1022764,1028096,80225,1800,2522,24,34,30,39,722,1,4.986149584487535,9698
129490101,8118,1013629,1019169,80776,1034275,1022764,1028096,80225,2522,2700,34,38,39,43,178,0,0.0,9698
129490101,8118,1022294,1019169,80776,1034275,1022764,1028096,80225,2700,3008,38,42,43,50,308,-3,-35.064935064935064,9698
129490101,8118,1022294,1019169,80776,1034275,1022764,80225,1013638,3008,3274,42,46,50,56,266,-2,-27.06766917293233,9698
129490101,8118,1013629,1019169,80776,1034275,1022764,80225,1013638,3274,3600,46,52,56,61,326,1,11.042944785276074,9698
