matchId,squadId,GS,GA,WA,C,WD,GD,GK,startingTime,finishTime,teamStartScore,teamEndScore,oppStartScore,oppEndScore,duration,plusMinus,plusMinusPer60,oppSquadId
107240101,804,80052,80293,994224,991901,80045,80577,994213,0,3621,0,73,0,61,3621,12,11.930405965202983,807
107240101,807,80078,993463,992954,1000831,991905,1007219,1006231,0,1807,0,35,0,35,1807,0,0.0,804
107240101,807,80078,993463,992954,1000831,991905,1007219,991903,1807,2131,35,38,35,43,324,-5,-55.55555555555556,804
107240101,807,80078,993463,992954,1007220,991905,1007219,1006231,2131,2716,38,48,43,55,585,-2,-12.307692307692308,804
107240101,807,80078,993463,1007220,1000831,991905,1007219,1006231,2716,3046,48,53,55,62,330,-2,-21.818181818181817,804
107240101,807,1001557,993463,1007220,1000831,991905,1007219,1006231,3046,3621,53,61,62,73,575,-3,-18.782608695652172,804
