matchId,squadId,period,badHands,badPasses,blocked,blocks,breaks,centrePassReceives,contactPenalties,defensiveRebounds,deflections,feeds,gain,goalAssists,goalAttempts,goalMisses,goals,intercepts,missedGoalTurnover,obstructionPenalties,offensiveRebounds,offsides,penalties,pickups,rebounds,tossUpWin,turnovers,possessions,pacePer60,offensiveRating,defensiveRating,netRating
80050303,802,1,1,0,0,0,0,11,7,0,3,14,0,4,16,5,11,0,0,3,0,1,10,2,0,0,4,20,78.7746170678337,55.00000000000001,72.72727272727273,-17.727272727272727
80050303,802,2,3,0,0,0,0,8,20,0,3,9,0,5,13,3,10,3,0,4,1,0,24,3,1,0,9,21,82.44274809160305,47.61904761904761,54.54545454545454,-6.926406926406926
80050303,802,3,1,2,0,0,0,13,10,0,3,9,0,4,14,0,14,1,0,3,0,0,13,0,0,0,4,18,71.20879120879121,77.77777777777779,66.66666666666666,11.111111111111128
80050303,802,4,1,2,1,0,0,10,13,0,1,11,0,3,16,3,13,1,0,3,0,0,16,1,0,0,8,24,95.04950495049505,54.166666666666664,45.45454545454545,8.712121212121211
80050303,808,1,2,1,0,0,1,13,21,2,3,16,0,11,18,2,16,1,0,7,1,1,28,3,3,0,5,22,86.65207877461707,72.72727272727273,55.00000000000001,17.727272727272727
80050303,808,2,4,1,0,0,0,9,7,1,4,9,0,2,14,2,12,3,0,7,1,0,14,0,2,0,9,22,86.36859323882224,54.54545454545454,47.61904761904761,6.926406926406926
80050303,808,3,0,0,0,0,0,14,18,0,1,13,0,8,17,3,14,1,0,7,0,1,25,2,0,0,4,21,83.07692307692308,66.66666666666666,77.77777777777779,-11.111111111111128
80050303,808,4,3,0,0,1,0,6,17,0,3,9,0,7,11,1,10,2,0,9,0,1,26,3,0,0,11,22,87.12871287128712,45.45454545454545,54.166666666666664,-8.712121212121211
