matchId,squadId,GS,GA,WA,C,WD,GD,GK,startingTime,finishTime,teamStartScore,teamEndScore,oppStartScore,oppEndScore,duration,plusMinus,plusMinusPer60,oppSquadId
90841204,809,80022,80150,80055,80182,80024,80314,80057,0,1832,0,36,0,26,1832,10,19.650655021834062,802
90841204,809,80022,80150,80055,80182,80024,80314,80057,1832,3260,36,67,26,48,1428,9,22.6890756302521,802
90841204,809,80022,80150,80055,80182,80024,80314,80057,3260,3673,67,74,48,56,413,-1,-8.716707021791766,802
90841204,802,80540,80028,80107,80526,80146,80160,80247,0,1832,0,26,0,36,1832,-10,-19.650655021834062,809
90841204,802,80540,80028,80107,80526,80146,80160,80247,1832,2753,26,41,36,54,921,-3,-11.726384364820847,809
90841204,802,80540,80028,80107,80526,80146,80160,80247,2753,3673,41,56,54,74,920,-5,-19.565217391304348,809
