matchId,squadId,oppSquadId,period,badHands,badPasses,blocked,blocks,breaks,centrePassReceives,contactPenalties,defensiveRebounds,deflections,feeds,gain,goalAssists,goalAttempts,goalMisses,goals,intercepts,missedGoalTurnover,obstructionPenalties,offensiveRebounds,offsides,penalties,pickups,rebounds,tossUpWin,turnovers,possessions,pacePer60,offensiveRating,defensiveRating,netRating
80280803,804,805,1,2,2,0,0,0,12,12,0,8,12,2,8,10,0,10,2,0,1,0,0,13,0,0,0,5,15,59.275521405049396,66.66666666666666,76.47058823529412,-9.803921568627459
80280803,804,805,2,0,3,1,0,0,10,12,0,2,14,0,6,18,5,13,0,0,5,3,0,17,1,3,0,3,18,71.2871287128713,72.22222222222221,61.111111111111114,11.1111111111111
80280803,804,805,3,1,2,1,0,0,12,16,0,9,12,2,6,13,2,11,1,0,3,1,1,19,3,1,0,3,15,59.47136563876652,73.33333333333333,77.77777777777779,-4.444444444444457
80280803,804,805,4,2,1,2,0,0,11,18,2,5,16,4,10,13,2,11,2,0,2,0,0,20,0,2,0,4,17,66.37744034707158,64.70588235294117,61.111111111111114,3.5947712418300597
80280803,805,804,1,0,2,0,0,0,11,13,0,3,15,3,10,14,1,13,2,0,2,1,0,15,4,1,0,4,17,67.17892425905598,76.47058823529412,66.66666666666666,9.803921568627459
80280803,805,804,2,1,3,0,1,1,12,16,1,5,17,1,8,11,0,11,0,0,5,0,4,21,3,1,0,7,18,71.2871287128713,61.111111111111114,72.22222222222221,-11.1111111111111
80280803,805,804,3,0,2,0,1,0,12,11,0,2,20,2,8,17,3,14,1,0,1,1,1,12,7,1,0,2,18,71.36563876651982,77.77777777777779,73.33333333333333,4.444444444444457
80280803,805,804,4,1,0,0,2,0,10,12,0,4,18,3,3,16,5,11,1,0,1,1,0,13,7,1,0,3,18,70.28199566160521,61.111111111111114,64.70588235294117,-3.5947712418300597
