matchId,squadId,GS,GA,WA,C,WD,GD,GK,startingTime,finishTime,teamStartScore,teamEndScore,oppStartScore,oppEndScore,duration,plusMinus,plusMinusPer60,oppSquadId
80280803,804,80003,80293,80041,80171,80049,80042,80010,0,2226,0,27,0,31,2226,-4,-6.46900269541779,805
80280803,804,80003,80570,80171,80041,80049,80042,80010,2226,2728,27,34,31,38,502,0,0.0,805
80280803,804,80570,80293,80041,80171,80010,80049,80042,2728,3650,34,45,38,49,922,0,0.0,805
80280803,805,80054,80100,80063,80146,80023,80304,80192,0,3129,0,45,0,38,3129,7,8.053691275167786,804
80280803,805,80054,80100,80063,80146,80023,80192,80428,3129,3650,45,49,38,45,521,-3,-20.72936660268714,804
