matchId,squadId,period,badHands,badPasses,blocked,blocks,breaks,centrePassReceives,contactPenalties,defensiveRebounds,deflections,feeds,gain,goalAssists,goalAttempts,goalMisses,goals,intercepts,missedGoalTurnover,obstructionPenalties,offensiveRebounds,offsides,penalties,pickups,rebounds,tossUpWin,turnovers,possessions,pacePer60,offensiveRating,defensiveRating,netRating
80351305,808,1,2,0,0,0,0,13,18,2,1,21,2,8,16,3,13,0,0,2,0,2,20,2,2,0,7,23,90.69003285870755,56.52173913043478,60.0,-3.4782608695652186
80351305,808,2,1,0,0,0,0,18,9,1,1,20,2,12,20,4,16,1,0,6,0,0,15,0,1,0,4,24,95.15418502202644,66.66666666666666,76.0,-9.333333333333343
80351305,808,3,1,0,0,0,0,14,14,0,2,24,2,7,16,1,15,2,0,8,1,0,22,4,1,0,4,19,75.08232711306258,78.94736842105263,69.56521739130434,9.382151029748286
80351305,808,4,0,1,0,0,0,13,6,2,3,15,4,5,15,3,12,2,0,2,1,0,8,2,3,0,7,21,82.17391304347827,57.14285714285714,72.0,-14.857142857142861
80351305,810,1,0,1,0,0,0,10,13,2,5,20,4,8,17,2,15,2,0,4,0,0,17,0,2,0,8,25,98.57612267250822,60.0,56.52173913043478,3.4782608695652186
80351305,810,2,0,0,0,0,0,18,17,2,4,22,4,11,22,3,19,0,0,3,0,0,20,3,2,0,3,25,99.11894273127754,76.0,66.66666666666666,9.333333333333343
80351305,810,3,2,2,0,0,0,14,12,0,3,17,4,9,17,1,16,3,0,2,0,1,14,3,0,0,6,23,90.88913282107575,69.56521739130434,78.94736842105263,-9.382151029748286
80351305,810,4,0,3,0,0,0,12,13,1,7,21,5,17,20,2,18,3,0,3,0,0,16,4,1,0,5,25,97.82608695652173,72.0,57.14285714285714,14.857142857142861
