matchId,squadId,GS,GA,WA,C,WD,GD,GK,startingTime,finishTime,teamStartScore,teamEndScore,oppStartScore,oppEndScore,duration,plusMinus,plusMinusPer60,oppSquadId
80351305,810,80113,80064,80473,80299,80132,80133,80530,0,1872,0,36,0,29,1872,7,13.461538461538462,808
80351305,810,80113,80064,80473,80299,80132,80450,80530,1872,2732,36,50,29,44,860,-1,-4.186046511627906,808
80351305,810,80113,80064,80473,80299,80132,80133,80530,2732,3652,50,68,44,56,920,6,23.47826086956522,808
80351305,808,80826,80019,80424,80021,80095,80059,80305,0,1821,0,29,0,34,1821,-5,-9.884678747940692,810
80351305,808,80826,80019,80182,80021,80095,80059,80582,1821,3258,29,51,34,63,1437,-7,-17.53653444676409,810
80351305,808,80287,80019,80182,80021,80095,80059,80582,3258,3652,51,56,63,68,394,0,0.0,810
