matchId,squadId,GS,GA,WA,C,WD,GD,GK,startingTime,finishTime,teamStartScore,teamEndScore,oppStartScore,oppEndScore,duration,plusMinus,plusMinusPer60,oppSquadId
129490104,810,80078,1007298,994215,1022296,998408,1014234,1001920,0,3600,0,68,0,65,3600,3,3.0,8117
129490104,8117,1021253,1001357,1029514,994224,1000831,998411,80343,0,1230,0,17,0,24,1230,-7,-20.48780487804878,810
129490104,8117,1021253,1001357,994224,1000831,1028098,80343,1025020,1230,1800,17,29,24,36,570,0,0.0,810
129490104,8117,1021253,1001357,994224,1000831,998411,1025020,80343,1800,2466,29,40,36,47,666,0,0.0,810
129490104,8117,1021253,1028095,994224,1000831,998411,80343,1025020,2466,2700,40,44,47,54,234,-3,-46.15384615384615,810
129490104,8117,1021253,1001357,994224,1000831,998411,80343,1025020,2700,3240,44,55,54,65,540,0,0.0,810
129490104,8117,1021253,1001357,994224,1000831,1028098,80343,1025020,3240,3600,55,65,65,68,360,7,70.0,810
