matchId,squadId,GS,GA,WA,C,WD,GD,GK,startingTime,finishTime,teamStartScore,teamEndScore,oppStartScore,oppEndScore,duration,plusMinus,plusMinusPer60
80350404,806,80072,80157,80574,80069,80006,80038,80470,0,903,0,16,0,14,903,2,7.973421926910299
80350404,806,80072,80157,80069,80574,80006,80038,80470,903,1531,16,23,14,23,628,-2,-11.464968152866241
80350404,806,80072,80157,80574,80069,80006,80038,80470,1531,1808,23,30,23,28,277,2,25.992779783393505
80350404,806,80072,80157,80075,80069,80006,80038,80470,1808,2720,30,41,28,46,912,-7,-27.631578947368425
80350404,806,80072,80157,80574,80069,80162,80038,80470,2720,3184,41,48,46,55,464,-2,-15.517241379310345
80350404,806,80072,80157,80574,80069,80162,80006,80038,3184,3637,48,53,55,61,453,-1,-7.9470198675496695
80350404,807,80078,80009,80301,80833,991904,80020,80080,0,1808,0,28,0,30,1808,-2,-3.982300884955752
80350404,807,80078,80009,80301,80833,991904,80571,80080,1808,2720,28,46,30,41,912,7,27.631578947368425
80350404,807,80078,80009,80301,80833,991905,80571,80080,2720,3637,46,61,41,53,917,3,11.77753544165758
