matchId,squadId,GS,GA,WA,C,WD,GD,GK,startingTime,finishTime,teamStartScore,teamEndScore,oppStartScore,oppEndScore,duration,plusMinus,plusMinusPer60
95631402,807,80078,993463,992954,80833,991905,80076,80080,0,2756,0,51,0,33,2756,18,23.51233671988389
95631402,807,80078,993463,992954,80833,991905,80068,80080,2756,3666,51,66,33,50,910,-2,-7.912087912087912
95631402,808,80826,80287,80477,80424,80095,80582,80478,0,1201,0,15,0,20,1201,-5,-14.987510407993339
95631402,808,80826,80469,80477,80424,80095,80582,80478,1201,2322,15,31,20,40,1121,-4,-12.845673505798395
95631402,808,80826,80287,80477,80424,80432,80582,80478,2322,2756,31,33,40,51,434,-9,-74.65437788018434
95631402,808,80826,80287,80477,80403,80095,80478,80582,2756,3285,33,43,51,57,529,4,27.22117202268431
95631402,808,80826,80287,80477,80424,80095,80582,80225,3285,3666,43,50,57,66,381,-2,-18.897637795275593
