matchId,squadId,GS,GA,WA,C,WD,GD,GK,startingTime,finishTime,teamStartScore,teamEndScore,oppStartScore,oppEndScore,duration,plusMinus,plusMinusPer60,oppSquadId
100831402,8118,80072,80150,80178,80535,80701,80068,991899,0,905,0,15,0,14,905,1,3.977900552486188,8117
100831402,8118,80072,80150,996140,80535,80701,80068,991899,905,1810,15,28,14,32,905,-5,-19.88950276243094,8117
100831402,8118,999823,80150,80072,80535,80701,80068,991899,1810,3623,28,55,32,56,1813,3,5.956977385548814,8117
100831402,8117,80113,80475,80575,80296,80105,80559,80010,0,1398,0,26,0,22,1398,4,10.300429184549357,8118
100831402,8117,1001357,80475,80575,80296,80105,80559,80010,1398,1576,26,28,22,25,178,-1,-20.224719101123593,8118
100831402,8117,80113,80475,80575,80296,80105,80559,80010,1576,3623,28,56,25,55,2047,-2,-3.517342452369321,8118
