matchId,squadId,GS,GA,WA,C,WD,GD,GK,startingTime,finishTime,teamStartScore,teamEndScore,oppStartScore,oppEndScore,duration,plusMinus,plusMinusPer60
98180503,804,1001717,994215,80041,994224,991901,80577,80010,0,1594,0,21,0,13,1594,8,18.06775407779172
98180503,804,80298,994215,80041,994224,991901,80577,80010,1594,1816,21,25,13,15,222,2,32.43243243243243
98180503,804,80298,994215,80041,80575,991901,80577,80010,1816,2727,25,42,15,25,911,7,27.66190998902305
98180503,804,80298,994215,80041,994224,991901,994213,80577,2727,3645,42,57,25,34,918,6,23.52941176470588
98180503,809,80150,80022,80182,994117,80701,80057,993358,0,1816,0,15,0,25,1816,-10,-19.823788546255507
98180503,809,991906,80022,994117,80182,80701,993358,80057,1816,2727,15,25,25,42,911,-7,-27.66190998902305
98180503,809,80058,991906,994117,80182,80479,993358,993041,2727,3412,25,32,42,52,685,-3,-15.766423357664236
98180503,809,80058,80150,994117,80182,80479,993358,993041,3412,3645,32,34,52,57,233,-3,-46.3519313304721
