matchId,squadId,period,badHands,badPasses,blocked,blocks,breaks,centrePassReceives,contactPenalties,defensiveRebounds,deflections,feeds,gain,goalAssists,goalAttempts,goalMisses,goals,intercepts,missedGoalTurnover,obstructionPenalties,offensiveRebounds,offsides,penalties,pickups,rebounds,tossUpWin,turnovers,possessions,pacePer60,offensiveRating,defensiveRating,netRating
80050104,805,1,3,3,0,0,0,10,15,1,4,12,0,3,9,1,8,2,0,5,0,1,20,2,1,0,11,20,79.20792079207921,40.0,69.56521739130434,-29.565217391304344
80050104,805,2,1,3,0,0,0,11,9,2,6,15,0,8,13,1,12,1,0,1,0,0,10,2,2,0,9,22,87.12871287128712,54.54545454545454,68.0,-13.45454545454546
80050104,805,3,4,1,0,2,0,10,9,0,2,13,0,4,14,6,8,2,0,3,0,1,12,2,0,0,6,20,79.12087912087912,40.0,45.45454545454545,-5.454545454545453
80050104,805,4,1,1,0,0,0,7,15,2,4,14,0,4,12,2,10,1,0,1,1,3,16,1,3,0,7,18,71.13062568605928,55.55555555555556,42.10526315789473,13.450292397660824
80050104,809,1,2,0,0,0,0,11,7,1,2,21,0,6,18,2,16,2,0,4,1,0,11,2,2,0,6,23,91.08910891089108,69.56521739130434,40.0,29.565217391304344
80050104,809,2,0,1,0,0,0,13,7,1,1,26,0,13,21,4,17,3,0,3,0,0,10,6,1,0,4,25,99.00990099009901,68.0,54.54545454545454,13.45454545454546
80050104,809,3,1,0,2,0,0,8,19,4,3,12,0,5,13,3,10,0,0,3,0,1,22,1,4,0,9,22,87.03296703296704,45.45454545454545,40.0,5.454545454545453
80050104,809,4,0,3,0,0,0,10,12,1,4,13,0,4,12,4,8,1,0,4,0,0,16,2,1,0,7,19,75.08232711306258,42.10526315789473,55.55555555555556,-13.450292397660824
