matchId,squadId,GS,GA,WA,C,WD,GD,GK,startingTime,finishTime,teamStartScore,teamEndScore,oppStartScore,oppEndScore,duration,plusMinus,plusMinusPer60
100830504,8118,999823,80150,80069,80535,80701,80068,991899,0.0,23.0,0,0,0,0,23.0,0,0.0
100830504,8118,999823,80150,996140,80535,80701,80068,991899,23.0,1268.0,0,18,0,15,1245.0,3,8.674698795180722
100830504,8118,80150,80072,996140,80535,80701,80068,991899,1268.0,2724.0,18,40,15,32,1456.0,5,12.362637362637363
100830504,8118,80150,80072,80535,80701,1004484,80068,991899,2724.0,3448.0,40,51,32,37,724.0,6,29.83425414364641
100830504,8118,80150,80072,80535,996140,1004484,80068,991899,3448.0,3643.0,51,53,37,38,195.0,1,18.46153846153846
100830504,801,80570,1007298,80067,995700,80146,994232,80127,0.0,2287.0,0,28,0,34,2287.0,-6,-9.44468736335811
100830504,801,80067,1007298,80301,995700,80146,994232,80127,2287.0,3031.0,28,34,34,46,744.0,-6,-29.032258064516128
100830504,801,80570,1007298,80067,995700,80146,994232,80127,3031.0,3314.0,34,36,46,49,283.0,-1,-12.720848056537102
100830504,801,80570,1004493,80067,995700,80146,994232,80127,3314.0,3643.0,36,38,49,53,329.0,-2,-21.88449848024316
