matchId,squadId,GS,GA,WA,C,WD,GD,GK,startingTime,finishTime,teamStartScore,teamEndScore,oppStartScore,oppEndScore,duration,plusMinus,plusMinusPer60
80280203,810,80113,80064,80473,80299,80450,80530,80131,0,1201,0,15,0,25,1201,-10,-29.975020815986678
80280203,810,80113,80064,80473,80299,80132,80133,80530,1201,1817,15,20,25,34,616,-4,-23.376623376623375
80280203,810,80113,80064,80152,80299,80132,80133,80530,1817,3123,20,37,34,47,1306,4,11.0260336906585
80280203,810,80064,80135,80152,80299,80132,80133,80530,3123,3628,37,41,47,50,505,1,7.128712871287129
80280203,804,80003,80293,80041,80171,80049,80042,80010,0,2249,0,38,0,26,2249,12,19.20853712761227
80280203,804,80570,80293,80171,80041,80049,80042,80010,2249,2721,38,43,26,33,472,-2,-15.254237288135593
80280203,804,80570,80293,80041,80171,80049,80042,80010,2721,3308,43,49,33,38,587,1,6.132879045996593
80280203,804,80570,80293,80178,80041,80049,80042,80010,3308,3628,49,50,38,41,320,-2,-22.5
