matchId,squadId,oppSquadId,period,badHands,badPasses,blocked,blocks,breaks,centrePassReceives,contactPenalties,defensiveRebounds,deflections,feeds,gain,goalAssists,goalAttempts,goalMisses,goals,intercepts,missedGoalTurnover,obstructionPenalties,offensiveRebounds,offsides,penalties,pickups,rebounds,tossUpWin,turnovers,possessions,pacePer60,offensiveRating,defensiveRating,netRating
80280203,804,810,1,0,2,0,0,0,15,8,1,2,24,4,14,20,3,17,3,0,0,0,0,8,4,1,0,2,22,87.03296703296704,77.27272727272727,57.89473684210527,19.377990430622
80280203,804,810,2,1,1,1,0,0,12,5,0,1,21,6,13,21,4,17,6,0,1,2,0,6,2,2,0,5,24,95.25909592061741,70.83333333333334,56.25,14.583333333333343
80280203,804,810,3,1,2,0,0,0,11,12,1,8,11,5,6,12,3,9,1,0,4,0,0,16,4,1,0,6,18,71.68141592920354,50.0,61.904761904761905,-11.904761904761905
80280203,804,810,4,2,0,0,0,0,6,11,3,11,11,6,6,10,3,7,2,0,4,0,0,15,6,3,0,4,14,55.567805953693494,50.0,34.78260869565217,15.217391304347828
80280203,810,804,1,0,5,0,0,0,13,10,2,4,12,5,6,13,2,11,2,0,2,0,3,12,2,2,0,6,19,75.16483516483517,57.89473684210527,77.27272727272727,-19.377990430622
80280203,810,804,2,3,1,0,1,1,12,12,1,4,10,4,5,10,1,9,1,0,2,0,1,14,4,1,0,6,16,63.506063947078275,56.25,70.83333333333334,-14.583333333333343
80280203,810,804,3,1,1,0,0,1,10,10,1,2,16,4,8,18,5,13,2,0,2,2,0,12,3,3,0,5,21,83.6283185840708,61.904761904761905,50.0,11.904761904761905
80280203,810,804,4,4,0,0,0,1,7,12,1,9,17,10,6,16,8,8,5,0,1,0,1,13,7,1,0,7,23,91.28996692392502,34.78260869565217,50.0,-15.217391304347828
