matchId,squadId,GS,GA,WA,C,WD,GD,GK,startingTime,finishTime,teamStartScore,teamEndScore,oppStartScore,oppEndScore,duration,plusMinus,plusMinusPer60
80050205,807,80078,80087,80085,80081,80076,80083,80080,0,902,0,12,0,16,902,-4,-15.964523281596453
80050205,807,80078,80155,80085,80081,80077,80083,80080,902,1806,12,26,16,27,904,3,11.946902654867257
80050205,807,80078,80087,80085,80081,80077,80083,80080,1806,2709,26,38,27,42,903,-3,-11.960132890365449
80050205,807,80078,80155,80085,80081,80077,80076,80080,2709,3613,38,51,42,54,904,1,3.982300884955752
80050205,804,80052,80050,80171,80043,80045,80042,80049,0,1806,0,27,0,26,1806,1,1.9933554817275747
80050205,804,80052,80050,80171,80045,80043,80049,80042,1806,3613,27,54,26,51,1807,2,3.984504703929164
