matchId,squadId,oppSquadId,period,badHands,badPasses,blocked,blocks,breaks,centrePassReceives,contactPenalties,defensiveRebounds,deflections,feeds,gain,goalAssists,goalAttempts,goalMisses,goals,intercepts,missedGoalTurnover,obstructionPenalties,offensiveRebounds,offsides,penalties,pickups,rebounds,tossUpWin,turnovers,possessions,pacePer60,offensiveRating,defensiveRating,netRating
80050205,804,807,1,0,1,0,0,0,15,6,2,0,18,0,9,18,2,16,0,0,1,1,2,7,3,3,0,7,24,95.78713968957871,66.66666666666666,63.1578947368421,3.5087719298245545
80050205,804,807,2,0,3,0,0,0,12,13,2,4,15,0,5,14,3,11,1,0,2,1,1,15,3,3,0,7,20,79.64601769911505,55.00000000000001,63.63636363636363,-8.636363636363626
80050205,804,807,3,0,4,0,0,0,10,14,2,3,13,0,6,16,1,15,0,0,2,0,0,16,6,2,0,6,22,87.70764119601328,68.18181818181817,60.0,8.181818181818173
80050205,804,807,4,1,1,0,0,0,9,19,2,4,11,0,8,15,3,12,4,0,6,1,0,25,2,3,0,9,23,91.5929203539823,52.17391304347826,59.09090909090909,-6.916996047430835
80050205,807,804,1,0,2,0,0,0,13,20,0,7,15,0,10,14,2,12,2,0,4,0,0,24,2,0,0,5,19,75.83148558758315,63.1578947368421,66.66666666666666,-3.5087719298245545
80050205,807,804,2,0,4,0,0,0,13,14,2,2,24,0,7,18,4,14,0,0,4,1,0,18,2,3,0,5,22,87.61061946902655,63.63636363636363,55.00000000000001,8.636363636363626
80050205,807,804,3,0,2,0,0,0,14,20,0,6,13,0,9,17,5,12,1,0,1,2,0,21,2,2,0,5,20,79.734219269103,60.0,68.18181818181817,-8.181818181818173
80050205,807,804,4,1,2,0,0,0,12,12,2,2,20,0,6,15,2,13,4,0,3,0,0,15,0,2,0,7,22,87.61061946902655,59.09090909090909,52.17391304347826,6.916996047430835
