matchId,squadId,GS,GA,WA,C,WD,GD,GK,startingTime,finishTime,teamStartScore,teamEndScore,oppStartScore,oppEndScore,duration,plusMinus,plusMinusPer60,oppSquadId
120450801,807,1021253,1029501,1004472,80833,991905,1016035,1029513,0,1800,0,35,0,37,1800,-2,-4.0,8119
120450801,807,1021253,1029501,1004472,1019380,80833,1016035,1029513,1800,3600,35,73,37,67,1800,8,16.0,8119
120450801,8119,1010545,1001711,80575,1004473,80299,1011747,80010,0,1226,0,23,0,21,1226,2,5.872756933115824,807
120450801,8119,1010545,1001711,80575,1004473,80299,1001716,80010,1226,1539,23,31,21,30,313,-1,-11.501597444089457,807
120450801,8119,1010545,1001711,80575,1004473,80299,1011747,80010,1539,2192,31,42,30,44,653,-3,-16.539050535987748,807
120450801,8119,1010545,1001711,80575,1004473,80299,1001716,80010,2192,2500,42,46,44,52,308,-4,-46.75324675324675,807
120450801,8119,1010545,1001711,80575,1004473,80299,1011747,80010,2500,3286,46,61,52,68,786,-1,-4.580152671755726,807
120450801,8119,1001711,1013431,80575,1004473,80299,1011747,80010,3286,3600,61,67,68,73,314,1,11.464968152866241,807
