matchId,squadId,period,badHands,badPasses,blocked,blocks,breaks,centrePassReceives,contactPenalties,defensiveRebounds,deflections,feeds,gain,goalAssists,goalAttempts,goalMisses,goals,intercepts,missedGoalTurnover,obstructionPenalties,offensiveRebounds,offsides,penalties,pickups,rebounds,tossUpWin,turnovers,possessions,pacePer60,offensiveRating,defensiveRating,netRating
80120802,801,1,2,0,0,0,0,14,13,0,7,14,5,8,16,3,13,3,0,2,1,0,15,3,1,0,7,22,87.12871287128712,59.09090909090909,68.18181818181817,-9.09090909090908
80120802,801,2,3,3,0,0,0,13,9,3,5,12,4,5,14,4,10,1,0,1,1,0,10,0,4,0,10,23,91.7960088691796,43.47826086956522,61.53846153846154,-18.06020066889632
80120802,801,3,2,0,0,0,1,10,14,0,4,13,2,4,11,4,7,2,0,4,1,0,18,3,1,0,9,19,75.66371681415929,36.84210526315789,65.21739130434783,-28.375286041189938
80120802,801,4,2,2,0,0,1,11,8,3,6,14,6,7,20,6,14,1,0,3,4,1,11,5,7,0,11,27,107.16648291069458,51.85185185185185,56.00000000000001,-4.1481481481481595
80120802,806,1,0,3,0,0,0,14,11,0,2,14,2,8,17,2,15,2,0,2,2,0,13,2,2,0,7,22,87.12871287128712,68.18181818181817,59.09090909090909,9.09090909090908
80120802,806,2,1,1,0,0,0,12,7,3,1,21,5,11,23,7,16,2,0,2,1,0,9,5,4,0,4,26,103.76940133037694,61.53846153846154,43.47826086956522,18.06020066889632
80120802,806,3,2,1,0,0,0,10,11,2,6,15,5,11,17,2,15,3,0,2,0,1,13,0,2,0,6,23,91.5929203539823,65.21739130434783,36.84210526315789,28.375286041189938
80120802,806,4,1,2,0,0,0,14,8,0,7,16,4,9,21,7,14,3,0,1,2,1,9,5,2,0,6,25,99.2282249173098,56.00000000000001,51.85185185185185,4.1481481481481595
