matchId,squadId,GS,GA,WA,C,WD,GD,GK,startingTime,finishTime,teamStartScore,teamEndScore,oppStartScore,oppEndScore,duration,plusMinus,plusMinusPer60,oppSquadId
98181305,809,80058,80150,994117,80182,80701,80057,993358,0,3043,0,39,0,59,3043,-20,-23.66086099244167,807
98181305,809,80058,80150,80182,80701,80479,80057,993358,3043,3619,39,47,59,71,576,-4,-25.0,807
98181305,807,80078,993463,992954,80833,991905,80076,80080,0,3619,0,71,0,47,3619,24,23.873998342083446,809
