matchId,squadId,GS,GA,WA,C,WD,GD,GK,startingTime,finishTime,teamStartScore,teamEndScore,oppStartScore,oppEndScore,duration,plusMinus,plusMinusPer60,oppSquadId
116650902,8118,80150,1019169,995217,80701,1001356,80470,1013638,0.0,139.0,0,2,0,1,139.0,1,25.899280575539567,804
116650902,8118,80150,1019169,1022764,80701,1001356,80470,1013638,139.0,278.0,2,4,1,4,139.0,-1,-25.899280575539567,804
116650902,8118,80150,1019169,995217,80701,1001356,80470,1013638,278.0,1358.0,4,16,4,25,1080.0,-9,-30.0,804
116650902,8118,80150,1019169,995217,80701,1001356,80470,1001803,1358.0,1516.0,16,20,25,25,158.0,4,91.13924050632912,804
116650902,8118,1013629,1019169,995217,80701,1001356,80470,1001803,1516.0,2230.0,20,30,25,40,714.0,-5,-25.210084033613445,804
116650902,8118,1013629,1019169,995217,80701,1001356,80470,1013638,2230.0,3900.0,30,63,40,66,1670.0,7,15.089820359281438,804
116650902,804,80540,1001708,994224,991901,1001701,80577,994213,0.0,2700.0,0,47,0,43,2700.0,4,5.333333333333333,8118
116650902,804,80540,1001708,994224,991901,1001701,80577,1004510,2700.0,3026.0,47,51,43,47,326.0,0,0.0,8118
116650902,804,80540,1001708,994224,991901,1001701,80577,994213,3026.0,3900.0,51,66,47,63,874.0,-1,-4.118993135011442,8118
