matchId,squadId,GS,GA,WA,C,WD,GD,GK,startingTime,finishTime,teamStartScore,teamEndScore,oppStartScore,oppEndScore,duration,plusMinus,plusMinusPer60,oppSquadId
103931304,810,80826,80009,993360,80473,998408,80534,80343,0,3605,0,68,0,55,3605,13,12.981969486823855,804
103931304,804,80540,80293,994224,991901,80045,80577,1001920,0,1800,0,24,0,35,1800,-11,-22.0,810
103931304,804,80540,80293,994224,991901,80045,80577,994213,1800,2636,24,42,35,50,836,3,12.91866028708134,810
103931304,804,1001712,80293,994224,991901,80045,80577,994213,2636,2705,42,44,50,51,69,1,52.173913043478265,810
103931304,804,1001712,80293,994224,991901,80045,80577,1001920,2705,3002,44,47,51,57,297,-3,-36.36363636363636,810
103931304,804,1001712,80293,1001713,991901,80045,80577,1001920,3002,3124,47,49,57,58,122,1,29.508196721311478,810
103931304,804,1001712,80293,994224,991901,80045,80577,1001920,3124,3605,49,55,58,68,481,-4,-29.937629937629936,810
