matchId,squadId,oppSquadId,period,badHands,badPasses,blocked,blocks,breaks,centrePassReceives,contactPenalties,defensiveRebounds,deflections,feeds,gain,goalAssists,goalAttempts,goalMisses,goals,intercepts,missedGoalTurnover,obstructionPenalties,offensiveRebounds,offsides,penalties,pickups,rebounds,tossUpWin,turnovers,possessions,pacePer60,offensiveRating,defensiveRating,netRating
80350202,801,804,1,0,2,0,0,0,13,10,0,6,15,0,8,15,3,12,0,0,4,1,0,14,1,1,0,4,18,70.81967213114754,66.66666666666666,70.83333333333334,-4.166666666666686
80350202,801,804,2,1,0,0,0,1,11,15,0,3,15,5,5,11,2,9,5,0,6,0,1,21,2,0,0,7,18,70.5114254624592,50.0,63.1578947368421,-13.157894736842103
80350202,801,804,3,2,0,0,1,0,14,12,0,5,21,1,6,13,0,13,0,0,4,0,0,16,3,0,0,3,16,63.78737541528239,81.25,78.94736842105263,2.30263157894737
80350202,801,804,4,1,1,0,0,0,12,13,1,6,12,3,7,12,2,10,2,0,2,0,3,15,1,1,0,5,17,67.54966887417218,58.82352941176471,63.63636363636363,-4.812834224598923
80350202,804,801,1,0,1,0,0,0,15,12,1,4,19,4,14,20,3,17,2,0,1,2,0,13,5,3,0,6,24,94.42622950819671,70.83333333333334,66.66666666666666,4.166666666666686
80350202,804,801,2,1,3,0,0,0,9,6,1,0,13,6,9,12,0,12,5,0,9,0,0,15,3,1,0,7,19,74.42872687704026,63.1578947368421,50.0,13.157894736842103
80350202,804,801,3,0,0,1,0,0,14,19,0,3,15,2,9,16,1,15,1,0,2,0,1,21,3,0,0,3,19,75.74750830564784,78.94736842105263,81.25,-2.30263157894737
80350202,804,801,4,1,0,0,0,0,12,11,2,4,16,6,9,17,3,14,3,0,4,1,1,15,4,3,0,6,22,87.41721854304636,63.63636363636363,58.82352941176471,4.812834224598923
