matchId,squadId,GS,GA,WA,C,WD,GD,GK,startingTime,finishTime,teamStartScore,teamEndScore,oppStartScore,oppEndScore,duration,plusMinus,plusMinusPer60,oppSquadId
107340105,833,1009721,1001865,80558,80552,1009731,80559,999135,0.0,408.0,0,0,0,8,408.0,-8,-70.58823529411765,813
107340105,833,1001865,80555,80558,80552,1009731,80559,999135,408.0,4107.0,0,50,8,51,3699.0,7,6.812652068126521,813
107340105,833,1001865,80555,80558,80552,1009731,80559,995127,4107.0,4820.0,50,60,51,62,713.0,-1,-5.049088359046284,813
107340105,813,80100,80444,80477,80105,998411,80101,80225,0.0,913.0,0,14,0,9,913.0,5,19.715224534501644,833
107340105,813,80710,80100,80477,80105,998411,80101,80225,913.0,1800.0,14,22,9,20,887.0,-3,-12.175873731679822,833
107340105,813,80100,80444,80477,80105,998411,80101,80225,1800.0,4820.0,22,62,20,60,3020.0,0,0.0,833
