matchId,squadId,GS,GA,WA,C,WD,GD,GK,startingTime,finishTime,teamStartScore,teamEndScore,oppStartScore,oppEndScore,duration,plusMinus,plusMinusPer60
80130103,806,80064,80072,80313,80069,80163,80068,80038,0,1379,0,15,0,22,1379,-7,-18.274111675126903
80130103,806,80064,80072,80182,80069,80163,80068,80038,1379,3633,15,49,22,54,2254,2,3.1943212067435667
80130103,809,80111,80019,80029,80105,80146,80108,80101,0,3633,0,54,0,49,3633,5,4.95458298926507
