matchId,squadId,GS,GA,WA,C,WD,GD,GK,startingTime,finishTime,teamStartScore,teamEndScore,oppStartScore,oppEndScore,duration,plusMinus,plusMinusPer60,oppSquadId
103931204,801,1010545,1004493,80301,993702,994232,80057,80440,0,908,0,11,0,20,908,-9,-35.68281938325991,8117
103931204,801,1010545,1004493,80301,999806,994232,80057,80440,908,1404,11,15,20,31,496,-7,-50.80645161290322,8117
103931204,801,80054,1004493,80301,999806,994232,80057,80440,1404,1818,15,20,31,40,414,-4,-34.78260869565217,8117
103931204,801,80054,1004493,80558,999806,994232,80440,80057,1818,2599,20,29,40,55,781,-6,-27.65685019206146,8117
103931204,801,1010545,1004493,80558,999806,994232,80440,80057,2599,2734,29,32,55,58,135,0,0.0,8117
103931204,801,1010545,1004493,993702,80558,994232,80440,80057,2734,3176,32,36,58,66,442,-4,-32.579185520361996,8117
103931204,801,1010545,80301,993702,80558,994232,80057,80440,3176,3639,36,44,66,75,463,-1,-7.775377969762419,8117
103931204,8117,80113,80475,80575,80296,998401,80559,80010,0,2734,0,58,0,32,2734,26,34.235552304316016,801
103931204,8117,1001357,80475,80575,80296,80297,80559,80393,2734,3639,58,75,32,44,905,5,19.88950276243094,801
