matchId,squadId,GS,GA,WA,C,WD,GD,GK,startingTime,finishTime,teamStartScore,teamEndScore,oppStartScore,oppEndScore,duration,plusMinus,plusMinusPer60,oppSquadId
95630701,808,80826,80287,80477,80424,80095,80582,80478,0,2279,0,36,0,44,2279,-8,-12.637121544537077,809
95630701,808,80826,80282,80477,80424,80095,80478,80582,2279,2770,36,40,44,50,491,-2,-14.663951120162933,809
95630701,808,80826,80287,80424,80095,80403,80582,80225,2770,3691,40,57,50,63,921,4,15.635179153094462,809
95630701,809,80150,80022,80055,994117,80701,80057,993358,0,3691,0,63,0,57,3691,6,5.8520726090490385,808
