matchId,squadId,GS,GA,WA,C,WD,GD,GK,startingTime,finishTime,teamStartScore,teamEndScore,oppStartScore,oppEndScore,duration,plusMinus,plusMinusPer60,oppSquadId
103931401,801,1010545,80301,80558,993702,994232,80057,80440,0.0,134.0,0,0,0,2,134.0,-2,-53.731343283582085,806
103931401,801,1010545,1004465,80558,993702,994232,80057,80440,134.0,336.0,0,1,2,5,202.0,-2,-35.64356435643565,806
103931401,801,80054,1004465,993702,999806,994232,80057,80440,336.0,1800.0,1,15,5,35,1464.0,-16,-39.34426229508197,806
103931401,801,1010545,1004465,993702,999806,994232,80057,80440,1800.0,3600.0,15,41,35,69,1800.0,-8,-16.0,806
103931401,806,1001944,999128,80574,80439,991904,1003784,998404,0.0,1811.0,0,35,0,15,1811.0,20,39.75704030922142,801
103931401,806,1001944,1001711,80574,80439,991904,1001701,998404,1811.0,2700.0,35,51,15,31,889.0,0,0.0,801
103931401,806,1001944,1001711,1001846,80439,991904,1001701,998404,2700.0,3600.0,51,69,31,41,900.0,8,32.0,801
