matchId,squadId,GS,GA,WA,C,WD,GD,GK,startingTime,finishTime,teamStartScore,teamEndScore,oppStartScore,oppEndScore,duration,plusMinus,plusMinusPer60,oppSquadId
100831101,806,1001944,999128,1001702,80439,1007304,1003784,998404,0,2717,0,34,0,39,2717,-5,-6.624953993375047,810
100831101,806,1001944,999128,1001702,80439,1001803,1003784,998404,2717,3629,34,50,39,48,912,7,27.631578947368425,810
100831101,810,995218,80009,993360,80473,998408,80534,80343,0,3629,0,48,0,50,3629,-2,-1.9840176357123174,806
