matchId,squadId,GS,GA,WA,C,WD,GD,GK,startingTime,finishTime,teamStartScore,teamEndScore,oppStartScore,oppEndScore,duration,plusMinus,plusMinusPer60,oppSquadId
80350802,806,80072,80179,80075,80069,80574,80006,80038,0,1830,0,24,0,26,1830,-2,-3.9344262295081966,804
80350802,806,80179,80157,80075,80069,80574,80006,80470,1830,2744,24,32,26,41,914,-7,-27.571115973741794,804
80350802,806,80471,80072,80069,80574,80006,80038,80470,2744,3655,32,42,41,50,911,1,3.951701427003293,804
80350802,804,80050,80293,80041,80443,80452,80042,80010,0,1445,0,19,0,20,1445,-1,-2.491349480968858,806
80350802,804,80570,80293,80041,80443,80452,80010,80042,1445,1830,19,26,20,24,385,3,28.051948051948052,806
80350802,804,80570,80293,80041,991901,80044,80010,80042,1830,2304,26,33,24,30,474,1,7.594936708860759,806
80350802,804,80570,80293,80041,991901,80044,80042,80010,2304,3268,33,45,30,40,964,2,7.468879668049793,806
80350802,804,80570,80293,80041,80443,80044,80042,80010,3268,3655,45,50,40,42,387,3,27.906976744186046,806
