matchId,squadId,oppSquadId,period,badHands,badPasses,blocked,blocks,breaks,centrePassReceives,contactPenalties,defensiveRebounds,deflections,feeds,gain,goalAssists,goalAttempts,goalMisses,goals,intercepts,missedGoalTurnover,obstructionPenalties,offensiveRebounds,offsides,penalties,pickups,rebounds,tossUpWin,turnovers,possessions,pacePer60,offensiveRating,defensiveRating,netRating
80121102,801,802,1,1,3,0,0,0,14,9,1,5,20,4,9,19,4,15,1,0,2,3,0,11,5,4,0,7,23,91.69435215946844,65.21739130434783,60.0,5.217391304347828
80121102,801,802,2,0,5,0,0,0,8,12,0,8,16,5,7,13,1,12,1,0,1,1,0,13,5,1,0,8,20,79.55801104972376,60.0,64.70588235294117,-4.705882352941174
80121102,801,802,3,2,1,0,0,0,11,6,1,3,22,3,8,22,7,15,1,0,1,2,1,7,5,3,0,4,24,95.4696132596685,62.5,27.77777777777778,34.72222222222222
80121102,801,802,4,1,4,0,0,0,9,10,1,10,20,6,10,17,1,16,0,0,1,0,0,11,8,1,0,8,25,99.33774834437087,64.0,33.33333333333333,30.66666666666667
80121102,802,801,1,1,2,0,0,0,13,12,0,7,23,5,11,13,1,12,3,0,0,0,1,12,5,0,0,7,20,79.734219269103,60.0,65.21739130434783,-5.217391304347828
80121102,802,801,2,0,3,0,0,0,12,16,0,2,20,1,7,12,1,11,1,0,2,0,1,18,4,0,0,5,17,67.62430939226519,64.70588235294117,60.0,4.705882352941174
80121102,802,801,3,0,5,0,0,0,8,15,1,3,12,2,3,9,4,5,0,0,4,1,0,19,5,2,0,10,18,71.60220994475138,27.77777777777778,62.5,-34.72222222222222
80121102,802,801,4,1,3,0,0,0,12,10,1,2,15,3,6,14,8,6,1,0,2,1,0,12,4,2,0,5,18,71.52317880794702,33.33333333333333,64.0,-30.66666666666667
