matchId,squadId,GS,GA,WA,C,WD,GD,GK,startingTime,finishTime,teamStartScore,teamEndScore,oppStartScore,oppEndScore,duration,plusMinus,plusMinusPer60,oppSquadId
80121102,801,80295,80003,80067,80014,80048,80006,80010,0,2713,0,42,0,28,2713,14,18.57722078879469,802
80121102,801,80003,80067,80001,80014,80002,80006,80010,2713,3619,42,58,28,34,906,10,39.735099337748345,802
80121102,802,80022,80028,80221,80018,80292,80026,80023,0,3619,0,34,0,58,3619,-24,-23.873998342083446,801
