matchId,squadId,GS,GA,WA,C,WD,GD,GK,startingTime,finishTime,teamStartScore,teamEndScore,oppStartScore,oppEndScore,duration,plusMinus,plusMinusPer60
90840801,804,80064,80293,80041,992954,80577,80180,80010,0,1835,0,35,0,15,1835,20,39.23705722070845
90840801,804,80064,80064,80041,992954,80577,80180,80010,1835,2744,35,53,15,22,909,11,43.56435643564356
90840801,804,80064,80293,80041,992954,80577,80180,80010,2744,3077,53,57,22,23,333,3,32.432432432432435
90840801,804,80064,80293,80041,992954,80577,80180,80010,3077,3651,57,64,23,26,574,4,25.087108013937282
90840801,801,80449,80067,997461,80439,80132,80068,80295,0,921,0,9,0,19,921,-10,-39.08794788273616
90840801,801,80449,80067,997461,80439,80132,80068,80295,921,1835,9,15,19,35,914,-10,-39.38730853391685
90840801,801,80067,80449,997461,80439,80132,80068,80295,1835,2744,15,22,35,53,909,-11,-43.56435643564356
90840801,801,80449,80067,997461,80439,80132,80068,80295,2744,3651,22,26,53,64,907,-7,-27.783902976846747
