matchId,squadId,GS,GA,WA,C,WD,GD,GK,startingTime,finishTime,teamStartScore,teamEndScore,oppStartScore,oppEndScore,duration,plusMinus,plusMinusPer60,oppSquadId
95631302,801,80295,80067,80001,80576,80045,80180,80530,0,3637,0,61,0,63,3637,-2,-1.9796535606268904,810
95631302,810,80113,80009,80572,80299,80152,80470,80393,0,2427,0,44,0,37,2427,7,10.383189122373299,801
95631302,810,80113,80009,80572,993360,80152,80470,80393,2427,3208,44,57,37,54,781,-4,-18.437900128040972,801
95631302,810,80113,80009,993360,80152,80470,80133,80393,3208,3637,57,63,54,61,429,-1,-8.391608391608392,801
