matchId,squadId,period,badHands,badPasses,blocked,blocks,breaks,centrePassReceives,contactPenalties,defensiveRebounds,deflections,feeds,gain,goalAssists,goalAttempts,goalMisses,goals,intercepts,missedGoalTurnover,obstructionPenalties,offensiveRebounds,offsides,penalties,pickups,rebounds,tossUpWin,turnovers,possessions,pacePer60,offensiveRating,defensiveRating,netRating
80280205,802,1,0,2,0,0,1,11,16,2,4,19,3,7,23,8,15,1,0,6,1,0,22,7,3,0,4,26,102.63157894736842,57.692307692307686,52.38095238095239,5.3113553113553
80280205,802,2,0,4,0,0,0,13,14,1,1,10,2,6,10,1,9,1,0,2,0,0,17,1,1,0,6,16,63.716814159292035,56.25,80.95238095238095,-24.70238095238095
80280205,802,3,2,1,0,0,2,12,20,0,8,19,4,9,17,3,14,2,0,1,1,0,21,4,1,0,5,21,83.81374722838137,66.66666666666666,61.111111111111114,5.555555555555543
80280205,802,4,0,1,0,0,0,15,9,0,3,22,5,11,20,4,16,3,0,2,2,0,11,3,2,0,2,20,79.82261640798227,80.0,80.0,0.0
80280205,806,1,2,3,0,0,2,11,15,2,6,12,2,2,14,3,11,0,0,5,1,1,21,2,3,0,8,21,82.89473684210527,52.38095238095239,57.692307692307686,-5.3113553113553
80280205,806,2,1,1,0,0,0,13,10,1,2,17,3,9,20,3,17,2,0,1,2,0,12,2,3,0,3,21,83.6283185840708,80.95238095238095,56.25,24.70238095238095
80280205,806,3,2,0,0,0,0,10,9,0,3,7,2,4,13,2,11,2,0,8,1,1,18,1,1,0,6,18,71.84035476718404,61.111111111111114,66.66666666666666,-5.555555555555543
80280205,806,4,1,0,0,0,0,13,15,1,2,12,2,8,12,0,12,1,0,3,0,1,18,2,1,0,3,15,59.866962305986696,80.0,80.0,0.0
