matchId,squadId,GS,GA,WA,C,WD,GD,GK,startingTime,finishTime,teamStartScore,teamEndScore,oppStartScore,oppEndScore,duration,plusMinus,plusMinusPer60,oppSquadId
80280703,808,80019,80156,80182,80424,80021,80061,80020,0.0,667.0,0,7,0,12,667.0,-5,-26.986506746626688,805
80280703,808,80019,80156,80424,80021,80223,80061,80020,667.0,1816.0,7,21,12,28,1149.0,-2,-6.266318537859008,805
80280703,808,80019,80156,80424,80021,80247,80061,80020,1816.0,3637.0,21,45,28,49,1821.0,3,5.930807248764415,805
80280703,805,80054,80100,80063,80146,80023,80304,80192,0.0,2731.0,0,39,0,32,2731.0,7,9.22738923471256,808
80280703,805,80054,80055,80063,80146,80023,80304,80192,2731.0,3637.0,39,49,32,45,906.0,-3,-11.920529801324504,808
