matchId,squadId,oppSquadId,period,badHands,badPasses,blocked,blocks,breaks,centrePassReceives,contactPenalties,defensiveRebounds,deflections,feeds,gain,goalAssists,goalAttempts,goalMisses,goals,intercepts,missedGoalTurnover,obstructionPenalties,offensiveRebounds,offsides,penalties,pickups,rebounds,tossUpWin,turnovers,possessions,pacePer60,offensiveRating,defensiveRating,netRating
80351303,804,809,1,1,1,0,0,1,11,12,0,4,9,0,6,12,0,12,0,0,4,0,0,16,2,0,0,5,17,67.25274725274726,70.58823529411765,61.904761904761905,8.683473389355747
80351303,804,809,2,1,0,0,1,0,15,8,0,2,13,2,8,17,3,14,2,0,13,1,1,21,3,1,0,4,20,79.47019867549669,70.0,84.21052631578947,-14.210526315789465
80351303,804,809,3,1,0,0,0,0,12,12,0,0,10,1,7,13,1,12,1,0,2,0,1,14,6,0,0,3,16,63.576158940397356,75.0,61.111111111111114,13.888888888888886
80351303,804,809,4,1,2,0,1,0,15,19,0,1,12,2,7,14,1,13,2,0,5,1,1,24,2,1,0,5,18,70.74235807860262,72.22222222222221,80.0,-7.777777777777786
80351303,809,804,1,1,3,0,0,0,11,8,0,5,12,3,7,15,2,13,1,0,6,1,0,14,2,1,0,7,21,83.07692307692308,61.904761904761905,70.58823529411765,-8.683473389355747
80351303,809,804,2,0,1,1,0,0,14,12,1,4,11,2,9,17,1,16,0,0,5,0,0,17,2,1,0,2,19,75.49668874172185,84.21052631578947,70.0,14.210526315789465
80351303,809,804,3,2,2,0,0,0,11,12,1,5,10,5,7,12,1,11,3,0,9,1,0,21,1,2,0,7,18,71.52317880794702,61.111111111111114,75.0,-13.888888888888886
80351303,809,804,4,3,0,1,0,0,15,6,0,0,11,1,7,18,2,16,1,0,5,1,1,12,3,1,0,3,20,78.60262008733625,80.0,72.22222222222221,7.777777777777786
