matchId,squadId,GS,GA,WA,C,WD,GD,GK,startingTime,finishTime,teamStartScore,teamEndScore,oppStartScore,oppEndScore,duration,plusMinus,plusMinusPer60
80180905,810,80113,80074,80300,80152,80132,80127,80131,0,1161,0,20,0,18,1161,2,6.201550387596899
80180905,810,80113,80074,80300,80152,80132,80044,80131,1161,1838,20,31,18,28,677,1,5.317577548005908
80180905,810,80113,80074,80300,80152,80132,80127,80131,1838,3655,31,54,28,56,1817,-5,-9.906439185470555
80180905,805,80054,80100,80055,80063,80304,80192,80428,0,1133,0,18,0,19,1133,-1,-3.177405119152692
80180905,805,80054,80100,80055,80063,80304,80192,80059,1133,1838,18,28,19,31,705,-2,-10.212765957446809
80180905,805,80054,80100,80088,80063,80304,80192,80059,1838,3655,28,56,31,54,1817,5,9.906439185470555
