matchId,squadId,GS,GA,WA,C,WD,GD,GK,startingTime,finishTime,teamStartScore,teamEndScore,oppStartScore,oppEndScore,duration,plusMinus,plusMinusPer60,oppSquadId
113911004,8119,1010545,1014126,994225,1004473,80299,1011747,80010,0,2507,0,32,0,37,2507,-5,-7.179896290386917,8118
113911004,8119,1010545,1014126,1004473,80299,1013050,1011747,80010,2507,3272,32,45,37,51,765,-1,-4.705882352941177,8118
113911004,8119,1010545,1014126,1004473,80299,1011747,1001716,80010,3272,3600,45,49,51,58,328,-3,-32.92682926829268,8118
113911004,8118,80150,1019169,995217,80701,1001356,80470,991899,0,1800,0,27,0,23,1800,4,8.0,8119
113911004,8118,1019169,80150,995217,80701,1001356,80470,991899,1800,2700,27,42,23,35,900,3,12.0,8119
113911004,8118,1019169,80150,995217,80701,1001356,80470,1013638,2700,3600,42,58,35,49,900,2,8.0,8119
