matchId,squadId,GS,GA,WA,C,WD,GD,GK,startingTime,finishTime,teamStartScore,teamEndScore,oppStartScore,oppEndScore,duration,plusMinus,plusMinusPer60,oppSquadId
120450504,8117,1001357,80475,1022293,80296,1000831,80559,1001920,0,1970,0,35,0,34,1970,1,1.8274111675126903,806
120450504,8117,1001357,80475,1022293,80452,1000831,80559,1001920,1970,2295,35,41,34,38,325,2,22.153846153846153,806
120450504,8117,1001357,80475,1022293,80296,1000831,80559,1001920,2295,2511,41,45,38,41,216,1,16.666666666666668,806
120450504,8117,1001357,80475,1022293,80296,80452,80559,1001920,2511,2700,45,48,41,47,189,-3,-57.14285714285714,806
120450504,8117,80475,1001357,1022293,80296,80452,80559,1001920,2700,3263,48,57,47,58,563,-2,-12.788632326820604,806
120450504,8117,1001357,80475,1022293,80296,1000831,80559,1001920,3263,3600,57,63,58,64,337,0,0.0,806
120450504,806,80078,999128,80574,80439,1014127,1003784,998404,0,1287,0,22,0,22,1287,0,0.0,8117
120450504,806,80078,999128,1009742,80439,1014127,1003784,998404,1287,1510,22,24,22,28,223,-4,-64.57399103139014,8117
120450504,806,80078,999128,80574,80439,1014127,1003784,998404,1510,3600,24,64,28,63,2090,5,8.61244019138756,8117
