matchId,squadId,oppSquadId,period,badHands,badPasses,blocked,blocks,breaks,centrePassReceives,contactPenalties,defensiveRebounds,deflections,feeds,gain,goalAssists,goalAttempts,goalMisses,goals,intercepts,missedGoalTurnover,obstructionPenalties,offensiveRebounds,offsides,penalties,pickups,rebounds,tossUpWin,turnovers,possessions,pacePer60,offensiveRating,defensiveRating,netRating
80050204,802,810,1,0,2,0,0,2,12,11,1,4,11,0,7,16,3,13,0,0,3,1,0,14,2,2,0,7,22,87.32083792723263,59.09090909090909,63.63636363636363,-4.54545454545454
80050204,802,810,2,0,0,0,0,1,12,10,1,6,19,0,11,19,3,16,1,0,4,1,0,14,2,2,0,1,19,75.24752475247524,84.21052631578947,70.58823529411765,13.622291021671813
80050204,802,810,3,1,2,0,1,2,10,10,2,2,14,0,7,15,2,13,2,0,3,0,0,13,1,2,0,5,20,79.47019867549669,65.0,52.38095238095239,12.619047619047613
80050204,802,810,4,1,2,0,0,0,7,11,3,4,15,0,6,16,6,10,1,0,0,0,1,11,2,3,0,5,21,82.89473684210527,47.61904761904761,36.84210526315789,10.776942355889723
80050204,810,802,1,0,3,0,0,0,11,15,1,6,12,0,10,16,2,14,1,0,4,0,0,19,4,1,0,6,22,87.32083792723263,63.63636363636363,59.09090909090909,4.54545454545454
80050204,810,802,2,0,2,0,0,0,12,9,0,1,12,0,7,13,1,12,0,0,5,0,1,14,1,0,0,4,17,67.32673267326733,70.58823529411765,84.21052631578947,-13.622291021671813
80050204,810,802,3,0,2,1,0,1,9,15,1,4,13,0,6,16,5,11,2,0,2,0,2,17,2,1,0,5,21,83.44370860927152,52.38095238095239,65.0,-12.619047619047613
80050204,810,802,4,1,2,0,0,1,9,15,4,7,4,0,3,11,4,7,0,0,4,1,1,19,6,5,0,9,19,75.0,36.84210526315789,47.61904761904761,-10.776942355889723
