matchId,squadId,GS,GA,WA,C,WD,GD,GK,startingTime,finishTime,teamStartScore,teamEndScore,oppStartScore,oppEndScore,duration,plusMinus,plusMinusPer60
98190102,809,80150,80022,80055,80182,80701,80057,993358,0,3688,0,63,0,47,3688,16,15.61822125813449
98190102,805,80054,80100,80700,80535,80304,80708,80192,0,919,0,10,0,17,919,-7,-27.421109902067464
98190102,805,80054,80100,80581,80700,80192,80304,80604,919,2113,10,28,17,36,1194,-1,-3.0150753768844223
98190102,805,80054,80100,80581,80535,80192,80304,80604,2113,3068,28,39,36,50,955,-3,-11.30890052356021
98190102,805,1003472,80100,80581,80535,80192,80304,80604,3068,3232,39,40,50,54,164,-3,-65.85365853658536
98190102,805,1003472,80100,80581,80535,80192,1001698,80604,3232,3688,40,47,54,63,456,-2,-15.789473684210527
