matchId,squadId,period,badHands,badPasses,blocked,blocks,breaks,centrePassReceives,contactPenalties,defensiveRebounds,deflections,feeds,gain,goalAssists,goalAttempts,goalMisses,goals,intercepts,missedGoalTurnover,obstructionPenalties,offensiveRebounds,offsides,penalties,pickups,rebounds,tossUpWin,turnovers,possessions,pacePer60,offensiveRating,defensiveRating,netRating
80120904,806,1,2,1,0,0,0,11,13,0,1,16,3,9,15,2,13,2,0,5,0,0,18,2,0,0,6,21,82.53275109170305,61.904761904761905,50.0,11.904761904761905
80120904,806,2,0,1,0,0,0,11,13,0,5,15,3,7,17,6,11,2,0,4,1,0,17,1,1,0,5,21,83.72093023255813,52.38095238095239,47.368421052631575,5.0125313283208115
80120904,806,3,0,2,0,0,0,9,13,0,2,17,5,8,17,6,11,4,0,1,2,0,14,1,2,0,6,21,82.89473684210527,52.38095238095239,57.89473684210527,-5.513784461152881
80120904,806,4,0,0,0,1,0,9,6,2,3,15,2,5,16,7,9,0,0,3,1,1,9,1,3,0,2,17,67.17892425905598,52.94117647058824,62.5,-9.558823529411761
80120904,807,1,3,2,0,0,0,12,16,0,7,19,3,7,11,1,10,1,0,2,1,2,18,3,1,0,10,20,78.60262008733625,50.0,61.904761904761905,-11.904761904761905
80120904,807,2,1,3,0,0,0,10,16,2,3,17,5,3,12,3,9,3,0,4,2,1,20,1,4,0,9,19,75.74750830564784,47.368421052631575,52.38095238095239,-5.0125313283208115
80120904,807,3,1,0,0,0,0,10,11,1,4,15,4,5,15,4,11,3,0,3,3,1,14,1,4,0,7,19,75.0,57.89473684210527,52.38095238095239,5.513784461152881
80120904,807,4,1,1,1,0,0,8,15,4,0,15,4,7,15,5,10,0,0,3,3,0,18,0,7,0,4,16,63.22722283205269,62.5,52.94117647058824,9.558823529411761
