matchId,squadId,period,badHands,badPasses,blocked,blocks,breaks,centrePassReceives,contactPenalties,defensiveRebounds,deflections,feeds,gain,goalAssists,goalAttempts,goalMisses,goals,intercepts,missedGoalTurnover,obstructionPenalties,offensiveRebounds,offsides,penalties,pickups,rebounds,tossUpWin,turnovers,possessions,pacePer60,offensiveRating,defensiveRating,netRating
80351004,801,1,2,1,0,0,2,12,5,3,3,17,9,10,23,8,15,6,0,8,3,0,13,2,6,0,7,27,107.16648291069458,55.55555555555556,50.0,5.555555555555557
80351004,801,2,1,1,0,0,0,16,10,2,4,22,4,13,22,3,19,2,0,3,1,0,13,4,3,0,5,26,103.65448504983388,73.07692307692307,52.0,21.076923076923066
80351004,801,3,1,1,1,1,1,15,12,2,7,18,3,13,19,3,16,0,0,8,1,2,20,3,3,0,5,23,88.36712913553895,69.56521739130434,75.0,-5.434782608695656
80351004,801,4,2,1,0,0,0,14,16,0,8,16,2,8,17,5,12,2,0,2,0,0,18,1,0,0,10,27,106.81318681318682,44.44444444444444,68.18181818181817,-23.73737373737373
80351004,802,1,1,1,0,0,0,12,9,2,5,17,6,9,17,5,12,2,0,4,1,1,13,5,3,0,8,24,95.25909592061741,50.0,55.55555555555556,-5.555555555555557
80351004,802,2,2,2,0,0,0,12,13,0,4,13,3,7,17,4,13,2,0,2,1,0,15,5,1,0,9,25,99.66777408637874,52.0,73.07692307692307,-21.076923076923066
80351004,802,3,0,0,1,1,0,15,11,0,4,17,0,9,24,6,18,0,0,1,2,0,12,4,2,0,2,24,92.20917822838847,75.0,69.56521739130434,5.434782608695656
80351004,802,4,2,2,0,0,0,12,7,3,5,14,4,11,16,1,15,0,0,2,0,1,9,4,3,0,6,22,87.03296703296704,68.18181818181817,44.44444444444444,23.73737373737373
