matchId,squadId,oppSquadId,period,badHands,badPasses,blocked,blocks,breaks,centrePassReceives,contactPenalties,defensiveRebounds,deflections,feeds,gain,goalAssists,goalAttempts,goalMisses,goals,intercepts,missedGoalTurnover,obstructionPenalties,offensiveRebounds,offsides,penalties,pickups,rebounds,tossUpWin,turnovers,possessions,pacePer60,offensiveRating,defensiveRating,netRating
80051204,802,809,1,1,4,0,0,0,9,11,2,2,10,0,5,14,4,10,1,0,1,1,1,12,6,3,0,8,21,82.8039430449069,47.61904761904761,43.47826086956522,4.140786749482395
80051204,802,809,2,1,0,0,0,0,11,7,0,1,17,0,4,14,3,11,2,0,3,0,0,10,0,0,0,5,19,75.08232711306258,57.89473684210527,68.42105263157895,-10.526315789473678
80051204,802,809,3,1,1,0,0,1,11,14,1,3,19,0,13,17,2,15,0,0,5,0,0,19,5,1,0,5,22,87.12871287128712,68.18181818181817,63.63636363636363,4.54545454545454
80051204,802,809,4,1,2,0,0,0,10,12,0,2,12,0,5,14,4,10,2,0,2,1,0,14,1,1,0,7,20,78.7746170678337,50.0,65.0,-15.0
80051204,809,802,1,0,5,0,0,0,10,11,3,7,12,0,5,15,5,10,2,0,3,0,0,14,3,3,0,8,23,90.69003285870755,43.47826086956522,47.61904761904761,-4.140786749482395
80051204,809,802,2,0,2,0,0,2,10,21,3,6,10,0,7,13,0,13,1,0,5,0,0,26,3,3,0,6,19,75.08232711306258,68.42105263157895,57.89473684210527,10.526315789473678
80051204,809,802,3,1,3,0,0,0,14,13,2,3,10,0,5,16,2,14,0,0,1,1,1,14,2,3,0,7,22,87.12871287128712,63.63636363636363,68.18181818181817,-4.54545454545454
80051204,809,802,4,1,1,0,0,1,11,14,2,4,14,0,9,14,1,13,1,0,2,0,0,16,3,2,0,6,20,78.7746170678337,65.0,50.0,15.0
