matchId,squadId,GS,GA,WA,C,WD,GD,GK,startingTime,finishTime,teamStartScore,teamEndScore,oppStartScore,oppEndScore,duration,plusMinus,plusMinusPer60,oppSquadId
80351403,808,80826,80019,80424,80021,80095,80059,80305,0,907,0,10,0,17,907,-7,-27.783902976846747,803
80351403,808,80826,80019,80182,80021,80095,80059,80478,907,2729,10,44,17,55,1822,-4,-7.903402854006586,803
80351403,808,80826,80019,80182,80021,80095,80059,80305,2729,3650,44,64,55,73,921,2,7.817589576547231,803
80351403,803,80052,80156,80094,80154,80109,80098,80099,0,3650,0,73,0,64,3650,9,8.876712328767123,808
