matchId,squadId,GS,GA,WA,C,WD,GD,GK,startingTime,finishTime,teamStartScore,teamEndScore,oppStartScore,oppEndScore,duration,plusMinus,plusMinusPer60,oppSquadId
111081102,8117,1001357,80475,80296,80105,998401,80559,999135,0,1800,0,30,0,36,1800,-6,-12.0,810
111081102,8117,1014128,1001357,80296,80105,80297,80559,999135,1800,2391,30,37,36,46,591,-3,-18.274111675126903,810
111081102,8117,1014128,80475,80296,80105,80297,80559,999135,2391,2700,37,41,46,51,309,-1,-11.650485436893202,810
111081102,8117,1001357,80475,80296,998401,80297,80559,997815,2700,3600,41,52,51,72,900,-10,-40.0,810
111081102,810,80826,994215,1000231,80473,998408,80534,80343,0,3600,0,72,0,52,3600,20,20.0,8117
