matchId,squadId,GS,GA,WA,C,WD,GD,GK,startingTime,finishTime,teamStartScore,teamEndScore,oppStartScore,oppEndScore,duration,plusMinus,plusMinusPer60,oppSquadId
80181201,802,80022,80156,80028,80018,80164,80292,80023,0,3622,0,52,0,69,3622,-17,-16.896742131419106,807
80181201,807,80078,80009,80301,80297,80077,80180,80080,0,904,0,15,0,15,904,0,0.0,802
80181201,807,80078,80009,80301,80443,80077,80180,80080,904,1810,15,33,15,27,906,6,23.841059602649008,802
80181201,807,80078,80009,80301,80443,80076,80180,80080,1810,2714,33,52,27,42,904,4,15.929203539823009,802
80181201,807,80078,80009,80301,80443,80077,80076,80080,2714,3433,52,65,42,50,719,5,25.03477051460362,802
80181201,807,80078,80009,80442,80443,80077,80076,80080,3433,3622,65,69,50,52,189,2,38.095238095238095,802
