matchId,squadId,GS,GA,WA,C,WD,GD,GK,startingTime,finishTime,teamStartScore,teamEndScore,oppStartScore,oppEndScore,duration,plusMinus,plusMinusPer60
80120703,809,80111,80019,80029,80105,80184,80108,80101,0,3627,0,49,0,46,3627,3,2.9776674937965257
80120703,805,80054,80100,80063,80089,80125,80109,80159,0,1310,0,17,0,18,1310,-1,-2.7480916030534353
80120703,805,80054,80100,80055,80063,80125,80109,80159,1310,3627,17,46,18,49,2317,-2,-3.107466551575313
