matchId,squadId,period,badHands,badPasses,blocked,blocks,breaks,centrePassReceives,contactPenalties,defensiveRebounds,deflections,feeds,gain,goalAssists,goalAttempts,goalMisses,goals,intercepts,missedGoalTurnover,obstructionPenalties,offensiveRebounds,offsides,penalties,pickups,rebounds,tossUpWin,turnovers,possessions,pacePer60,offensiveRating,defensiveRating,netRating
80051402,803,1,0,1,0,0,0,17,8,1,5,28,0,9,18,4,14,3,0,2,1,0,10,4,2,0,9,26,102.97029702970298,53.84615384615385,72.41379310344827,-18.567639257294424
80051402,803,2,0,2,0,0,0,9,15,0,7,12,0,5,8,1,7,1,0,2,0,1,17,6,0,0,12,20,78.4313725490196,35.0,72.41379310344827,-37.41379310344827
80051402,803,3,0,2,0,0,0,12,9,1,3,16,0,5,9,2,7,0,0,1,0,0,10,6,1,0,15,24,95.15418502202644,29.166666666666668,66.66666666666666,-37.499999999999986
80051402,803,4,1,4,0,0,0,13,15,1,6,10,0,8,13,2,11,3,0,5,1,0,20,3,2,0,12,24,95.68106312292359,45.83333333333333,64.28571428571429,-18.452380952380963
80051402,804,1,0,1,0,0,0,16,9,3,6,29,0,15,24,3,21,5,0,1,1,0,10,3,4,0,6,29,114.85148514851485,72.41379310344827,53.84615384615385,18.567639257294424
80051402,804,2,1,2,0,0,0,14,10,1,12,24,0,14,22,1,21,3,0,2,0,2,12,6,1,0,7,29,113.72549019607843,72.41379310344827,35.0,37.41379310344827
80051402,804,3,2,3,0,0,0,14,11,1,5,25,0,16,24,4,20,4,0,1,2,1,12,4,3,0,8,30,118.94273127753304,66.66666666666666,29.166666666666668,37.499999999999986
80051402,804,4,1,1,0,0,0,15,10,1,6,28,0,9,20,2,18,3,0,3,1,1,13,5,2,0,9,28,111.62790697674419,64.28571428571429,45.83333333333333,18.452380952380963
