matchId,squadId,GS,GA,WA,C,WD,GD,GK,startingTime,finishTime,teamStartScore,teamEndScore,oppStartScore,oppEndScore,duration,plusMinus,plusMinusPer60,oppSquadId
103931004,8118,80072,80150,80069,80535,80701,80068,991899,0,2070,0,37,0,36,2070,1,1.7391304347826086,806
103931004,8118,999823,80150,80069,80535,80701,80068,991899,2070,2717,37,50,36,44,647,5,27.820710973724886,806
103931004,8118,999823,80150,80069,80701,80535,80068,991899,2717,3624,50,66,44,56,907,4,15.876515986769569,806
103931004,806,1001944,999128,80574,80439,991904,1003784,998404,0,910,0,13,0,19,910,-6,-23.736263736263737,8118
103931004,806,1001944,999128,80574,80439,991904,1003784,1001701,910,1540,13,24,19,33,630,-3,-17.142857142857142,8118
103931004,806,1001944,999128,80574,80439,1007304,998404,1001701,1540,2717,24,44,33,50,1177,3,9.17587085811385,8118
103931004,806,1001944,999128,80574,80439,1007304,1001701,998404,2717,3133,44,48,50,57,416,-3,-25.96153846153846,8118
103931004,806,1001944,999128,80574,991904,1007304,1001701,998404,3133,3624,48,56,57,66,491,-1,-7.3319755600814664,8118
