matchId,squadId,GS,GA,WA,C,WD,GD,GK,startingTime,finishTime,teamStartScore,teamEndScore,oppStartScore,oppEndScore,duration,plusMinus,plusMinusPer60,oppSquadId
100831304,804,80540,80293,994224,991901,994226,80577,994213,0,3625,0,71,0,50,3625,21,20.855172413793102,801
100831304,801,80067,1007298,80301,80146,80045,994232,80127,0,1256,0,20,0,26,1256,-6,-17.197452229299362,804
100831304,801,80570,80067,80301,80146,80045,994232,80127,1256,2525,20,37,26,47,1269,-4,-11.347517730496454,804
100831304,801,1007298,80067,80301,80146,80045,994232,80127,2525,2722,37,38,47,50,197,-2,-36.54822335025381,804
100831304,801,80067,1007298,80301,80045,80146,994232,80127,2722,3088,38,41,50,60,366,-7,-68.85245901639344,804
100831304,801,80067,1007298,80301,995700,80045,994232,80127,3088,3289,41,46,60,62,201,3,53.731343283582085,804
100831304,801,80067,1007298,80301,995700,80045,994232,80353,3289,3625,46,50,62,71,336,-5,-53.57142857142858,804
