matchId,squadId,GS,GA,WA,C,WD,GD,GK,startingTime,finishTime,teamStartScore,teamEndScore,oppStartScore,oppEndScore,duration,plusMinus,plusMinusPer60
80280701,806,80072,80179,80069,80075,80162,80006,80470,0,906,0,13,0,21,906,-8,-31.788079470198678
80280701,806,80072,80179,80075,80069,80162,80006,80038,906,1808,13,29,21,30,902,7,27.93791574279379
80280701,806,80072,80157,80075,80069,80162,80006,80038,1808,3635,29,55,30,52,1827,4,7.8817733990147785
80280701,804,80570,80293,80041,80171,80049,80042,80010,0,1324,0,24,0,21,1324,3,8.157099697885197
80280701,804,80570,80293,80041,80171,80178,80049,80010,1324,1808,24,30,21,29,484,-2,-14.87603305785124
80280701,804,80570,80293,80041,80178,80042,80049,80010,1808,2714,30,39,29,43,906,-5,-19.867549668874172
80280701,804,80003,80293,80041,80171,80178,80049,80010,2714,3635,39,52,43,55,921,1,3.9087947882736156
