matchId,squadId,period,badHands,badPasses,blocked,blocks,breaks,centrePassReceives,contactPenalties,defensiveRebounds,deflections,feeds,gain,goalAssists,goalAttempts,goalMisses,goals,intercepts,missedGoalTurnover,obstructionPenalties,offensiveRebounds,offsides,penalties,pickups,rebounds,tossUpWin,turnovers,possessions,pacePer60,offensiveRating,defensiveRating,netRating
90850102,804,1,1,1,0,0,0,13,7,1,2,16,4,9,22,6,16,2,0,6,1,1,13,4,2,0,5,26,101.84983677910773,61.53846153846154,60.0,1.53846153846154
90850102,804,2,2,1,0,0,0,13,11,0,1,13,0,4,13,2,11,0,0,4,0,0,15,2,0,0,5,18,71.60220994475138,61.111111111111114,72.22222222222221,-11.1111111111111
90850102,804,3,1,1,0,0,0,13,11,0,3,13,2,7,16,2,14,2,0,4,1,0,15,2,1,0,3,18,71.44432194046306,77.77777777777779,86.66666666666667,-8.888888888888886
90850102,804,4,2,0,0,0,0,12,14,0,3,10,2,6,14,3,11,1,0,2,1,0,16,5,1,0,6,19,75.08232711306258,57.89473684210527,70.58823529411765,-12.693498452012385
90850102,807,1,1,1,0,0,0,12,19,3,4,16,3,4,13,4,9,0,0,4,3,1,23,1,6,0,5,15,58.759521218715996,60.0,61.53846153846154,-1.53846153846154
90850102,807,2,3,1,0,0,0,12,13,1,4,19,2,9,15,2,13,1,0,3,2,1,16,1,3,0,5,18,71.60220994475138,72.22222222222221,61.111111111111114,11.1111111111111
90850102,807,3,1,0,0,0,0,14,7,1,4,20,2,5,14,1,13,0,0,2,1,3,9,1,2,0,2,15,59.536934950385884,86.66666666666667,77.77777777777779,8.888888888888886
90850102,807,4,2,2,0,0,0,11,17,1,7,14,3,5,14,2,12,0,0,3,2,0,20,3,3,0,5,17,67.17892425905598,70.58823529411765,57.89473684210527,12.693498452012385
