matchId,squadId,GS,GA,WA,C,WD,GD,GK,startingTime,finishTime,teamStartScore,teamEndScore,oppStartScore,oppEndScore,duration,plusMinus,plusMinusPer60
100830903,8118,80150,80072,996140,80535,80701,80068,991899,0,2714,0,41,0,47,2714,-6,-7.9587324981577
100830903,8118,80150,80072,80178,80535,80701,80068,991899,2714,3622,41,56,47,59,908,3,11.894273127753305
100830903,8119,80052,994215,80041,80833,80299,80470,80048,0,905,0,15,0,13,905,2,7.955801104972376
100830903,8119,80052,80449,80041,80833,80299,80470,80048,905,2714,15,47,13,41,1809,4,7.960199004975125
100830903,8119,80052,80152,80041,80833,80299,80470,80048,2714,3131,47,52,41,51,417,-5,-43.16546762589928
100830903,8119,80052,80449,80041,80833,80299,80470,80048,3131,3622,52,59,51,56,491,2,14.663951120162933
