matchId,squadId,GS,GA,WA,C,WD,GD,GK,startingTime,finishTime,teamStartScore,teamEndScore,oppStartScore,oppEndScore,duration,plusMinus,plusMinusPer60,oppSquadId
95631101,807,80078,993463,992954,80833,991905,80076,80080,0,1817,0,23,0,20,1817,3,5.943863511282333,804
95631101,807,80078,993463,992954,80833,991905,80068,80080,1817,3649,23,54,20,45,1832,6,11.790393013100436,804
95631101,804,80570,80293,994224,991901,994226,80042,80010,0,907,0,7,0,11,907,-4,-15.876515986769569,807
95631101,804,80293,80570,994224,991901,994226,80042,80010,907,1817,7,20,11,23,910,1,3.956043956043956,807
95631101,804,80293,80570,80575,994224,994226,80042,80010,1817,2033,20,22,23,28,216,-3,-50.0,807
95631101,804,80570,80293,80575,994224,994226,80042,80010,2033,3649,22,45,28,54,1616,-3,-6.683168316831684,807
