matchId,squadId,GS,GA,WA,C,WD,GD,GK,startingTime,finishTime,teamStartScore,teamEndScore,oppStartScore,oppEndScore,duration,plusMinus,plusMinusPer60,oppSquadId
80280301,807,80078,80009,80301,80081,80077,80180,80080,0,1810,0,26,0,13,1810,13,25.85635359116022,803
80280301,807,80078,80009,80301,80443,80077,80180,80080,1810,2714,26,44,13,24,904,7,27.876106194690266,803
80280301,807,80078,80009,80081,80443,80452,80180,80080,2714,3620,44,58,24,32,906,6,23.841059602649008,803
80280301,803,80052,80058,80403,80154,80109,80098,80099,0,1810,0,13,0,26,1810,-13,-25.85635359116022,807
80280301,803,80052,80032,80170,80154,80109,80098,80099,1810,3620,13,32,26,58,1810,-13,-25.85635359116022,807
