matchId,squadId,GS,GA,WA,C,WD,GD,GK,startingTime,finishTime,teamStartScore,teamEndScore,oppStartScore,oppEndScore,duration,plusMinus,plusMinusPer60,oppSquadId
103930802,810,80826,80009,993360,80473,998408,80534,80343,0.0,604.0,0,13,0,9,604.0,4,23.841059602649008,801
103930802,810,80826,995218,993360,80473,998408,80534,80343,604.0,695.0,13,14,9,12,91.0,-2,-79.12087912087912,801
103930802,810,80826,80009,993360,80473,998408,80534,80343,695.0,2829.0,14,59,12,39,2134.0,18,30.36551077788191,801
103930802,810,80826,995218,993360,80473,998408,80534,80343,2829.0,3229.0,59,64,39,48,400.0,-4,-36.0,801
103930802,810,80826,80009,993360,80473,998408,80534,80343,3229.0,3754.0,64,76,48,56,525.0,4,27.428571428571427,801
103930802,801,1010545,1004493,80301,993702,994232,80057,80440,0.0,1325.0,0,17,0,28,1325.0,-11,-29.886792452830193,810
103930802,801,1010545,1004493,80301,999806,994232,80057,80440,1325.0,2404.0,17,34,28,49,1079.0,-4,-13.345690454124188,810
103930802,801,1010545,1004465,80301,999806,994232,80057,80440,2404.0,2829.0,34,39,49,59,425.0,-5,-42.35294117647059,810
103930802,801,1010545,1004493,80301,999806,993702,994232,80440,2829.0,3754.0,39,56,59,76,925.0,0,0.0,810
