matchId,squadId,GS,GA,WA,C,WD,GD,GK,startingTime,finishTime,teamStartScore,teamEndScore,oppStartScore,oppEndScore,duration,plusMinus,plusMinusPer60,oppSquadId
127150301,9698,1010545,1029500,1009742,1004473,1001356,1007219,1004510,0,2408,0,42,0,36,2408,6,8.970099667774086,8118
127150301,9698,1010545,1029500,1016033,1004473,1001356,1007219,1004510,2408,3600,42,71,36,56,1192,9,27.181208053691275,8118
127150301,8118,80150,1019169,995217,80701,1022764,1011747,1028096,0,900,0,12,0,17,900,-5,-20.0,9698
127150301,8118,80150,1019169,1034275,80701,1022764,1011747,1028096,900,1800,12,27,17,31,900,1,4.0,9698
127150301,8118,1013629,1019169,1034275,80701,1022764,1011747,1028096,1800,2181,27,31,31,40,381,-5,-47.24409448818898,9698
127150301,8118,1013629,1019169,1034275,80701,1022764,1013638,1028096,2181,2196,31,32,40,40,15,1,240.0,9698
127150301,8118,1013629,1019169,1034275,80701,1011747,1013638,1028096,2196,2700,32,41,40,52,504,-3,-21.428571428571427,9698
127150301,8118,1013629,1019169,995217,80701,1022764,1011747,1028096,2700,3600,41,56,52,71,900,-4,-16.0,9698
