matchId,squadId,period,badHands,badPasses,blocked,blocks,breaks,centrePassReceives,contactPenalties,defensiveRebounds,deflections,feeds,gain,goalAssists,goalAttempts,goalMisses,goals,intercepts,missedGoalTurnover,obstructionPenalties,offensiveRebounds,offsides,penalties,pickups,rebounds,tossUpWin,turnovers,possessions,pacePer60,offensiveRating,defensiveRating,netRating
80121404,803,1,0,4,0,0,0,12,6,0,1,16,3,9,16,4,12,2,0,1,1,0,7,2,1,0,6,21,82.8039430449069,57.14285714285714,50.0,7.142857142857139
80121404,803,2,0,2,0,0,0,11,5,1,5,15,4,7,17,5,12,1,0,4,3,1,9,3,4,0,6,20,79.38257993384784,60.0,52.94117647058824,7.058823529411761
80121404,803,3,2,0,0,0,0,13,8,1,4,15,3,6,15,4,11,2,0,5,1,1,13,2,2,0,4,18,69.97840172786177,61.111111111111114,71.42857142857143,-10.317460317460316
80121404,803,4,4,0,0,0,0,14,16,0,2,16,4,11,15,2,13,3,0,5,1,0,21,0,1,0,7,21,81.64146868250539,61.904761904761905,70.0,-8.095238095238095
80121404,804,1,2,1,0,0,0,12,5,2,5,11,3,8,13,2,11,0,0,3,0,1,8,2,2,0,9,22,86.74698795180723,50.0,57.14285714285714,-7.142857142857139
80121404,804,2,1,3,0,0,0,11,7,2,4,8,3,4,12,3,9,0,0,4,1,0,11,2,3,0,6,17,67.47519294377067,52.94117647058824,60.0,-7.058823529411761
80121404,804,3,1,2,0,0,1,13,7,2,6,14,4,8,18,3,15,0,0,4,2,1,11,4,4,0,5,21,81.64146868250539,71.42857142857143,61.111111111111114,10.317460317460316
80121404,804,4,2,0,0,0,0,12,10,1,0,9,2,9,14,0,14,1,0,0,0,1,10,0,1,0,6,20,77.75377969762418,70.0,61.904761904761905,8.095238095238095
