matchId,squadId,period,badHands,badPasses,blocked,blocks,breaks,centrePassReceives,contactPenalties,defensiveRebounds,deflections,feeds,gain,goalAssists,goalAttempts,goalMisses,goals,intercepts,missedGoalTurnover,obstructionPenalties,offensiveRebounds,offsides,penalties,pickups,rebounds,tossUpWin,turnovers,possessions,pacePer60,offensiveRating,defensiveRating,netRating
80050401,803,1,2,1,0,0,0,14,10,1,3,12,0,4,18,5,13,1,0,5,1,0,15,5,2,0,6,23,90.88913282107575,56.52173913043478,65.21739130434783,-8.695652173913047
80050401,803,2,0,0,0,0,1,14,11,0,3,20,0,12,23,4,19,4,0,6,0,1,17,3,0,0,5,28,111.01321585903084,67.85714285714286,58.333333333333336,9.523809523809526
80050401,803,3,0,3,0,0,0,12,11,0,1,14,0,5,16,4,12,1,0,0,0,0,11,4,0,0,6,22,87.41721854304636,54.54545454545454,61.904761904761905,-7.3593073593073655
80050401,803,4,0,2,0,0,1,12,11,1,1,11,0,3,15,5,10,0,0,5,0,0,16,4,1,0,9,24,94.42622950819671,41.66666666666667,72.0,-30.33333333333333
80050401,810,1,0,0,0,0,2,12,10,0,3,9,0,7,18,3,15,0,0,9,0,2,19,1,0,0,5,23,90.88913282107575,65.21739130434783,56.52173913043478,8.695652173913047
80050401,810,2,1,1,0,0,0,14,9,0,1,13,0,7,18,4,14,2,0,2,1,1,11,3,1,0,7,24,95.15418502202644,58.333333333333336,67.85714285714286,-9.523809523809526
80050401,810,3,0,0,0,0,1,10,18,0,3,18,0,10,17,4,13,1,0,3,0,1,21,2,0,0,4,21,83.44370860927152,61.904761904761905,54.54545454545454,7.3593073593073655
80050401,810,4,0,1,0,0,0,14,10,0,5,19,0,10,21,3,18,4,0,3,0,3,13,4,0,0,4,25,98.36065573770492,72.0,41.66666666666667,30.33333333333333
