matchId,squadId,GS,GA,WA,C,WD,GD,GK,startingTime,finishTime,teamStartScore,teamEndScore,oppStartScore,oppEndScore,duration,plusMinus,plusMinusPer60
80050802,801,80003,80009,80001,80014,80173,80006,80010,0,1810,0,24,0,25,1810,-1,-1.988950276243094
80050802,801,80168,80003,80001,80014,80173,80006,80010,1810,2719,24,33,25,37,909,-3,-11.881188118811881
80050802,801,80003,80009,80001,80139,80014,80006,80010,2719,3095,33,39,37,43,376,0,0.0
80050802,801,80003,80009,80139,80014,80173,80006,80010,3095,3649,39,51,43,50,554,5,32.490974729241884
80050802,807,80078,80155,80085,80081,80076,80083,80080,0,3649,0,50,0,51,3649,-1,-0.9865716634694436
