matchId,squadId,period,badHands,badPasses,blocked,blocks,breaks,centrePassReceives,contactPenalties,defensiveRebounds,deflections,feeds,gain,goalAssists,goalAttempts,goalMisses,goals,intercepts,missedGoalTurnover,obstructionPenalties,offensiveRebounds,offsides,penalties,pickups,rebounds,tossUpWin,turnovers,possessions,pacePer60,offensiveRating,defensiveRating,netRating
80350402,803,1,0,2,0,0,0,16,15,0,3,15,1,12,17,0,17,1,0,7,0,1,22,1,0,0,3,20,79.64601769911505,85.0,84.21052631578947,0.7894736842105345
80350402,803,2,0,0,0,0,0,14,9,0,0,9,0,5,14,1,13,0,0,1,0,0,10,1,0,0,3,17,67.10526315789474,76.47058823529412,76.19047619047619,0.2801120448179262
80350402,803,3,0,0,0,0,0,13,14,0,2,16,1,7,19,3,16,1,0,3,1,0,17,3,1,0,1,19,74.18655097613883,84.21052631578947,68.75,15.460526315789465
80350402,803,4,0,1,0,0,0,13,11,0,1,15,5,8,15,2,13,5,0,1,0,0,12,0,0,0,5,20,79.64601769911505,65.0,92.85714285714286,-27.85714285714286
80350402,808,1,0,1,0,0,1,15,12,0,1,13,1,7,16,0,16,1,0,1,0,0,13,3,0,0,3,19,75.66371681415929,84.21052631578947,85.0,-0.7894736842105345
80350402,808,2,0,0,0,0,1,14,17,0,7,18,3,11,19,3,16,1,0,5,2,3,22,1,2,0,4,21,82.89473684210527,76.19047619047619,76.47058823529412,-0.2801120448179262
80350402,808,3,1,2,0,0,0,12,12,0,4,12,2,5,13,2,11,2,0,8,1,0,21,1,1,0,4,16,62.47288503253796,68.75,84.21052631578947,-15.460526315789465
80350402,808,4,0,0,0,0,0,13,12,2,4,14,3,10,14,1,13,0,0,4,1,0,16,2,3,0,1,14,55.75221238938053,92.85714285714286,65.0,27.85714285714286
