matchId,squadId,period,badHands,badPasses,blocked,blocks,breaks,centrePassReceives,contactPenalties,defensiveRebounds,deflections,feeds,gain,goalAssists,goalAttempts,goalMisses,goals,intercepts,missedGoalTurnover,obstructionPenalties,offensiveRebounds,offsides,penalties,pickups,rebounds,tossUpWin,turnovers,possessions,pacePer60,offensiveRating,defensiveRating,netRating
80120702,804,1,1,3,0,0,0,11,11,0,4,16,6,6,12,2,10,5,0,2,1,2,13,1,1,0,11,22,86.93743139407245,45.45454545454545,70.83333333333334,-25.37878787878789
80120702,804,2,3,1,0,0,0,11,11,1,3,16,7,8,12,1,11,4,0,2,0,1,13,3,1,0,10,22,87.32083792723263,50.0,57.14285714285714,-7.142857142857139
80120702,804,3,0,1,0,0,0,12,12,2,2,18,4,10,17,1,16,2,0,1,0,2,13,2,2,0,2,19,75.0,84.21052631578947,52.94117647058824,31.269349845201226
80120702,804,4,1,2,0,0,0,11,14,1,6,8,4,2,5,0,5,2,0,3,0,2,17,0,1,0,10,15,59.668508287292816,33.33333333333333,78.26086956521739,-44.92753623188406
80120702,806,1,0,0,0,0,0,13,10,0,3,13,5,6,17,0,17,5,0,2,0,0,12,3,0,0,7,24,94.84083424807903,70.83333333333334,45.45454545454545,25.37878787878789
80120702,806,2,0,2,0,0,0,10,3,1,4,11,5,6,13,1,12,2,0,2,0,1,5,3,1,0,8,21,83.35170893054024,57.14285714285714,50.0,7.142857142857139
80120702,806,3,1,1,0,0,0,10,11,2,3,11,3,6,12,3,9,0,0,5,0,0,16,1,2,0,5,17,67.10526315789474,52.94117647058824,84.21052631578947,-31.269349845201226
80120702,806,4,1,1,0,0,0,10,2,0,4,19,6,15,19,1,18,5,0,3,0,0,5,4,0,0,4,23,91.49171270718232,78.26086956521739,33.33333333333333,44.92753623188406
