matchId,squadId,GS,GA,WA,C,WD,GD,GK,startingTime,finishTime,teamStartScore,teamEndScore,oppStartScore,oppEndScore,duration,plusMinus,plusMinusPer60,oppSquadId
80181003,801,80295,80067,80001,80014,80173,80048,80440,0,3606,0,57,0,53,3606,4,3.9933444259567388,806
80181003,806,80064,80072,80069,80182,80006,80068,80038,0,2355,0,34,0,40,2355,-6,-9.171974522292995,801
80181003,806,80064,80072,80069,80182,80299,80068,80038,2355,2411,34,34,40,41,56,-1,-64.28571428571428,801
80181003,806,80064,80179,80069,80182,80299,80068,80038,2411,2705,34,39,41,45,294,1,12.244897959183673,801
80181003,806,80064,80179,80069,80182,80299,80006,80038,2705,3236,39,47,45,52,531,1,6.779661016949153,801
80181003,806,80064,80072,80069,80182,80299,80006,80038,3236,3606,47,53,52,57,370,1,9.72972972972973,801
