matchId,squadId,GS,GA,WA,C,WD,GD,GK,startingTime,finishTime,teamStartScore,teamEndScore,oppStartScore,oppEndScore,duration,plusMinus,plusMinusPer60,oppSquadId
129490904,804,1001711,1001708,1034300,991901,1001701,80577,1005495,0,2471,0,47,0,35,2471,12,17.482800485633348,807
129490904,804,1001711,1034295,1034300,991901,1001701,80577,1005495,2471,2700,47,51,35,40,229,-1,-15.720524017467248,807
129490904,804,1001711,1034295,1022297,991901,1001701,80577,1005495,2700,3275,51,63,40,47,575,5,31.304347826086953,807
129490904,804,1001711,1001708,1022297,991901,1001701,80577,994213,3275,3600,63,71,47,48,325,7,77.53846153846153,807
129490904,807,1016559,80287,1004472,1006791,1016601,1016035,993041,0,1419,0,20,0,26,1419,-6,-15.221987315010573,804
129490904,807,80287,1029501,1004472,1006791,1016601,1016035,993041,1419,1800,20,25,26,35,381,-4,-37.795275590551185,804
129490904,807,1016559,80287,1004472,1006791,1016601,1016035,993041,1800,3600,25,48,35,71,1800,-13,-26.0,804
