matchId,squadId,GS,GA,WA,C,WD,GD,GK,startingTime,finishTime,teamStartScore,teamEndScore,oppStartScore,oppEndScore,duration,plusMinus,plusMinusPer60
80051405,810,80113,80130,80041,80152,80132,80044,80131,0,1816,0,22,0,26,1816,-4,-7.929515418502203
80051405,810,80113,80135,80041,80152,80132,80044,80131,1816,2697,22,35,26,41,881,-2,-8.172531214528945
80051405,810,80113,80135,80041,80152,80132,80044,80133,2697,2721,35,36,41,41,24,1,150.0
80051405,810,80113,80135,80041,80152,80132,80044,80131,2721,3627,36,52,41,54,906,3,11.920529801324504
80051405,807,80078,80087,80085,80081,80076,80020,80080,0,1816,0,26,0,22,1816,4,7.929515418502203
80051405,807,80078,80155,80085,80081,80076,80020,80080,1816,2721,26,41,22,36,905,1,3.977900552486188
80051405,807,80078,80155,80085,80081,80077,80083,80080,2721,3275,41,48,36,46,554,-3,-19.49458483754513
80051405,807,80078,80087,80085,80081,80077,80083,80080,3275,3627,48,54,46,52,352,0,0.0
