matchId,squadId,GS,GA,WA,C,WD,GD,GK,startingTime,finishTime,teamStartScore,teamEndScore,oppStartScore,oppEndScore,duration,plusMinus,plusMinusPer60
107241002,810,80826,994215,993360,80473,998408,80452,80343,0,1471,0,22,0,21,1471,1,2.4473147518694764
107241002,810,80826,994215,993360,998408,80534,80452,80343,1471,1798,22,26,21,28,327,-3,-33.027522935779814
107241002,810,80826,994215,993360,80473,998408,80534,80343,1798,3266,26,44,28,48,1468,-2,-4.904632152588556
107241002,810,80826,994215,993360,998408,80534,80452,80343,3266,3598,44,49,48,53,332,0,0.0
107241002,806,1001944,999128,1009742,80574,1007304,1003784,998404,0,1723,0,26,0,24,1723,2,4.178757980266976
107241002,806,1001944,999128,1009742,80574,80304,1003784,998404,1723,2698,26,40,24,38,975,0,0.0
107241002,806,1001711,999128,1009742,80574,1007304,1003784,998404,2698,3266,40,48,38,44,568,2,12.676056338028168
107241002,806,1001711,999128,1009742,80574,80304,1003784,998404,3266,3598,48,53,44,49,332,0,0.0
