matchId,squadId,GS,GA,WA,C,WD,GD,GK,startingTime,finishTime,teamStartScore,teamEndScore,oppStartScore,oppEndScore,duration,plusMinus,plusMinusPer60
100831004,810,995218,80009,993360,80473,998408,80534,80343,0.0,1198.0,0,12,0,17,1198.0,-5,-15.025041736227047
100831004,810,80003,80009,993360,80473,998408,80534,80343,1198.0,3655.0,12,45,17,48,2457.0,2,2.93040293040293
100831004,8118,80150,80072,80178,80535,80701,80068,991899,0.0,480.0,0,4,0,5,480.0,-1,-7.5
100831004,8118,80150,80072,996140,80535,80701,80068,991899,480.0,907.0,4,10,5,11,427.0,0,0.0
100831004,8118,80150,80072,80178,80535,80701,80068,991899,907.0,1827.0,10,25,11,24,920.0,2,7.826086956521739
100831004,8118,999823,80072,80178,80535,80701,80068,991899,1827.0,1881.0,25,25,24,25,54.0,-1,-66.66666666666667
100831004,8118,999823,80072,996140,80535,80701,80068,991899,1881.0,3221.0,25,41,25,41,1340.0,0,0.0
100831004,8118,999823,80072,80535,80701,1004484,80068,991899,3221.0,3655.0,41,48,41,45,434.0,3,24.884792626728114
