matchId,squadId,GS,GA,WA,C,WD,GD,GK,startingTime,finishTime,teamStartScore,teamEndScore,oppStartScore,oppEndScore,duration,plusMinus,plusMinusPer60,oppSquadId
129490702,801,1025203,1029533,1015271,1006758,1019205,1007301,80830,0,2393,0,40,0,41,2393,-1,-1.5043877977434184,8117
129490702,801,1025203,1015271,1020223,1006758,1029529,1007301,1019205,2393,3600,40,61,41,60,1207,2,5.965202982601491,8117
129490702,8117,1021253,1001357,1029514,994224,1000831,998411,80343,0,1157,0,19,0,17,1157,2,6.222990492653413,801
129490702,8117,1021253,1001357,1029514,994224,1000831,80343,1025020,1157,1800,19,29,17,31,643,-4,-22.3950233281493,801
129490702,8117,1021253,1001357,1029514,994224,1000831,998411,80343,1800,2256,29,38,31,38,456,2,15.789473684210527,801
129490702,8117,1021253,1001357,1029514,994224,1028098,998411,80343,2256,3600,38,60,38,61,1344,-1,-2.678571428571429,801
