matchId,squadId,GS,GA,WA,C,WD,GD,GK,startingTime,finishTime,teamStartScore,teamEndScore,oppStartScore,oppEndScore,duration,plusMinus,plusMinusPer60,oppSquadId
95630105,802,-99999,-99999,-99999,-99999,-99999,-99999,-99999,0,4049,0,53,0,59,4049,-6,-5.334650530995307,805
95630105,805,-99999,-99999,-99999,-99999,-99999,-99999,-99999,0,4049,0,59,0,53,4049,6,5.334650530995307,802
