matchId,squadId,GS,GA,WA,C,WD,GD,GK,startingTime,finishTime,teamStartScore,teamEndScore,oppStartScore,oppEndScore,duration,plusMinus,plusMinusPer60,oppSquadId
100831303,810,80003,80009,993360,80473,998408,80534,80343,0,3689,0,42,0,49,3689,-7,-6.83111954459203,8119
100831303,8119,80052,994215,80041,80833,80299,80470,80048,0,2204,0,30,0,28,2204,2,3.2667876588021776,810
100831303,8119,80052,80152,80041,80833,80299,80470,80048,2204,3689,30,49,28,42,1485,5,12.121212121212121,810
