matchId,squadId,GS,GA,WA,C,WD,GD,GK,startingTime,finishTime,teamStartScore,teamEndScore,oppStartScore,oppEndScore,duration,plusMinus,plusMinusPer60,oppSquadId
120450103,8117,1001357,80475,1022293,80296,1000831,80559,1001920,0,3600,0,66,0,50,3600,16,16.0,8118
120450103,8118,1013629,1019169,1022764,80701,1001356,80470,1013638,0,1800,0,22,0,32,1800,-10,-20.0,8117
120450103,8118,1013629,1019169,1001356,80701,1022764,80470,1013638,1800,2440,22,30,32,44,640,-4,-22.5,8117
120450103,8118,1013629,1019169,1001356,80701,1022764,1013638,80470,2440,2531,30,34,44,44,91,4,158.24175824175825,8117
120450103,8118,1013629,1019169,1022764,80701,1001803,1013638,80470,2531,2700,34,34,44,48,169,-4,-85.20710059171597,8117
120450103,8118,1013629,1019169,1001356,80701,1001803,1013638,80470,2700,3600,34,50,48,66,900,-2,-8.0,8117
