matchId,squadId,GS,GA,WA,C,WD,GD,GK,startingTime,finishTime,teamStartScore,teamEndScore,oppStartScore,oppEndScore,duration,plusMinus,plusMinusPer60,oppSquadId
113910401,8119,1010545,1014126,80575,1004473,80299,1011747,80010,0,2890,0,52,0,54,2890,-2,-2.491349480968858,807
113910401,8119,1010545,1014126,80575,80299,1011747,1001716,80010,2890,3600,52,68,54,65,710,5,25.352112676056336,807
113910401,807,80078,993463,1004472,80833,991905,1007219,1006231,0,1800,0,33,0,33,1800,0,0.0,8119
113910401,807,80078,1007306,1004472,80833,991905,1007219,1006231,1800,2219,33,38,33,40,419,-2,-17.183770883054894,8119
113910401,807,80078,1007306,1007220,80833,991905,1007219,1006231,2219,2365,38,40,40,45,146,-3,-73.97260273972603,8119
113910401,807,80078,1007306,1007220,80833,991905,1007219,1005495,2365,2502,40,44,45,45,137,4,105.1094890510949,8119
113910401,807,993463,1007306,1007220,80833,991905,1007219,1005495,2502,3234,44,59,45,61,732,-1,-4.918032786885246,8119
113910401,807,993463,1007306,1007220,80833,991905,1007219,1006231,3234,3600,59,65,61,68,366,-1,-9.836065573770492,8119
