matchId,squadId,GS,GA,WA,C,WD,GD,GK,startingTime,finishTime,teamStartScore,teamEndScore,oppStartScore,oppEndScore,duration,plusMinus,plusMinusPer60,oppSquadId
90840704,808,80826,80019,80424,80021,80095,80582,80478,0,2887,0,45,0,48,2887,-3,-3.7409075164530656,803
90840704,808,80826,80019,80424,80021,80095,80582,80478,2887,3315,45,49,48,55,428,-3,-25.233644859813083,803
90840704,808,80826,80019,80424,80021,80095,80582,80478,3315,3791,49,54,55,62,476,-2,-15.126050420168067,803
90840704,803,80111,80156,80154,80175,80109,80098,80099,0,3791,0,62,0,54,3791,8,7.596940121340016,808
