matchId,squadId,GS,GA,WA,C,WD,GD,GK,startingTime,finishTime,teamStartScore,teamEndScore,oppStartScore,oppEndScore,duration,plusMinus,plusMinusPer60
80121105,810,80113,80074,80041,80152,80044,80126,80131,0,2483,0,42,0,29,2483,13,18.848167539267017
80121105,810,80113,80074,80041,80152,80132,80044,80131,2483,3307,42,57,29,41,824,3,13.106796116504853
80121105,810,80113,80181,80300,80041,80132,80044,80131,3307,3643,57,63,41,45,336,2,21.42857142857143
80121105,803,80168,80058,80154,80170,80037,80127,80099,0,913,0,9,0,16,913,-7,-27.6013143483023
80121105,803,80168,80058,80154,80170,80127,80059,80099,913,1422,9,17,16,22,509,2,14.145383104125738
80121105,803,80030,80058,80154,80170,80127,80059,80099,1422,1603,17,19,22,27,181,-3,-59.66850828729282
80121105,803,80030,80058,80154,80170,80212,80059,80099,1603,1820,19,22,27,30,217,0,0.0
80121105,803,80030,80058,80154,80170,80212,80099,80059,1820,2483,22,29,30,42,663,-5,-27.14932126696832
80121105,803,80030,80058,80154,80212,80037,80059,80099,2483,3643,29,45,42,63,1160,-5,-15.517241379310345
