matchId,squadId,GS,GA,WA,C,WD,GD,GK,startingTime,finishTime,teamStartScore,teamEndScore,oppStartScore,oppEndScore,duration,plusMinus,plusMinusPer60
98180903,808,80826,80287,80477,80424,80095,80478,80225,0,1822,0,33,0,33,1822,0,0.0
98180903,808,80826,80287,80477,80424,80095,80098,80225,1822,3675,33,66,33,60,1853,6,11.656772800863465
98180903,805,80054,80100,80700,998998,80535,1001698,80192,0,1822,0,33,0,33,1822,0,0.0
98180903,805,80054,80100,80700,998998,80535,80192,80305,1822,2235,33,42,33,41,413,1,8.716707021791766
98180903,805,80054,80100,80581,80700,80535,80192,80604,2235,2737,42,48,41,49,502,-2,-14.342629482071713
98180903,805,80054,80100,80700,998998,80535,80192,80604,2737,3359,48,55,49,62,622,-6,-34.72668810289389
98180903,805,80054,80100,80700,998998,80535,1001698,80192,3359,3442,55,57,62,64,83,0,0.0
98180903,805,80054,80100,80581,80700,80535,1001698,80192,3442,3675,57,60,64,66,233,1,15.450643776824034
