matchId,squadId,GS,GA,WA,C,WD,GD,GK,startingTime,finishTime,teamStartScore,teamEndScore,oppStartScore,oppEndScore,duration,plusMinus,plusMinusPer60,oppSquadId
107241201,8118,80113,80150,80069,80701,1001356,993358,991899,0,2140,0,35,0,38,2140,-3,-5.046728971962617,8117
107241201,8118,80113,80150,1001708,80069,1001356,993358,991899,2140,2700,35,42,38,47,560,-2,-12.857142857142856,8117
107241201,8118,80113,1001708,80069,80701,1001356,993358,991899,2700,3600,42,56,47,60,900,1,4.0,8117
107241201,8117,1001357,80475,80296,80105,80297,80559,999135,0,1455,0,23,0,28,1455,-5,-12.371134020618557,8118
107241201,8117,1014128,80475,80296,80105,998401,80559,999135,1455,3600,23,60,28,56,2145,9,15.104895104895105,8118
