matchId,squadId,period,badHands,badPasses,blocked,blocks,breaks,centrePassReceives,contactPenalties,defensiveRebounds,deflections,feeds,gain,goalAssists,goalAttempts,goalMisses,goals,intercepts,missedGoalTurnover,obstructionPenalties,offensiveRebounds,offsides,penalties,pickups,rebounds,tossUpWin,turnovers,possessions,pacePer60,offensiveRating,defensiveRating,netRating
80280805,801,1,0,0,0,0,1,11,16,1,3,11,5,4,13,1,12,4,0,1,1,1,18,3,2,0,2,14,52.11995863495346,85.71428571428571,68.75,16.964285714285708
80280805,801,2,2,3,0,0,0,10,9,2,4,13,4,6,14,5,9,1,0,10,1,1,20,1,3,0,5,18,71.2871287128713,50.0,56.25,-6.25
80280805,801,3,1,0,1,0,4,9,9,1,4,11,5,6,11,2,9,4,0,6,0,0,15,3,1,0,6,17,67.17892425905598,52.94117647058824,72.22222222222221,-19.281045751633975
80280805,801,4,1,2,0,0,0,15,12,0,2,14,2,5,18,2,16,1,0,4,2,1,16,4,2,0,3,19,74.10617551462623,84.21052631578947,82.35294117647058,1.8575851393188856
80280805,803,1,1,2,0,0,1,10,11,0,4,10,6,6,14,3,11,4,0,8,2,0,20,2,2,0,4,16,59.56566701137539,68.75,85.71428571428571,-16.964285714285708
80280805,803,2,0,2,0,0,0,9,16,0,3,8,2,4,12,3,9,2,0,2,0,2,19,2,0,0,4,16,63.366336633663366,56.25,50.0,6.25
80280805,803,3,2,2,0,1,0,9,13,0,3,15,3,9,17,4,13,2,0,2,3,0,15,3,3,0,4,18,71.13062568605928,72.22222222222221,52.94117647058824,19.281045751633975
80280805,803,4,2,1,0,0,0,14,14,0,2,12,1,8,14,0,14,1,0,5,0,0,20,2,0,0,3,17,66.30552546045504,82.35294117647058,84.21052631578947,-1.8575851393188856
