matchId,squadId,GS,GA,WA,C,WD,GD,GK,startingTime,finishTime,teamStartScore,teamEndScore,oppStartScore,oppEndScore,duration,plusMinus,plusMinusPer60
80280805,803,80052,80058,80154,80109,80403,80098,80099,0,2787,0,33,0,30,2787,3,3.8751345532830994
80280805,803,80052,80058,80403,80154,80109,80098,80099,2787,3710,33,47,30,46,923,-2,-7.800650054171181
80280805,801,80295,80067,80001,80014,80045,80068,80048,0,2330,0,25,0,26,2330,-1,-1.5450643776824033
80280805,801,80295,80067,80439,80014,80045,80068,80048,2330,3710,25,46,26,47,1380,0,0.0
