matchId,squadId,GS,GA,WA,C,WD,GD,GK,startingTime,finishTime,teamStartScore,teamEndScore,oppStartScore,oppEndScore,duration,plusMinus,plusMinusPer60,oppSquadId
80050704,806,80064,80072,80075,80069,80068,80163,80161,0,3632,0,54,0,58,3632,-4,-3.9647577092511015,807
80050704,807,80078,80155,80085,80081,80076,80083,80080,0,1819,0,27,0,25,1819,2,3.9582188015393074,806
80050704,807,80078,80087,80085,80081,80076,80020,80080,1819,3632,27,58,25,54,1813,2,3.971318257032543,806
