attempt1,attempt2,goal1,goal2,goalMisses,goalAssists,feeds,feedWithAttempt,centrePassReceives,gain,intercepts,deflections,deflectionWithGain,deflectionWithNoGain,rebounds,pickups,contactPenalties,obstructionPenalties,generalPlayTurnovers,interceptPassThrown,badHands,badPasses,offsides,minutesPlayed,roundNo,squadId,oppSquadId,fantasyScore,matchId,playerId,netPoints
0.0,0.0,0.0,0.0,0.0,0.0,0.0,0.0,0.0,0.0,0.0,0.0,0.0,0.0,0.0,0.0,0.0,0.0,0.0,0.0,0.0,0.0,0.0,5.366666666666666,7.0,8119.0,801.0,15.715555555555556,120450704.0,1001707.0,1.0
0.0,0.0,0.0,0.0,0.0,8.62774137634303,16.710851035804165,11.633377773269379,8.001207958247614,0.20338430900105722,0.0,0.17314068134637062,0.1489270221505624,0.0,0.04475323697891259,1.4137996536494344,3.4624871344173997,0.4184185314832518,5.626040308372073,2.002824464205348,0.9105492759480968,0.22587448070275584,0.14582056892778994,37.115300131113365,12.0,8119.0,801.0,62.03000862539943,,,
0.0,0.0,0.0,0.0,0.0,5.214300929027256,10.462690976618553,7.044284434482359,5.3597505228297555,0.0,0.0,0.06359492621837519,0.0,0.042225656269378034,0.0,0.46705331073598017,4.265692516711127,0.0,3.7446943538929336,0.9786046080978164,0.20248553674737516,0.06560279072189103,0.0,30.363348495054407,13.0,8119.0,804.0,44.60074282838518,,,
0.0,0.0,0.0,0.0,0.0,4.1547811704452435,9.018318613952195,5.961239553229713,4.931661449011936,0.0,0.0,0.022464808962941684,0.0,0.017273684726168317,0.0,0.1797483523067705,3.921361231484568,0.0,2.8555366572394836,0.6210290329761186,0.028636313282375096,0.032831643637217675,0.0,27.602396266382264,14.0,8119.0,810.0,36.92487904754135,,,
