attempt1,attempt2,goal1,goal2,goalMisses,goalAssists,feeds,feedWithAttempt,centrePassReceives,gain,intercepts,deflections,deflectionWithGain,deflectionWithNoGain,rebounds,pickups,contactPenalties,obstructionPenalties,generalPlayTurnovers,interceptPassThrown,badHands,badPasses,offsides,minutesPlayed,roundNo,squadId,oppSquadId,fantasyScore
,,,,,,,,,,,,,,,,,,,,,,,,13.0,8119.0,804.0,0.0
4.201712773291313,5.755154639175258,3.0134900936207276,1.8204003690036898,3.4659964850615115,8.89199346477625,11.657551150895141,10.32839400921659,6.8430080210965825,0.0,0.0,0.0,0.0,0.0,0.0,0.0,1.9265937972768532,0.0,1.8812336639439904,0.6667696998123829,0.0,0.0,0.0,33.786016392402765,14.0,8119.0,810.0,49.44735701627917
