attempt1,attempt2,goal1,goal2,goalMisses,goalAssists,feeds,feedWithAttempt,centrePassReceives,gain,intercepts,deflections,deflectionWithGain,deflectionWithNoGain,rebounds,pickups,contactPenalties,obstructionPenalties,generalPlayTurnovers,interceptPassThrown,badHands,badPasses,offsides,minutesPlayed,roundNo,squadId,oppSquadId,fantasyScore,matchId,playerId,netPoints
0.0,0.0,0.0,0.0,0.0,0.0,0.0,0.0,0.0,0.0,0.0,0.0,0.0,0.0,0.0,0.0,0.0,2.0,0.0,0.0,0.0,0.0,0.0,2.3833333333333333,1.0,804.0,810.0,15.0,120450102.0,1023580.0,-1.0
0.0,0.0,0.0,0.0,0.0,0.0,0.0,0.0,0.17423244794469747,0.1740132706146226,0.0,0.16619517077128665,0.0,0.16583009105598107,0.17844269932117662,0.18711403028047474,1.6489772035029857,0.47608680523811536,0.0,0.0,0.0,0.0,0.0,11.572329113811193,12.0,804.0,807.0,19.404832399823658,,,
0.0,0.0,0.0,0.0,0.0,0.0,0.0,0.0,0.1596931990881459,0.15252293577981652,0.0,0.15741787250684397,0.0,0.15459351620947628,0.14178817898486198,0.15302108708891593,1.7210915591264424,0.26409695817490497,0.0,0.0,0.0,0.0,0.0,12.767100055728735,13.0,804.0,8119.0,19.813268928662392,,,
0.0,0.0,0.0,0.0,0.0,0.0,0.0,0.0,0.126354704730489,0.14088319545546438,0.0,0.12013349777355609,0.0,0.11186148802854891,0.16441006676103975,0.1296776641467652,2.280274203589817,0.40325677855442044,0.0,0.0,0.0,0.0,0.0,12.731687836214418,14.0,804.0,8118.0,18.404397396795915,,,
