attempt1,attempt2,goal1,goal2,goalMisses,goalAssists,feeds,feedWithAttempt,centrePassReceives,gain,intercepts,deflections,deflectionWithGain,deflectionWithNoGain,rebounds,pickups,contactPenalties,obstructionPenalties,generalPlayTurnovers,interceptPassThrown,badHands,badPasses,offsides,minutesPlayed,roundNo,squadId,oppSquadId,fantasyScore,matchId,playerId,netPoints
0.0,0.0,0.0,0.0,0.0,0.0,0.0,0.0,0.0,0.0,0.0,0.0,0.0,0.0,0.0,0.0,0.0,0.0,0.0,0.0,0.0,0.0,0.0,0.0,8.0,806.0,8117.0,0.0,120450804.0,1027549.0,0.0
0.0,0.0,0.0,0.0,0.0,1.0,4.0,2.0,4.0,0.0,0.0,0.0,0.0,0.0,0.0,1.0,0.0,0.0,1.0,0.0,0.0,0.0,0.0,8.583333333333334,10.0,806.0,8119.0,23.0,120451003.0,1027549.0,7.5
0.0,0.0,0.0,0.0,0.0,0.0,0.0,0.0,0.0,0.0,0.0,0.0,0.0,0.0,0.0,0.0,0.0,0.0,0.0,0.0,0.0,0.0,0.0,0.0,11.0,806.0,804.0,0.0,120451103.0,1027549.0,0.0
0.0,0.0,0.0,0.0,0.0,4.438371577232354,9.476604228538209,5.557815617042887,8.853223968304345,0.028308773540759842,0.022458950460769057,0.024257125886381802,0.0,0.02258685751463891,0.0,0.16580301747631362,0.5950414246557074,0.3136089923725411,0.4708480776868472,0.0438003838771593,0.0,0.0,0.0,18.593156087094517,12.0,806.0,8118.0,40.686738233597055,,,
0.0,0.0,0.0,0.0,0.0,4.027252223640147,8.120622627166197,4.903951386739788,7.3287309403504155,0.024730690976767663,0.026384558036788006,0.02361958599857751,0.0,0.023567701026878402,0.0,0.1545692857527405,0.3691824371272465,0.10569079854118581,0.45201969219300836,0.03300785462120366,0.0,0.0,0.0,15.031507908323169,13.0,806.0,807.0,38.140503426249154,,,
0.0,0.0,0.0,0.0,0.0,2.7867006355912376,6.68681281334754,3.619808310952787,5.858757442545046,0.009881150367095283,0.010244115384881892,0.008411804801696498,0.0,0.008746406104757992,0.0,0.11190139753272353,0.4007591698116644,0.1056604668576472,0.4910094626951857,0.04688532145326062,0.0,0.0,0.0,14.91850856689208,14.0,806.0,801.0,27.331054741313533,,,
