attempt1,attempt2,goal1,goal2,goalMisses,goalAssists,feeds,feedWithAttempt,centrePassReceives,gain,intercepts,deflections,deflectionWithGain,deflectionWithNoGain,rebounds,pickups,contactPenalties,obstructionPenalties,generalPlayTurnovers,interceptPassThrown,badHands,badPasses,offsides,minutesPlayed,roundNo,squadId,oppSquadId,fantasyScore,matchId,playerId,netPoints
0.0,0.0,0.0,0.0,0.0,4.0,6.0,5.0,11.0,0.0,0.0,0.0,0.0,0.0,0.0,0.0,3.0,1.0,2.0,0.0,0.0,1.0,0.0,15.0,10.0,807.0,810.0,25.0,120451004.0,1029514.0,6.0
0.0,0.0,0.0,0.0,0.0,18.0,28.0,19.0,0.0,1.0,0.0,3.0,1.0,2.0,0.0,1.0,7.0,3.0,6.0,1.0,1.0,0.0,1.0,52.28333333333333,11.0,807.0,8118.0,89.0,120451104.0,1029514.0,41.5
0.0,0.0,0.0,0.0,0.0,8.423274217319646,13.314879241667928,9.187295263103161,5.9452078590151896,0.2823869798648676,0.11603683641619199,0.7508147577728579,0.02271214642262895,0.387975282656115,0.0,0.7126856845017341,3.625153808198108,0.9315868900669427,2.864280808165682,0.3085268310618382,0.37002431844361955,0.024491890462935605,0.016369114538831678,29.658231429186298,12.0,807.0,804.0,49.18236459027479,,,
0.0,0.0,0.0,0.0,0.0,7.478044472375565,11.119539908627223,8.127195131494199,5.679216740459625,0.13776664230782615,0.03834925211749866,0.5510730685971822,0.0035970760910060255,0.23701832931542496,0.0,0.5200690230313354,2.6593515944985664,0.5963852665293984,2.4001642596313,0.1266895275088763,0.1292979854158942,0.021571157495256166,0.0026256564141035263,26.507621960992946,13.0,807.0,806.0,45.777087236286604,,,
0.0,0.0,0.0,0.0,0.0,8.796132217680501,13.537359484152892,9.666375407224956,5.571182182140656,0.12816945952437003,0.025551330798479092,0.6386884387164367,0.0074745702122127975,0.24753971911766592,0.0,0.41699169788523394,3.2427617452153576,0.6930413066833989,2.2208492677230147,0.09548736994134464,0.12013101369209561,0.008710680954026962,0.008098911905926404,28.865783078531738,14.0,807.0,8117.0,51.83328710761688,,,
