attempt1,attempt2,goal1,goal2,goalMisses,goalAssists,feeds,feedWithAttempt,centrePassReceives,gain,intercepts,deflections,deflectionWithGain,deflectionWithNoGain,rebounds,pickups,contactPenalties,obstructionPenalties,generalPlayTurnovers,interceptPassThrown,badHands,badPasses,offsides,minutesPlayed,roundNo,squadId,oppSquadId,fantasyScore,matchId,playerId,netPoints
0.0,0.0,0.0,0.0,0.0,4.0,6.0,5.0,11.0,0.0,0.0,0.0,0.0,0.0,0.0,0.0,3.0,1.0,2.0,0.0,0.0,1.0,0.0,15.0,10.0,807.0,810.0,25.0,120451004.0,1029514.0,6.0
0.0,0.0,0.0,0.0,0.0,18.0,28.0,19.0,0.0,1.0,0.0,3.0,1.0,2.0,0.0,1.0,7.0,3.0,6.0,1.0,1.0,0.0,1.0,52.28333333333333,11.0,807.0,8118.0,89.0,120451104.0,1029514.0,41.5
0.0,0.0,0.0,0.0,0.0,8.423274217319646,13.314879241667928,9.187295263103161,5.9452078590151896,0.2823869798648676,0.11603683641619199,0.7508147577728579,0.02271214642262895,0.387975282656115,0.0,0.7126856845017341,3.625153808198108,0.9315868900669427,2.864280808165682,0.3085268310618382,0.37002431844361955,0.024491890462935605,0.016369114538831678,29.658231429186298,12.0,807.0,804.0,49.18236459027479,,,
0.0,0.0,0.0,0.0,0.0,8.944043638577137,13.193334639090612,9.570227472119909,5.378760274091874,0.023987307937712324,0.0,0.8723136896282878,0.03981062366440239,0.4189975327058695,0.0,0.14729005094115094,3.432786560867663,0.8597098601222802,2.859711939911183,0.02159176164513116,0.023428727465752024,0.0780231950684359,0.029493163699450622,30.606898614700036,13.0,807.0,806.0,51.60721502963217,,,
0.0,0.0,0.0,0.0,0.0,9.744006172952911,14.868299950523395,10.549841863047144,4.999598988559373,0.038163643141024786,0.0,0.8622837623552697,0.03375527426160338,0.36723120028018214,0.0,0.0752800130895893,3.834212785561691,0.9044582081314774,2.432554144880679,0.0298165900858814,0.0412732170878248,0.029839395607144645,0.036574810971529835,31.15606587520135,14.0,807.0,8117.0,56.48037188535312,,,
