attempt1,attempt2,goal1,goal2,goalMisses,goalAssists,feeds,feedWithAttempt,centrePassReceives,gain,intercepts,deflections,deflectionWithGain,deflectionWithNoGain,rebounds,pickups,contactPenalties,obstructionPenalties,generalPlayTurnovers,interceptPassThrown,badHands,badPasses,offsides,minutesPlayed,roundNo,squadId,oppSquadId,fantasyScore,matchId,playerId,netPoints
4.0,1.0,3.0,1.0,1.0,12.0,12.0,12.0,13.0,0.0,0.0,0.0,0.0,0.0,0.0,0.0,1.0,3.0,1.0,0.0,0.0,0.0,0.0,30.0,9.0,810.0,806.0,74.0,120450902.0,80009.0,46.0
7.628184120741909,1.674907801278445,6.188464892127456,0.6036081939020878,2.0205958243418283,9.138325531435049,9.42886987666587,9.429984576782935,10.563351228191483,0.0,0.0,0.10357852108562751,0.0,0.1021238493005342,0.0,0.20573815245946392,0.33749780216281017,1.2913247976332287,0.30113940276832646,0.025698592225469843,0.09612597136362246,0.0,0.0,31.726630574829162,12.0,810.0,8117.0,71.67061201800009,,,
7.050284674755287,1.4891125322046377,5.921596657136574,0.4104209979209979,1.5508651704642797,8.760025712449112,8.730083981657994,8.671716359229256,10.481031762594434,0.0,0.0,0.09472032048790696,0.0,0.08819818112921561,0.0,0.13214978015223866,0.1300740783891106,1.3323910132420769,0.329333622203471,0.03248929573305773,0.08128587830080367,0.0,0.0,31.83377026881426,13.0,810.0,8118.0,70.14360231343242,,,
6.097110699405927,0.9913458940017945,4.855492062024641,0.12714138286893703,1.0490626222503083,9.751195033545487,9.82043360356651,9.672766206342756,10.945780103754826,0.0,0.0,0.0,0.0,0.0,0.0,0.0,0.0878102938199202,1.4253752251350813,0.09097942513678046,0.0,0.0,0.0,0.0,30.748381792133024,14.0,810.0,8119.0,72.77840231850941,,,
