matchId,squadId,oppSquadId,period,badHands,badPasses,blocked,blocks,breaks,centrePassReceives,contactPenalties,defensiveRebounds,deflections,feeds,gain,goalAssists,goalAttempts,goalMisses,goals,intercepts,missedGoalTurnover,obstructionPenalties,offensiveRebounds,offsides,penalties,pickups,rebounds,tossUpWin,turnovers,possessions,pacePer60,offensiveRating,defensiveRating,netRating
80060102,801,808,1,0,4,0,0,0,12,8,1,4,19,0,5,13,1,12,0,0,3,1,1,11,3,2,0,9,21,83.53591160220995,57.14285714285714,55.00000000000001,2.1428571428571317
80060102,801,808,2,1,3,0,0,0,13,10,0,4,17,0,6,17,2,15,1,0,4,1,0,14,3,1,0,5,21,83.72093023255813,71.42857142857143,57.89473684210527,13.533834586466163
80060102,801,808,3,1,1,0,0,0,10,17,1,5,12,0,4,13,2,11,0,0,2,1,4,19,4,2,0,5,17,67.77408637873754,64.70588235294117,55.55555555555556,9.150326797385617
80060102,801,808,4,0,1,0,0,2,11,17,1,2,16,0,8,14,1,13,4,0,9,1,1,26,1,2,0,5,18,71.60220994475138,72.22222222222221,68.42105263157895,3.801169590643269
80060102,808,801,1,1,3,0,0,0,12,14,0,1,14,0,9,12,1,11,0,0,7,0,0,21,4,0,0,8,20,79.55801104972376,55.00000000000001,57.14285714285714,-2.1428571428571317
80060102,808,801,2,0,2,0,0,0,13,13,1,1,20,0,6,12,1,11,0,0,4,0,0,17,1,1,0,7,19,75.74750830564784,57.89473684210527,71.42857142857143,-13.533834586466163
80060102,808,801,3,1,1,0,0,0,11,9,1,3,18,0,6,12,2,10,1,0,6,0,0,15,3,1,0,6,18,71.76079734219269,55.55555555555556,64.70588235294117,-9.150326797385617
80060102,808,801,4,0,0,0,0,0,11,13,0,4,20,0,7,15,2,13,1,0,2,1,1,15,3,1,0,5,19,75.58011049723757,68.42105263157895,72.22222222222221,-3.801169590643269
