matchId,squadId,GS,GA,WA,C,WD,GD,GK,startingTime,finishTime,teamStartScore,teamEndScore,oppStartScore,oppEndScore,duration,plusMinus,plusMinusPer60,oppSquadId
90840201,803,80111,80156,80154,80109,80175,80098,80099,0,3136,0,54,0,50,3136,4,4.591836734693878,808
90840201,803,80111,80156,80154,80109,80175,80098,80099,3136,3791,54,67,50,56,655,7,38.47328244274809,808
90840201,808,80826,80019,80477,80021,80095,80478,80393,0,1833,0,26,0,34,1833,-8,-15.711947626841244,803
90840201,808,80826,80019,80477,80021,80095,80478,80059,1833,2746,26,41,34,50,913,-1,-3.9430449069003286,803
90840201,808,80826,80019,80477,80021,80095,80478,80393,2746,3791,41,56,50,67,1045,-2,-6.889952153110047,803
