matchId,squadId,GS,GA,WA,C,WD,GD,GK,startingTime,finishTime,teamStartScore,teamEndScore,oppStartScore,oppEndScore,duration,plusMinus,plusMinusPer60,oppSquadId
90841403,805,80054,80100,80198,80105,80192,80049,80604,0,3640,0,56,0,53,3640,3,2.967032967032967,806
90841403,806,80052,80072,80069,991904,80470,80048,80038,0,2732,0,43,0,44,2732,-1,-1.3177159590043925,805
90841403,806,80052,80072,80069,991904,991904,80048,80038,2732,3347,43,48,44,55,615,-6,-35.1219512195122,805
90841403,806,80052,80072,80069,991904,80470,80048,80038,3347,3640,48,53,55,56,293,4,49.14675767918089,805
