matchId,squadId,GS,GA,WA,C,WD,GD,GK,startingTime,finishTime,teamStartScore,teamEndScore,oppStartScore,oppEndScore,duration,plusMinus,plusMinusPer60,oppSquadId
80350305,804,80570,80293,80041,80443,80044,80042,80010,0,2745,0,48,0,27,2745,21,27.540983606557376,802
80350305,804,80570,80293,80041,991901,80180,80042,80010,2745,3447,48,55,27,37,702,-3,-15.384615384615387,802
80350305,804,991900,80570,80041,991901,80180,80042,80010,3447,3649,55,60,37,40,202,2,35.64356435643565,802
80350305,802,80150,80282,80028,80107,80146,80024,80524,0,1835,0,17,0,32,1835,-15,-29.427792915531338,804
80350305,802,80150,80282,80028,80146,80241,80247,80524,1835,2483,17,22,32,42,648,-5,-27.77777777777778,804
80350305,802,80150,80092,80028,80146,80241,80247,80524,2483,2745,22,27,42,48,262,-1,-13.740458015267176,804
80350305,802,80150,80092,80028,80146,80241,80314,80247,2745,3649,27,40,48,60,904,1,3.982300884955752,804
