matchId,squadId,GS,GA,WA,C,WD,GD,GK,startingTime,finishTime,teamStartScore,teamEndScore,oppStartScore,oppEndScore,duration,plusMinus,plusMinusPer60
98180303,810,80113,80009,80473,80152,80299,80470,80343,0,2775,0,53,0,38,2775,15,19.45945945945946
98180303,810,995218,80009,80003,993360,80299,80133,80393,2775,3686,53,64,38,50,911,-1,-3.951701427003293
98180303,802,80540,80198,80699,80028,80223,80524,80428,0,939,0,13,0,21,939,-8,-30.670926517571885
98180303,802,80540,80198,80028,80223,997432,80524,80428,939,1264,13,18,21,28,325,-2,-22.153846153846153
98180303,802,80540,80198,80028,80223,997432,80247,80428,1264,2775,18,38,28,53,1511,-5,-11.912640635340834
98180303,802,80540,80198,80028,80223,80524,80247,80428,2775,3189,38,43,53,59,414,-1,-8.695652173913043
98180303,802,80540,80565,80028,80223,80524,80247,80428,3189,3686,43,50,59,64,497,2,14.486921529175051
