matchId,squadId,GS,GA,WA,C,WD,GD,GK,startingTime,finishTime,teamStartScore,teamEndScore,oppStartScore,oppEndScore,duration,plusMinus,plusMinusPer60,oppSquadId
80190103,809,80111,80092,80029,80105,80184,80108,80101,0,907,0,13,0,9,907,4,15.876515986769569,805
80190103,809,80111,80092,80091,80105,80184,80108,80101,907,1830,13,20,9,25,923,-9,-35.102925243770315,805
80190103,809,80111,80030,80091,80105,80184,80108,80101,1830,2323,20,25,25,29,493,1,7.302231237322515,805
80190103,809,80111,80092,80091,80105,80184,80108,80101,2323,2749,25,32,29,35,426,1,8.450704225352114,805
80190103,809,80111,80092,80091,80105,80184,80101,80305,2749,3663,32,42,35,43,914,2,7.87746170678337,805
80190103,805,80054,80100,80088,80063,80109,80304,80192,0,3663,0,43,0,42,3663,1,0.9828009828009828,809
