matchId,squadId,GS,GA,WA,C,WD,GD,GK,startingTime,finishTime,teamStartScore,teamEndScore,oppStartScore,oppEndScore,duration,plusMinus,plusMinusPer60,oppSquadId
116651401,8118,80150,1019169,995217,80701,1001356,80470,1013638,0,3600,0,68,0,65,3600,3,3.0,8117
116651401,8117,1001357,80475,80296,1015543,1000831,80440,1006231,0,1216,0,17,0,28,1216,-11,-32.56578947368421,8118
116651401,8117,1001357,1022298,80296,1015543,1000831,80440,1006231,1216,1800,17,27,28,39,584,-1,-6.164383561643836,8118
116651401,8117,1022298,1001357,80475,80296,1000831,1006231,80440,1800,3162,27,53,39,60,1362,5,13.215859030837006,8118
116651401,8117,1022298,1001357,1022293,80296,1000831,1006231,80440,3162,3342,53,55,60,63,180,-1,-20.0,8118
116651401,8117,1022298,80475,1022293,80296,1000831,1006231,80440,3342,3600,55,65,63,68,258,5,69.76744186046511,8118
