matchId,squadId,GS,GA,WA,C,WD,GD,GK,startingTime,finishTime,teamStartScore,teamEndScore,oppStartScore,oppEndScore,duration,plusMinus,plusMinusPer60,oppSquadId
80120505,804,80052,80050,80171,80043,80045,80049,80042,0,1701,0,26,0,24,1701,2,4.232804232804233,805
80120505,804,80052,80050,80047,80045,80174,80049,80042,1701,3306,26,55,24,46,1605,7,15.70093457943925,805
80120505,804,80052,80293,80047,80045,80174,80049,80042,3306,3626,55,62,46,51,320,2,22.5,805
80120505,805,80054,80100,80055,80063,80125,80109,80159,0,3626,0,51,0,62,3626,-11,-10.921125206839493,804
