matchId,squadId,GS,GA,WA,C,WD,GD,GK,startingTime,finishTime,teamStartScore,teamEndScore,oppStartScore,oppEndScore,duration,plusMinus,plusMinusPer60,oppSquadId
80050803,808,80093,80156,80141,80094,80096,80061,80099,0,1820,0,17,0,25,1820,-8,-15.824175824175825,809
80050803,808,80093,80156,80141,80094,80061,80099,80090,1820,2726,17,29,25,40,906,-3,-11.920529801324504,809
80050803,808,80093,80156,80141,80095,80061,80099,80090,2726,3222,29,34,40,44,496,1,7.258064516129031,809
80050803,808,80093,80156,80094,80095,80061,80099,80090,3222,3634,34,39,44,48,412,1,8.737864077669903,809
80050803,809,80111,80091,80029,80105,80109,80101,80057,0,1820,0,25,0,17,1820,8,15.824175824175825,808
80050803,809,80111,80100,80029,80105,80109,80101,80057,1820,3634,25,48,17,39,1814,1,1.984564498346196,808
