matchId,squadId,GS,GA,WA,C,WD,GD,GK,startingTime,finishTime,teamStartScore,teamEndScore,oppStartScore,oppEndScore,duration,plusMinus,plusMinusPer60,oppSquadId
80120203,804,80052,80050,80171,80043,80045,80049,80042,0,3618,0,53,0,46,3618,7,6.965174129353234,807
80120203,807,80078,80009,80178,80081,80076,80180,80080,0,903,0,12,0,18,903,-6,-23.920265780730897,804
80120203,807,80078,80009,80178,80081,80077,80076,80080,903,3618,12,46,18,53,2715,-1,-1.3259668508287292,804
