matchId,squadId,oppSquadId,period,badHands,badPasses,blocked,blocks,breaks,centrePassReceives,contactPenalties,defensiveRebounds,deflections,feeds,gain,goalAssists,goalAttempts,goalMisses,goals,intercepts,missedGoalTurnover,obstructionPenalties,offensiveRebounds,offsides,penalties,pickups,rebounds,tossUpWin,turnovers,possessions,pacePer60,offensiveRating,defensiveRating,netRating
80120203,804,807,1,0,1,0,0,0,15,10,0,3,24,2,8,22,4,18,1,0,2,1,0,12,3,1,0,3,24,95.68106312292359,75.0,63.1578947368421,11.842105263157897
80120203,804,807,2,1,2,0,0,0,11,13,0,1,12,2,6,16,5,11,2,0,5,2,0,18,2,2,0,4,18,71.92008879023308,61.111111111111114,68.18181818181817,-7.0707070707070585
80120203,804,807,3,1,2,0,0,0,11,13,1,3,17,2,11,16,2,14,0,0,2,0,1,15,3,1,0,3,19,75.58011049723757,73.68421052631578,46.666666666666664,27.017543859649116
80120203,804,807,4,2,2,0,0,0,11,15,4,5,16,7,7,13,3,10,2,0,3,0,0,18,1,4,0,8,21,83.16831683168317,47.61904761904761,57.14285714285714,-9.523809523809526
80120203,807,804,1,1,2,0,0,0,15,11,3,3,18,3,7,15,3,12,0,0,9,1,0,20,0,4,0,5,19,75.74750830564784,63.1578947368421,75.0,-11.842105263157897
80120203,807,804,2,0,4,0,0,0,13,16,3,4,20,5,6,20,5,15,1,0,3,4,2,19,3,7,0,6,22,87.9023307436182,68.18181818181817,61.111111111111114,7.0707070707070585
80120203,807,804,3,1,3,0,0,0,10,12,2,2,10,3,3,9,2,7,0,0,12,1,0,24,3,3,0,7,15,59.668508287292816,46.666666666666664,73.68421052631578,-27.017543859649116
80120203,807,804,4,0,1,0,0,0,9,11,2,3,18,3,6,18,6,12,1,0,4,2,1,15,3,4,0,5,21,83.16831683168317,57.14285714285714,47.61904761904761,9.523809523809526
