matchId,squadId,GS,GA,WA,C,WD,GD,GK,startingTime,finishTime,teamStartScore,teamEndScore,oppStartScore,oppEndScore,duration,plusMinus,plusMinusPer60
90840803,809,80150,80022,80055,80182,80701,80101,80057,0,3701,0,56,0,50,3701,6,5.836260470143205
90840803,805,80054,80100,80063,80105,80192,80049,80604,0,2784,0,37,0,42,2784,-5,-6.4655172413793105
90840803,805,80054,80100,80063,80105,80192,80049,80604,2784,3701,37,50,42,56,917,-1,-3.925845147219193
