matchId,squadId,oppSquadId,period,badHands,badPasses,blocked,blocks,breaks,centrePassReceives,contactPenalties,defensiveRebounds,deflections,feeds,gain,goalAssists,goalAttempts,goalMisses,goals,intercepts,missedGoalTurnover,obstructionPenalties,offensiveRebounds,offsides,penalties,pickups,rebounds,tossUpWin,turnovers,possessions,pacePer60,offensiveRating,defensiveRating,netRating
90840803,805,809,1,0,1,0,0,1,11,20,1,5,17,4,10,14,1,13,2,0,2,0,0,22,2,1,0,5,19,74.18655097613883,68.42105263157895,63.1578947368421,5.2631578947368425
90840803,805,809,2,1,1,0,0,0,11,17,0,2,14,0,8,13,3,10,0,0,4,1,0,21,2,1,0,6,18,70.28199566160521,55.55555555555556,80.95238095238095,-25.396825396825392
90840803,805,809,3,0,1,0,0,0,13,21,1,1,17,1,13,14,0,14,0,0,4,0,0,27,2,1,0,3,17,65.1063829787234,82.35294117647058,61.904761904761905,20.448179271708675
90840803,805,809,4,2,0,0,0,1,12,15,1,1,22,3,10,16,3,13,2,0,2,1,1,17,1,2,0,5,20,78.51690294438386,65.0,70.0,-5.0
90840803,809,805,1,0,0,0,0,1,9,13,1,0,20,3,10,16,4,12,2,0,2,0,1,15,2,1,0,3,19,74.18655097613883,63.1578947368421,68.42105263157895,-5.2631578947368425
90840803,809,805,2,0,1,0,0,0,13,12,1,3,21,2,11,19,2,17,0,0,1,0,0,13,2,1,0,2,21,81.99566160520607,80.95238095238095,55.55555555555556,25.396825396825392
90840803,809,805,3,2,2,0,0,0,14,8,0,3,14,2,6,16,3,13,1,0,3,1,1,12,1,1,0,6,21,80.42553191489363,61.904761904761905,82.35294117647058,-20.448179271708675
90840803,809,805,4,0,0,0,0,1,12,4,1,4,15,3,9,15,1,14,2,0,3,0,1,7,1,1,0,5,20,78.51690294438386,70.0,65.0,5.0
