matchId,squadId,GS,GA,WA,C,WD,GD,GK,startingTime,finishTime,teamStartScore,teamEndScore,oppStartScore,oppEndScore,duration,plusMinus,plusMinusPer60,oppSquadId
80050801,802,80019,80028,80018,80017,80125,80023,80038,0,2731,0,37,0,36,2731,1,1.3181984621017941,803
80050801,802,80019,80028,80018,80017,80125,80038,80026,2731,3428,37,47,36,43,697,3,15.494978479196558,803
80050801,802,80019,80158,80018,80017,80125,80038,80026,3428,3643,47,49,43,46,215,-1,-16.744186046511626,803
80050801,803,80058,80030,80170,80154,80037,80024,80159,0,910,0,12,0,13,910,-1,-3.956043956043956,802
80050801,803,80167,80058,80030,80154,80037,80024,80159,910,1825,12,24,13,28,915,-3,-11.803278688524589,802
80050801,803,80167,80058,80030,80154,80037,80160,80159,1825,3428,24,43,28,47,1603,0,0.0,802
80050801,803,80167,80058,80030,80154,80024,80160,80159,3428,3643,43,46,47,49,215,1,16.744186046511626,802
