matchId,squadId,GS,GA,WA,C,WD,GD,GK,startingTime,finishTime,teamStartScore,teamEndScore,oppStartScore,oppEndScore,duration,plusMinus,plusMinusPer60,oppSquadId
103940301,810,80826,80009,993360,80473,998408,80534,80343,0.0,3638.0,0,59,0,62,3638.0,-3,-2.9686641011544808,8117
103940301,8117,80113,80475,80575,80296,998401,80559,80010,0.0,745.0,0,12,0,11,745.0,1,4.832214765100671,810
103940301,8117,80113,1001357,80575,80296,998401,80559,80010,745.0,1020.0,12,14,11,16,275.0,-3,-39.27272727272727,810
103940301,8117,80113,80475,80575,80296,998401,80559,80010,1020.0,3638.0,14,62,16,59,2618.0,5,6.875477463712758,810
