matchId,squadId,GS,GA,WA,C,WD,GD,GK,startingTime,finishTime,teamStartScore,teamEndScore,oppStartScore,oppEndScore,duration,plusMinus,plusMinusPer60,oppSquadId
95630902,810,80113,80009,80572,80152,80299,80470,80133,0,2224,0,35,0,26,2224,9,14.568345323741006,809
95630902,810,80113,80009,80572,80152,80299,80133,80393,2224,2766,35,44,26,35,542,0,0.0,809
95630902,810,80113,80009,80572,80299,80152,80343,80133,2766,3712,44,54,35,49,946,-4,-15.221987315010571,809
95630902,809,80150,80022,80055,994117,80701,80057,993358,0,929,0,9,0,16,929,-7,-27.125941872981702,810
95630902,809,80150,991906,80055,994117,80701,80057,993358,929,3712,9,49,16,54,2783,2,2.5871361839741285,810
