matchId,squadId,GS,GA,WA,C,WD,GD,GK,startingTime,finishTime,teamStartScore,teamEndScore,oppStartScore,oppEndScore,duration,plusMinus,plusMinusPer60,oppSquadId
80180202,809,80111,80092,80029,80105,80184,80108,80101,0,1541,0,22,0,19,1541,3,7.008436080467229,808
80180202,809,80111,80030,80029,80105,80184,80108,80101,1541,2739,22,38,19,28,1198,7,21.035058430717868,808
80180202,809,80111,80092,80029,80105,80184,80108,80101,2739,3250,38,44,28,32,511,2,14.090019569471623,808
80180202,809,80111,80030,80029,80105,80184,80108,80101,3250,3645,44,51,32,36,395,3,27.341772151898738,808
80180202,808,80093,80058,80094,80095,80061,80098,80057,0,1683,0,21,0,23,1683,-2,-4.278074866310161,809
80180202,808,80093,80058,80094,80095,80096,80061,80287,1683,1832,21,22,23,27,149,-3,-72.48322147651007,809
80180202,808,80093,80058,80094,80095,80096,80098,80057,1832,2548,22,26,27,37,716,-6,-30.16759776536313,809
80180202,808,80093,80058,80094,80223,80096,80098,80057,2548,3250,26,32,37,44,702,-1,-5.128205128205129,809
80180202,808,80093,80058,80094,80223,80095,80098,80057,3250,3645,32,36,44,51,395,-3,-27.341772151898738,809
