matchId,squadId,GS,GA,WA,C,WD,GD,GK,startingTime,finishTime,teamStartScore,teamEndScore,oppStartScore,oppEndScore,duration,plusMinus,plusMinusPer60,oppSquadId
120451304,804,80540,1001708,994224,991901,1001701,80577,994213,0,1583,0,20,0,28,1583,-8,-18.19330385344283,8119
120451304,804,80540,1001708,1022297,994224,991901,80577,994213,1583,2628,20,44,28,45,1045,7,24.114832535885167,8119
120451304,804,80540,80298,1022297,994224,991901,80577,994213,2628,2920,44,50,45,47,292,4,49.31506849315069,8119
120451304,804,80540,1001708,1022297,994224,991901,80577,994213,2920,3124,50,53,47,52,204,-2,-35.294117647058826,8119
120451304,804,80540,1001708,1022297,994224,991901,1001701,994213,3124,3600,53,64,52,55,476,8,60.50420168067227,8119
120451304,8119,1010545,1001711,80575,1004473,80299,1011747,80010,0,2750,0,45,0,47,2750,-2,-2.618181818181818,804
120451304,8119,1010545,1001711,80575,80299,1015543,1011747,80010,2750,3373,45,55,47,60,623,-3,-17.335473515248797,804
120451304,8119,1010545,1013431,80575,80299,1011747,1001716,80010,3373,3600,55,55,60,64,227,-4,-63.436123348017624,804
