matchId,squadId,GS,GA,WA,C,WD,GD,GK,startingTime,finishTime,teamStartScore,teamEndScore,oppStartScore,oppEndScore,duration,plusMinus,plusMinusPer60,oppSquadId
120450501,8118,80150,1019169,995217,80701,1001356,80470,1013638,0,3028,0,54,0,42,3028,12,14.266842800528401,8119
120450501,8118,80150,1019169,995217,80701,1022764,80470,1013638,3028,3600,54,59,42,55,572,-8,-50.349650349650354,8119
120450501,8119,1010545,1001711,80575,1004473,80299,1011747,80010,0,1324,0,20,0,27,1324,-7,-19.033232628398792,8118
120450501,8119,1010545,1001711,80575,1015543,80299,1011747,80010,1324,1744,20,25,27,34,420,-2,-17.142857142857142,8118
120450501,8119,1013431,1001711,80575,1015543,80299,1011747,80010,1744,1800,25,25,34,36,56,-2,-128.57142857142856,8118
120450501,8119,1010545,1001711,80575,1004473,80299,1011747,80010,1800,2857,25,40,36,52,1057,-1,-3.4058656575212867,8118
120450501,8119,1010545,1001711,80575,1004473,1015543,1011747,80010,2857,2902,40,41,52,52,45,1,80.0,8118
120450501,8119,1010545,1001711,80575,80299,1015543,1011747,80010,2902,3279,41,47,52,57,377,1,9.549071618037136,8118
120450501,8119,1013431,1001711,80575,80299,1015543,1011747,80010,3279,3600,47,55,57,59,321,6,67.28971962616824,8118
