matchId,squadId,GS,GA,WA,C,WD,GD,GK,startingTime,finishTime,teamStartScore,teamEndScore,oppStartScore,oppEndScore,duration,plusMinus,plusMinusPer60
80051101,802,80019,80158,80018,80021,80125,80023,80038,0,1817,0,24,0,24,1817,0,0.0
80051101,802,80019,80028,80018,80021,80125,80023,80038,1817,3645,24,53,24,46,1828,7,13.785557986870897
80051101,807,80078,80087,80085,80081,80076,80020,80080,0,906,0,11,0,12,906,-1,-3.9735099337748347
80051101,807,80078,80155,80085,80081,80076,80083,80020,906,1817,11,24,12,24,911,1,3.951701427003293
80051101,807,80078,80155,80085,80081,80077,80083,80080,1817,2733,24,34,24,37,916,-3,-11.790393013100436
80051101,807,80078,80155,80085,80081,80076,80083,80080,2733,3645,34,46,37,53,912,-4,-15.789473684210527
