matchId,squadId,GS,GA,WA,C,WD,GD,GK,startingTime,finishTime,teamStartScore,teamEndScore,oppStartScore,oppEndScore,duration,plusMinus,plusMinusPer60,oppSquadId
80281104,805,80100,80055,80063,80146,80023,80304,80192,0,1137,0,14,0,18,1137,-4,-12.66490765171504,808
80281104,805,80100,80055,80063,80146,80023,80192,80428,1137,1831,14,24,18,28,694,0,0.0,808
80281104,805,80054,80100,80063,80146,80453,80192,80428,1831,2766,24,42,28,39,935,7,26.95187165775401,808
80281104,805,80054,80100,80063,80146,80304,80192,80428,2766,3685,42,60,39,49,919,8,31.338411316648532,808
80281104,808,80019,80156,80477,80021,80223,80020,80478,0,2766,0,39,0,42,2766,-3,-3.9045553145336225,805
80281104,808,80019,80156,80141,80021,80223,80020,80478,2766,3136,39,41,42,48,370,-4,-38.91891891891892,805
80281104,808,80287,80156,80019,80141,80021,80020,80478,3136,3685,41,49,48,60,549,-4,-26.229508196721312,805
