matchId,squadId,period,badHands,badPasses,blocked,blocks,breaks,centrePassReceives,contactPenalties,defensiveRebounds,deflections,feeds,gain,goalAssists,goalAttempts,goalMisses,goals,intercepts,missedGoalTurnover,obstructionPenalties,offensiveRebounds,offsides,penalties,pickups,rebounds,tossUpWin,turnovers,possessions,pacePer60,offensiveRating,defensiveRating,netRating
80281104,805,1,1,3,0,0,2,13,11,1,7,12,3,10,15,2,13,1,0,3,0,1,16,3,1,0,7,22,86.36859323882224,59.09090909090909,75.0,-15.909090909090907
80281104,805,2,0,0,0,1,0,10,17,2,8,14,4,9,16,5,11,1,0,3,0,0,20,5,2,0,3,19,74.83588621444201,57.89473684210527,65.0,-7.105263157894733
80281104,805,3,1,0,0,0,0,13,13,0,3,15,3,12,21,3,18,1,0,2,1,0,17,2,1,0,2,22,84.70588235294117,81.81818181818183,64.70588235294117,17.112299465240653
80281104,805,4,2,1,0,0,0,12,10,1,6,16,2,13,18,0,18,1,0,6,0,2,18,1,1,0,5,23,90.09793253536454,78.26086956521739,50.0,28.26086956521739
80281104,808,1,1,0,0,0,0,11,10,1,2,16,1,11,19,4,15,0,0,4,2,0,15,6,3,0,3,20,78.51690294438386,75.0,59.09090909090909,15.909090909090907
80281104,808,2,0,3,1,0,1,11,9,1,5,13,4,8,16,3,13,3,0,3,0,0,13,6,1,0,4,20,78.7746170678337,65.0,57.89473684210527,7.105263157894733
80281104,808,3,1,0,0,0,0,13,11,1,4,13,3,5,14,3,11,2,0,3,2,1,15,1,3,0,5,17,65.45454545454545,64.70588235294117,81.81818181818183,-17.112299465240653
80281104,808,4,2,1,0,0,0,14,12,0,5,10,0,6,13,3,10,0,0,3,0,1,15,4,0,0,7,20,78.34602829162134,50.0,78.26086956521739,-28.26086956521739
