matchId,squadId,GS,GA,WA,C,WD,GD,GK,startingTime,finishTime,teamStartScore,teamEndScore,oppStartScore,oppEndScore,duration,plusMinus,plusMinusPer60,oppSquadId
111090201,8117,1001357,80475,80296,80105,998401,80559,999135,0,1978,0,24,0,44,1978,-20,-36.40040444893832,810
111090201,8117,1001357,80475,80296,80105,80297,80559,999135,1978,2063,24,25,44,47,85,-2,-84.70588235294117,810
111090201,8117,1014128,80475,80296,80105,80297,80559,999135,2063,2537,25,36,47,57,474,1,7.594936708860759,810
111090201,8117,1014128,80475,1013082,80105,80297,80559,999135,2537,3184,36,48,57,69,647,0,0.0,810
111090201,8117,1014128,80475,80296,80105,80297,80559,999135,3184,3425,48,54,69,70,241,5,74.68879668049793,810
111090201,8117,1014128,80475,80296,998401,80297,80559,999135,3425,3600,54,59,70,73,175,2,41.142857142857146,810
111090201,810,80826,994215,1000231,80473,998408,80534,80343,0,3345,0,70,0,53,3345,17,18.295964125560538,8117
111090201,810,80826,994215,1000231,1019164,998408,80534,80343,3345,3600,70,73,53,59,255,-3,-42.35294117647059,8117
