matchId,squadId,period,badHands,badPasses,blocked,blocks,breaks,centrePassReceives,contactPenalties,defensiveRebounds,deflections,feeds,gain,goalAssists,goalAttempts,goalMisses,goals,intercepts,missedGoalTurnover,obstructionPenalties,offensiveRebounds,offsides,penalties,pickups,rebounds,tossUpWin,turnovers,possessions,pacePer60,offensiveRating,defensiveRating,netRating
90841201,804,1,0,2,0,0,0,18,14,1,4,24,5,14,20,1,19,1,0,4,0,0,18,4,1,0,3,23,91.49171270718232,82.6086956521739,72.72727272727273,9.881422924901173
90841201,804,2,0,1,1,0,0,11,12,3,2,18,4,5,21,4,17,0,0,4,2,2,16,4,5,0,1,20,79.55801104972376,85.0,45.0,40.0
90841201,804,3,0,1,0,0,0,11,13,3,2,18,5,3,19,6,13,2,0,2,2,1,15,1,5,0,6,23,90.0,56.52173913043478,45.45454545454545,11.067193675889328
90841201,804,4,0,2,0,0,0,13,10,5,9,19,7,7,18,2,16,1,0,4,1,1,14,2,6,0,4,21,82.71334792122538,76.19047619047619,47.82608695652174,28.364389233954448
90841201,810,1,0,1,0,0,0,18,14,0,2,24,4,11,17,1,16,4,0,1,0,0,15,4,0,0,5,22,87.51381215469614,72.72727272727273,82.6086956521739,-9.881422924901173
90841201,810,2,0,4,0,1,0,13,17,0,6,15,2,5,13,4,9,1,0,9,1,2,26,4,1,0,8,20,79.55801104972376,45.0,85.0,-40.0
90841201,810,3,1,1,0,0,0,11,19,1,3,15,2,4,15,5,10,1,0,6,0,1,25,2,1,0,7,22,86.08695652173913,45.45454545454545,56.52173913043478,-11.067193675889328
90841201,810,4,0,1,0,0,0,14,13,1,0,27,3,9,17,6,11,2,0,2,0,1,15,4,1,0,6,23,90.59080962800876,47.82608695652174,76.19047619047619,-28.364389233954448
