matchId,squadId,GS,GA,WA,C,WD,GD,GK,startingTime,finishTime,teamStartScore,teamEndScore,oppStartScore,oppEndScore,duration,plusMinus,plusMinusPer60
90841201,804,80064,80293,80041,991901,994224,80042,80010,0,2730,0,49,0,35,2730,14,18.46153846153846
90841201,804,80064,80293,80041,991901,994224,80042,80010,2730,3447,49,61,35,44,717,3,15.062761506276154
90841201,804,80064,80293,80041,991901,994224,80042,80010,3447,3644,61,65,44,46,197,2,36.54822335025381
90841201,810,80003,80009,80572,993360,80152,80133,80530,0,1810,0,25,0,36,1810,-11,-21.878453038674035
90841201,810,80003,80009,80572,993360,80152,80133,80530,1810,2476,25,31,36,45,666,-3,-16.216216216216218
90841201,810,80003,80009,80572,993360,80152,80343,80530,2476,2730,31,35,45,49,254,0,0.0
90841201,810,80003,80009,80572,993360,80152,80133,80530,2730,3644,35,46,49,65,914,-5,-19.693654266958426
