matchId,squadId,GS,GA,WA,C,WD,GD,GK,startingTime,finishTime,teamStartScore,teamEndScore,oppStartScore,oppEndScore,duration,plusMinus,plusMinusPer60,oppSquadId
129490501,806,1014724,1030765,1009742,80439,1007302,1003784,1007299,0,1130,0,18,0,23,1130,-5,-15.929203539823009,804
129490501,806,1014724,1030765,1009742,80439,1007302,80099,1007299,1130,3334,18,55,23,61,2204,-1,-1.6333938294010888,804
129490501,806,1014724,1030765,80477,80439,1007302,80099,1007299,3334,3367,55,55,61,62,33,-1,-109.09090909090908,804
129490501,806,1014724,1030765,80477,1009742,1007302,80099,1007299,3367,3600,55,59,62,66,233,0,0.0,804
129490501,804,1001711,1001708,1022297,991901,1001701,80577,1005495,0,900,0,18,0,16,900,2,8.0,806
129490501,804,1001711,1001708,1022297,991901,1001701,80577,994213,900,1250,18,24,16,21,350,1,10.285714285714286,806
129490501,804,1001711,1001708,1034300,991901,1001701,80577,994213,1250,1800,24,32,21,34,550,-5,-32.72727272727273,806
129490501,804,1001711,1001708,1022297,991901,1034300,80577,1005495,1800,3600,32,66,34,59,1800,9,18.0,806
