matchId,squadId,GS,GA,WA,C,WD,GD,GK,startingTime,finishTime,teamStartScore,teamEndScore,oppStartScore,oppEndScore,duration,plusMinus,plusMinusPer60,oppSquadId
120450304,804,80540,1001708,994224,991901,1001701,80577,994213,0,3600,0,62,0,57,3600,5,5.0,8118
120450304,8118,80150,1019169,995217,80701,1001356,80470,1013638,0,1382,0,18,0,24,1382,-6,-15.629522431259044,804
120450304,8118,80150,1019169,995217,80701,1001356,80470,1001803,1382,3137,18,55,24,54,1755,7,14.358974358974358,804
120450304,8118,80150,1019169,995217,80701,1001356,1013638,1001803,3137,3600,55,57,54,62,463,-6,-46.652267818574515,804
