matchId,squadId,GS,GA,WA,C,WD,GD,GK,startingTime,finishTime,teamStartScore,teamEndScore,oppStartScore,oppEndScore,duration,plusMinus,plusMinusPer60,oppSquadId
116650804,8118,80150,1019169,995217,80701,1001356,80470,1013638,0,1210,0,15,0,23,1210,-8,-23.801652892561982,806
116650804,8118,80150,1019169,995217,80701,1001356,80470,1001803,1210,1800,15,24,23,30,590,2,12.203389830508474,806
116650804,8118,80150,1019169,995217,1001356,1001803,80470,1013638,1800,2988,24,39,30,45,1188,0,0.0,806
116650804,8118,80150,1019169,995217,80701,1001803,80470,1013638,2988,3073,39,39,45,47,85,-2,-84.70588235294117,806
116650804,8118,80150,1019169,995217,80701,1001356,80470,1013638,3073,3561,39,43,47,52,488,-1,-7.3770491803278695,806
116650804,8118,80150,1019169,995217,1022764,1001356,80470,1013638,3561,3600,43,43,52,52,39,0,0.0,806
116650804,806,999128,1013431,80574,80439,1009742,1003784,998404,0,2115,0,34,0,29,2115,5,8.51063829787234,8118
116650804,806,1025018,999128,80574,80439,1009742,1003784,998404,2115,2904,34,44,29,39,789,0,0.0,8118
116650804,806,1025018,999128,1009742,80439,1014127,1003784,998404,2904,3600,44,52,39,43,696,4,20.689655172413794,8118
