matchId,squadId,GS,GA,WA,C,WD,GD,GK,startingTime,finishTime,teamStartScore,teamEndScore,oppStartScore,oppEndScore,duration,plusMinus,plusMinusPer60,oppSquadId
113911402,804,80540,995218,1022297,991901,1001701,80577,994213,0,1800,0,27,0,32,1800,-5,-10.0,807
113911402,804,80540,995218,1022297,991901,1001701,80577,1001920,1800,1929,27,30,32,33,129,2,55.81395348837209,807
113911402,804,80540,1019167,1022297,991901,1001701,80577,1001920,1929,2470,30,39,33,41,541,1,6.6543438077634,807
113911402,804,80540,1019167,1022297,991901,1014127,80577,1001920,2470,3148,39,52,41,52,678,2,10.619469026548671,807
113911402,804,80540,1019167,1022297,991901,1001701,80577,1001920,3148,3600,52,58,52,62,452,-4,-31.858407079646017,807
113911402,807,80078,993463,1004472,80833,1019380,1007219,1005495,0,1406,0,23,0,24,1406,-1,-2.5604551920341394,804
113911402,807,80078,993463,1004472,80833,1019380,1016035,1007219,1406,2223,23,37,24,37,817,1,4.406364749082007,804
113911402,807,80078,1007306,1004472,80833,1019380,1016035,1007219,2223,3600,37,62,37,58,1377,4,10.457516339869281,804
