matchId,squadId,period,badHands,badPasses,blocked,blocks,breaks,centrePassReceives,contactPenalties,defensiveRebounds,deflections,feeds,gain,goalAssists,goalAttempts,goalMisses,goals,intercepts,missedGoalTurnover,obstructionPenalties,offensiveRebounds,offsides,penalties,pickups,rebounds,tossUpWin,turnovers,possessions,pacePer60,offensiveRating,defensiveRating,netRating
90840901,806,1,1,2,0,0,1,12,11,1,4,19,4,14,21,1,20,3,0,2,1,1,13,2,2,0,6,26,104.0,76.92307692307693,50.0,26.923076923076934
90840901,806,2,0,2,0,0,0,16,15,0,3,20,2,12,20,3,17,1,0,2,0,0,17,2,0,0,4,24,95.4696132596685,70.83333333333334,73.68421052631578,-2.8508771929824377
90840901,806,3,1,2,0,0,0,13,9,0,6,22,2,13,20,3,17,0,0,5,1,0,14,4,1,0,4,23,91.69435215946844,73.91304347826086,63.1578947368421,10.755148741418758
90840901,806,4,1,3,0,0,0,12,11,0,4,12,0,7,14,3,11,0,0,3,1,0,14,2,1,0,9,22,87.41721854304636,50.0,69.56521739130434,-19.565217391304344
90840901,808,1,1,2,0,0,1,12,14,0,4,12,1,4,12,2,10,0,0,1,0,1,15,4,0,0,8,20,80.0,50.0,76.92307692307693,-26.923076923076934
90840901,808,2,0,1,0,0,0,13,14,1,2,15,3,11,14,0,14,2,0,2,0,1,16,3,1,0,5,19,75.58011049723757,73.68421052631578,70.83333333333334,2.8508771929824377
90840901,808,3,0,1,0,0,1,9,11,2,6,19,3,9,14,2,12,0,0,3,1,0,14,4,3,0,6,19,75.74750830564784,63.1578947368421,73.91304347826086,-10.755148741418758
90840901,808,4,0,4,0,0,0,14,8,2,4,19,3,10,19,3,16,1,0,6,2,1,15,5,4,0,6,23,91.3907284768212,69.56521739130434,50.0,19.565217391304344
