matchId,squadId,GS,GA,WA,C,WD,GD,GK,startingTime,finishTime,teamStartScore,teamEndScore,oppStartScore,oppEndScore,duration,plusMinus,plusMinusPer60,oppSquadId
90840901,806,80179,993463,995216,80069,995217,80470,80038,0,1805,0,37,0,24,1805,13,25.92797783933518,808
90840901,806,80179,993463,995216,80069,80048,80470,80038,1805,2492,37,52,24,32,687,7,36.681222707423586,808
90840901,806,80179,993463,995216,80069,80048,80470,80038,2492,3194,52,60,32,45,702,-5,-25.641025641025642,808
90840901,806,80179,993463,995216,80069,995217,80470,80038,3194,3614,60,65,45,52,420,-2,-17.142857142857142,808
90840901,808,80826,80287,80424,80021,80432,80582,80393,0,900,0,10,0,20,900,-10,-40.0,806
90840901,808,80826,80287,80021,80095,80432,80582,80393,900,1805,10,24,20,37,905,-3,-11.933701657458563,806
90840901,808,80826,80287,80021,80095,80432,80582,80393,1805,2708,24,36,37,54,903,-5,-19.93355481727575,806
90840901,808,80826,80287,80424,80021,80432,80582,80393,2708,3614,36,52,54,65,906,5,19.867549668874172,806
