matchId,squadId,GS,GA,WA,C,WD,GD,GK,startingTime,finishTime,teamStartScore,teamEndScore,oppStartScore,oppEndScore,duration,plusMinus,plusMinusPer60,oppSquadId
80051001,803,80167,80058,80170,80154,80037,80160,80024,0,1839,0,23,0,34,1839,-11,-21.533442088091356,802
80051001,803,80167,80058,80030,80154,80170,80037,80024,1839,3664,23,45,34,59,1825,-3,-5.917808219178082,802
80051001,802,80019,80158,80018,80017,80125,80038,80023,0,2746,0,44,0,32,2746,12,15.731973780043699,803
80051001,802,80019,80028,80021,80017,80125,80038,80023,2746,3354,44,54,32,41,608,1,5.921052631578948,803
80051001,802,80022,80028,80021,80017,80125,80038,80023,3354,3445,54,56,41,42,91,1,39.56043956043956,803
80051001,802,80022,80028,80021,80017,80125,80026,80023,3445,3664,56,59,42,45,219,0,0.0,803
