matchId,squadId,GS,GA,WA,C,WD,GD,GK,startingTime,finishTime,teamStartScore,teamEndScore,oppStartScore,oppEndScore,duration,plusMinus,plusMinusPer60
95631305,809,80150,991906,80055,994117,80701,80057,993358,0,942,0,13,0,9,942,4,15.286624203821656
95631305,809,80150,991906,80055,994117,80701,80057,80101,942,1873,13,28,9,23,931,1,3.8668098818474754
95631305,809,80150,80022,80055,994117,80701,80057,993358,1873,2793,28,37,23,35,920,-3,-11.73913043478261
95631305,809,80150,991906,80055,994117,80701,80101,80057,2793,3708,37,52,35,47,915,3,11.803278688524589
95631305,803,80444,80019,80094,80175,80109,80099,80098,0,942,0,9,0,13,942,-4,-15.286624203821656
95631305,803,80444,80019,80094,80175,80109,80099,80127,942,2310,9,28,13,33,1368,-1,-2.631578947368421
95631305,803,80444,80019,80094,80175,80109,80099,80098,2310,3708,28,47,33,52,1398,0,0.0
