matchId,squadId,oppSquadId,period,badHands,badPasses,blocked,blocks,breaks,centrePassReceives,contactPenalties,defensiveRebounds,deflections,feeds,gain,goalAssists,goalAttempts,goalMisses,goals,intercepts,missedGoalTurnover,obstructionPenalties,offensiveRebounds,offsides,penalties,pickups,rebounds,tossUpWin,turnovers,possessions,pacePer60,offensiveRating,defensiveRating,netRating
80120804,804,810,1,2,2,0,0,0,14,9,1,3,20,5,11,22,5,17,3,0,2,1,0,11,3,2,0,5,26,103.76940133037694,65.38461538461539,57.14285714285714,8.241758241758248
80120804,804,810,2,0,2,1,0,0,12,16,2,1,22,3,5,20,7,13,1,0,0,1,0,16,2,3,0,5,24,95.68106312292359,54.166666666666664,56.52173913043478,-2.355072463768117
80120804,804,810,3,0,4,0,0,0,12,14,1,5,16,5,8,13,2,11,3,0,1,0,0,15,3,1,0,9,22,88.0,50.0,69.56521739130434,-19.565217391304344
80120804,804,810,4,0,1,0,0,0,14,13,0,5,17,2,6,15,3,12,1,0,4,1,0,17,2,1,0,2,16,63.646408839779006,75.0,83.33333333333334,-8.333333333333343
80120804,810,804,1,0,3,0,0,0,13,9,3,5,15,4,7,13,1,12,1,0,4,0,2,13,4,3,0,8,21,83.81374722838137,57.14285714285714,65.38461538461539,-8.241758241758248
80120804,810,804,2,2,3,0,1,0,13,13,4,1,17,6,8,15,2,13,2,0,2,0,1,15,2,4,0,8,23,91.69435215946844,56.52173913043478,54.166666666666664,2.355072463768117
80120804,810,804,3,0,1,0,0,0,14,8,2,4,19,5,12,18,2,16,2,0,1,0,0,9,4,2,0,5,23,92.0,69.56521739130434,50.0,19.565217391304344
80120804,810,804,4,0,0,0,0,0,14,13,2,5,20,5,8,16,1,15,1,0,3,1,0,16,5,3,0,3,18,71.60220994475138,83.33333333333334,75.0,8.333333333333343
