matchId,squadId,GS,GA,WA,C,WD,GD,GK,startingTime,finishTime,teamStartScore,teamEndScore,oppStartScore,oppEndScore,duration,plusMinus,plusMinusPer60
103930202,810,80826,80009,993360,80473,998408,80534,80343,0,3423,0,63,0,54,3423,9,9.465381244522348
103930202,810,80826,80009,993360,80473,80452,80534,80343,3423,3690,63,68,54,57,267,2,26.96629213483146
103930202,8119,80052,80067,80041,80833,80299,80470,80048,0,1109,0,16,0,18,1109,-2,-6.4923354373309285
103930202,8119,80052,80152,80041,80833,80299,80470,80048,1109,1830,16,26,18,34,721,-6,-29.958391123439664
103930202,8119,80052,80067,80041,80152,80299,80470,80048,1830,3047,26,48,34,58,1217,-2,-5.916187345932621
103930202,8119,80052,80067,80041,80152,80299,1007301,80048,3047,3690,48,57,58,68,643,-1,-5.598755832037325
