matchId,squadId,GS,GA,WA,C,WD,GD,GK,startingTime,finishTime,teamStartScore,teamEndScore,oppStartScore,oppEndScore,duration,plusMinus,plusMinusPer60
80350401,801,80295,80067,80001,80014,80045,80068,80048,0.0,3184.0,0,63,0,42,3184.0,21,23.74371859296482
80350401,801,991898,80067,80576,80014,80045,80068,80048,3184.0,3488.0,63,69,42,43,304.0,5,59.21052631578948
80350401,801,991898,80067,80576,80014,80045,80440,80048,3488.0,3671.0,69,72,43,46,183.0,0,0.0
80350401,810,80113,80064,80473,80152,80299,80133,80530,0.0,876.0,0,9,0,16,876.0,-7,-28.767123287671236
80350401,810,80113,80064,80473,80152,80299,80450,80530,876.0,912.0,9,9,16,17,36.0,-1,-100.0
80350401,810,80113,80064,80473,80299,80445,80450,80530,912.0,1830.0,9,23,17,34,918.0,-3,-11.76470588235294
80350401,810,80113,80064,80473,80299,80450,80530,80133,1830.0,2736.0,23,35,34,54,906.0,-8,-31.788079470198678
80350401,810,80113,80064,80578,80299,80450,80530,80133,2736.0,3184.0,35,42,54,63,448.0,-2,-16.07142857142857
80350401,810,80113,80064,80578,80299,80450,80530,80343,3184.0,3671.0,42,46,63,72,487.0,-5,-36.96098562628337
