matchId,squadId,GS,GA,WA,C,WD,GD,GK,startingTime,finishTime,teamStartScore,teamEndScore,oppStartScore,oppEndScore,duration,plusMinus,plusMinusPer60,oppSquadId
80280304,805,80054,80100,80055,80063,80304,80192,80428,0,2725,0,36,0,32,2725,4,5.284403669724771,810
80280304,805,80054,80055,80063,80146,80304,80023,80192,2725,3307,36,48,32,42,582,2,12.371134020618557,810
80280304,805,80054,80055,80063,80146,80023,80304,80192,3307,3635,48,52,42,45,328,1,10.97560975609756,810
80280304,810,80113,80064,80152,80299,80132,80530,80131,0,3307,0,42,0,48,3307,-6,-6.531599637133354,805
80280304,810,80113,80064,80152,80299,80132,80450,80530,3307,3624,42,45,48,52,317,-1,-11.35646687697161,805
80280304,810,80113,80064,80473,80299,80132,80450,80530,3624,3635,45,45,52,52,11,0,0.0,805
