matchId,squadId,GS,GA,WA,C,WD,GD,GK,startingTime,finishTime,teamStartScore,teamEndScore,oppStartScore,oppEndScore,duration,plusMinus,plusMinusPer60,oppSquadId
90840804,802,80540,80028,80107,80526,80146,80247,80524,0,912,0,16,0,26,912,-10,-39.473684210526315,808
90840804,802,80540,80028,80107,80526,80146,80247,80524,912,2580,16,41,26,57,1668,-6,-12.949640287769784,808
90840804,802,80540,80028,80107,80526,80146,80247,80524,2580,3665,41,61,57,77,1085,0,0.0,808
90840804,808,80826,80287,80424,80021,80432,80582,80478,0,2743,0,61,0,43,2743,18,23.623769595333577,802
90840804,808,80826,80287,80424,80021,80432,80582,80478,2743,3133,61,67,43,49,390,0,0.0,802
90840804,808,80826,80287,80424,80021,80432,80582,80478,3133,3306,67,71,49,52,173,1,20.809248554913296,802
90840804,808,80826,80287,80424,80021,80432,80582,80478,3306,3665,71,77,52,61,359,-3,-30.08356545961003,802
