matchId,squadId,GS,GA,WA,C,WD,GD,GK,startingTime,finishTime,teamStartScore,teamEndScore,oppStartScore,oppEndScore,duration,plusMinus,plusMinusPer60,oppSquadId
80121303,801,80295,80003,80067,80014,80048,80006,80010,0,1807,0,25,0,25,1807,0,0.0,810
80121303,801,80295,80067,80001,80014,80002,80006,80010,1807,3556,25,53,25,43,1749,10,20.58319039451115,810
80121303,801,80295,80067,80001,80014,80002,80048,80010,3556,3616,53,54,43,45,60,-1,-60.0,810
80121303,810,80113,80074,80300,80041,80044,80126,80131,0,1807,0,25,0,25,1807,0,0.0,801
80121303,810,80113,80074,80152,80041,80044,80126,80131,1807,3410,25,42,25,51,1603,-9,-20.212102308172177,801
80121303,810,80113,80087,80152,80041,80132,80126,80131,3410,3577,42,44,51,53,167,0,0.0,801
80121303,810,80113,80087,80152,80041,80132,80012,80131,3577,3616,44,45,53,54,39,0,0.0,801
