matchId,squadId,oppSquadId,period,badHands,badPasses,blocked,blocks,breaks,centrePassReceives,contactPenalties,defensiveRebounds,deflections,feeds,gain,goalAssists,goalAttempts,goalMisses,goals,intercepts,missedGoalTurnover,obstructionPenalties,offensiveRebounds,offsides,penalties,pickups,rebounds,tossUpWin,turnovers,possessions,pacePer60,offensiveRating,defensiveRating,netRating
80280503,803,805,1,3,0,0,0,0,12,19,0,1,12,2,4,11,1,10,2,0,5,0,2,25,3,0,0,4,15,59.275521405049396,66.66666666666666,66.66666666666666,0.0
80280503,803,805,2,1,0,0,0,0,14,9,1,2,13,3,7,17,2,15,1,0,6,0,0,16,0,1,0,2,19,75.74750830564784,78.94736842105263,72.22222222222221,6.725146198830416
80280503,803,805,3,1,1,0,0,0,10,8,0,8,12,3,5,13,2,11,1,0,8,2,1,18,3,2,0,5,16,63.22722283205269,68.75,73.33333333333333,-4.583333333333329
80280503,803,805,4,0,1,0,0,0,10,13,1,2,13,1,8,15,4,11,0,0,6,0,0,22,1,1,0,3,18,71.13062568605928,61.111111111111114,65.0,-3.8888888888888857
80280503,805,803,1,1,3,0,0,0,11,9,1,4,13,6,7,16,2,14,4,0,5,0,0,14,2,1,0,5,21,82.98572996706915,66.66666666666666,66.66666666666666,0.0
80280503,805,803,2,0,2,0,0,0,14,15,1,5,13,4,7,14,1,13,2,0,3,0,0,19,2,1,0,4,18,71.76079734219269,72.22222222222221,78.94736842105263,-6.725146198830416
80280503,805,803,3,0,0,0,0,0,11,11,0,3,12,1,6,14,3,11,1,0,4,1,1,15,2,1,0,2,15,59.275521405049396,73.33333333333333,68.75,4.583333333333329
80280503,805,803,4,1,3,0,0,0,13,14,3,3,10,4,6,14,1,13,1,0,1,0,0,15,1,3,0,6,20,79.03402854006586,65.0,61.111111111111114,3.8888888888888857
