matchId,squadId,GS,GA,WA,C,WD,GD,GK,startingTime,finishTime,teamStartScore,teamEndScore,oppStartScore,oppEndScore,duration,plusMinus,plusMinusPer60
95631201,801,80295,80067,80001,80439,80045,80530,991899,0,1112,0,13,0,19,1112,-6,-19.424460431654676
95631201,801,80295,80067,80576,80439,80045,80530,991899,1112,2694,13,33,19,45,1582,-6,-13.653603034134008
95631201,801,80295,80067,80576,80045,80180,80530,991899,2694,3636,33,41,45,59,942,-6,-22.929936305732483
95631201,807,80078,993463,992954,80833,991905,80076,80080,0,3249,0,52,0,38,3249,14,15.51246537396122
95631201,807,80078,993463,992954,80833,991905,80068,80080,3249,3636,52,59,38,41,387,4,37.2093023255814
