matchId,squadId,GS,GA,WA,C,WD,GD,GK,startingTime,finishTime,teamStartScore,teamEndScore,oppStartScore,oppEndScore,duration,plusMinus,plusMinusPer60,oppSquadId
80180901,808,80093,80058,80094,80043,80095,80098,80057,0.0,913.0,0,10,0,15,913.0,-5,-19.715224534501644,802
80180901,808,80058,80093,80094,80043,80095,80098,80057,913.0,3638.0,10,49,15,40,2725.0,14,18.4954128440367,802
80180901,802,80028,80156,80018,80021,80164,80292,80023,0.0,136.0,0,2,0,1,136.0,1,26.47058823529412,808
80180901,802,80028,80156,80018,80422,80164,80292,80023,136.0,2522.0,2,29,1,34,2386.0,-6,-9.052808046940488,808
80180901,802,80028,80156,80221,80422,80164,80292,80023,2522.0,2728.0,29,30,34,38,206.0,-3,-52.42718446601941,808
80180901,802,80028,80156,80018,80422,80164,80314,80023,2728.0,3638.0,30,40,38,49,910.0,-1,-3.956043956043956,808
