matchId,squadId,GS,GA,WA,C,WD,GD,GK,startingTime,finishTime,teamStartScore,teamEndScore,oppStartScore,oppEndScore,duration,plusMinus,plusMinusPer60
80280303,802,80150,80028,80107,80018,80292,80314,80024,0,1490,0,22,0,24,1490,-2,-4.832214765100671
80280303,802,80150,80028,80107,80422,80018,80292,80024,1490,1767,22,26,24,28,277,0,0.0
80280303,802,80022,80150,80028,80422,80018,80292,80024,1767,2678,26,41,28,42,911,1,3.951701427003293
80280303,802,80022,80150,80107,80018,80164,80292,80024,2678,3594,41,53,42,55,916,-1,-3.930131004366812
80280303,808,80019,80156,80182,80424,80021,80061,80020,0,1767,0,28,0,26,1767,2,4.074702886247878
80280303,808,80156,80019,80182,80424,80021,80061,80020,1767,2113,28,31,26,33,346,-4,-41.61849710982659
80280303,808,80156,80019,80182,80424,80021,80020,80478,2113,3594,31,55,33,53,1481,4,9.723160027008777
