matchId,squadId,GS,GA,WA,C,WD,GD,GK,startingTime,finishTime,teamStartScore,teamEndScore,oppStartScore,oppEndScore,duration,plusMinus,plusMinusPer60,oppSquadId
103930404,8119,80052,80067,80041,80152,80299,80470,80048,0,906,0,10,0,11,906,-1,-3.9735099337748347,8117
103930404,8119,80052,994215,80041,80833,80299,80470,80048,906,1816,10,23,11,26,910,-2,-7.912087912087912,8117
103930404,8119,80052,80067,80041,80833,80299,80470,80048,1816,2010,23,25,26,29,194,-1,-18.556701030927833,8117
103930404,8119,80052,80067,80041,80833,80299,1007301,80048,2010,2725,25,35,29,43,715,-4,-20.13986013986014,8117
103930404,8119,80052,80067,80041,80833,80299,80470,80048,2725,3632,35,50,43,52,907,6,23.814773980154353,8117
103930404,8117,80113,80475,80575,80296,998401,80559,80010,0,3632,0,52,0,50,3632,2,1.9823788546255507,8119
