matchId,squadId,GS,GA,WA,C,WD,GD,GK,startingTime,finishTime,teamStartScore,teamEndScore,oppStartScore,oppEndScore,duration,plusMinus,plusMinusPer60
80051305,804,80052,80050,80178,80043,80045,80049,80042,0,918,0,15,0,10,918,5,19.6078431372549
80051305,804,80052,80050,80178,80043,80045,80049,80042,918,2718,15,54,10,25,1800,24,48.0
80051305,804,80169,80050,80178,80043,80045,80049,80042,2718,3629,54,63,25,35,911,-1,-3.951701427003293
80051305,802,80019,80158,80018,80021,80125,80038,80023,0,1320,0,13,0,22,1320,-9,-24.545454545454543
80051305,802,80019,80028,80018,80021,80125,80038,80023,1320,1811,13,15,22,36,491,-12,-87.9837067209776
80051305,802,80019,80158,80018,80017,80021,80023,80038,1811,3629,15,35,36,63,1818,-7,-13.861386138613861
