matchId,squadId,GS,GA,WA,C,WD,GD,GK,startingTime,finishTime,teamStartScore,teamEndScore,oppStartScore,oppEndScore,duration,plusMinus,plusMinusPer60,oppSquadId
90841002,804,80570,80064,80041,994224,991901,80042,80010,0,1815,0,25,0,27,1815,-2,-3.9669421487603307,806
90841002,804,80064,80064,80041,994224,991901,80042,80010,1815,2733,25,38,27,43,918,-3,-11.76470588235294,806
90841002,804,80570,80064,80041,994224,991901,80042,80010,2733,3645,38,50,43,54,912,1,3.947368421052632,806
90841002,806,80052,80072,80178,80069,991904,80038,80048,0,3645,0,54,0,50,3645,4,3.950617283950617,804
