matchId,squadId,GS,GA,WA,C,WD,GD,GK,startingTime,finishTime,teamStartScore,teamEndScore,oppStartScore,oppEndScore,duration,plusMinus,plusMinusPer60,oppSquadId
80120101,805,80054,80100,80055,80063,80125,80164,80159,0,1154,0,17,0,15,1154,2,6.239168110918544,801
80120101,805,80054,80100,80055,80063,80125,80304,80159,1154,1864,17,27,15,26,710,-1,-5.070422535211267,801
80120101,805,80054,80100,80063,80089,80125,80109,80159,1864,3676,27,55,26,52,1812,2,3.9735099337748347,801
80120101,801,80295,80003,80001,80014,80006,80002,80010,0,909,0,12,0,15,909,-3,-11.881188118811881,805
80120101,801,80295,80003,80001,80014,80006,80048,80010,909,1864,12,26,15,27,955,2,7.539267015706806,805
80120101,801,80295,80067,80173,80014,80006,80048,80010,1864,2769,26,36,27,42,905,-5,-19.88950276243094,805
80120101,801,80295,80003,80173,80014,80002,80006,80010,2769,3676,36,52,42,55,907,3,11.907386990077176,805
