matchId,squadId,GS,GA,WA,C,WD,GD,GK,startingTime,finishTime,teamStartScore,teamEndScore,oppStartScore,oppEndScore,duration,plusMinus,plusMinusPer60
90841101,801,80295,80067,997461,80045,80132,80068,991899,0,906,0,15,0,17,906,-2,-7.9470198675496695
90841101,801,80295,80067,997461,80045,80132,80068,80440,906,1338,15,21,17,25,432,-2,-16.666666666666668
90841101,801,80295,80067,997461,80045,80132,80068,991899,1338,1502,21,22,25,29,164,-3,-65.85365853658536
90841101,801,80295,80067,997461,80001,80132,80068,991899,1502,2617,22,36,29,47,1115,-4,-12.914798206278027
90841101,801,80295,80067,997461,80045,80132,80068,991899,2617,3637,36,52,47,58,1020,5,17.647058823529413
90841101,807,80078,80157,80473,80833,991905,80076,80080,0,3637,0,58,0,52,3637,6,5.938960681880671
