matchId,squadId,GS,GA,WA,C,WD,GD,GK,startingTime,finishTime,teamStartScore,teamEndScore,oppStartScore,oppEndScore,duration,plusMinus,plusMinusPer60,oppSquadId
80051403,801,80003,80009,80001,80014,80173,80006,80010,0,2709,0,43,0,27,2709,16,21.262458471760798,809
80051403,801,80003,80009,80139,80014,80173,80006,80010,2709,3453,43,52,27,34,744,2,9.67741935483871,809
80051403,801,80003,80009,80139,80014,80173,80006,80002,3453,3618,52,54,34,35,165,1,21.818181818181817,809
80051403,809,80111,80100,80029,80105,80109,80101,80057,0,1807,0,17,0,30,1807,-13,-25.899280575539567,801
80051403,809,80111,80100,80091,80105,80109,80108,80101,1807,2709,17,27,30,43,902,-3,-11.973392461197339,801
80051403,809,80100,80111,80091,80105,80109,80108,80101,2709,3618,27,35,43,54,909,-3,-11.881188118811881,801
