matchId,squadId,period,badHands,badPasses,blocked,blocks,breaks,centrePassReceives,contactPenalties,defensiveRebounds,deflections,feeds,gain,goalAssists,goalAttempts,goalMisses,goals,intercepts,missedGoalTurnover,obstructionPenalties,offensiveRebounds,offsides,penalties,pickups,rebounds,tossUpWin,turnovers,possessions,pacePer60,offensiveRating,defensiveRating,netRating
80051403,801,1,0,3,0,0,0,11,17,1,4,17,0,7,14,2,12,2,0,1,1,0,18,3,2,0,7,20,79.64601769911505,60.0,47.61904761904761,12.380952380952387
80051403,801,2,0,2,0,0,0,13,6,2,3,20,0,12,19,1,18,0,0,4,0,0,10,2,2,0,5,24,95.68106312292359,75.0,38.88888888888889,36.11111111111111
80051403,801,3,0,2,0,0,0,12,18,0,1,23,0,8,16,3,13,2,0,2,0,0,20,2,0,0,5,21,83.81374722838137,61.904761904761905,50.0,11.904761904761905
80051403,801,4,0,3,0,0,0,10,7,2,4,23,0,4,15,4,11,1,0,2,1,0,9,5,3,0,7,21,83.16831683168317,52.38095238095239,44.44444444444444,7.936507936507944
80051403,809,1,1,4,0,0,0,10,8,1,0,19,0,4,13,3,10,1,0,5,0,0,13,3,1,0,8,21,83.6283185840708,47.61904761904761,60.0,-12.380952380952387
80051403,809,2,1,4,0,0,0,12,14,1,0,13,0,5,9,2,7,1,0,5,0,1,19,1,1,0,9,18,71.76079734219269,38.88888888888889,75.0,-36.11111111111111
80051403,809,3,0,2,0,0,0,12,7,1,1,19,0,7,13,3,10,2,0,6,0,1,13,1,1,0,7,20,79.82261640798227,50.0,61.904761904761905,-11.904761904761905
80051403,809,4,2,2,0,0,1,8,9,2,3,16,0,4,12,4,8,1,0,4,2,0,13,4,4,0,8,18,71.2871287128713,44.44444444444444,52.38095238095239,-7.936507936507944
