matchId,squadId,GS,GA,WA,C,WD,GD,GK,startingTime,finishTime,teamStartScore,teamEndScore,oppStartScore,oppEndScore,duration,plusMinus,plusMinusPer60,oppSquadId
95640101,806,80052,80072,80069,80574,80146,80049,80048,0,1819,0,29,0,24,1819,5,9.895547003848268,810
95640101,806,80052,80072,80475,80574,80146,80049,80048,1819,3174,29,53,24,45,1355,3,7.970479704797048,810
95640101,806,80052,80072,80475,80146,991904,80049,80048,3174,3650,53,60,45,53,476,-1,-7.563025210084033,810
95640101,810,80113,80009,80572,80152,80299,80470,80133,0,2906,0,42,0,48,2906,-6,-7.432897453544391,806
95640101,810,80113,80009,80572,80152,80299,80133,80470,2906,3650,42,53,48,60,744,-1,-4.838709677419355,806
