matchId,squadId,GS,GA,WA,C,WD,GD,GK,startingTime,finishTime,teamStartScore,teamEndScore,oppStartScore,oppEndScore,duration,plusMinus,plusMinusPer60
80280603,809,80111,80092,80572,80105,80175,80101,80057,0,3643,0,65,0,49,3643,16,15.811144660993685
80280603,810,80113,80064,80152,80299,80132,80530,80131,0,1826,0,24,0,30,1826,-6,-11.829134720700985
80280603,810,80113,80064,80473,80152,80450,80133,80530,1826,3643,24,49,30,65,1817,-10,-19.81287837094111
