matchId,squadId,GS,GA,WA,C,WD,GD,GK,startingTime,finishTime,teamStartScore,teamEndScore,oppStartScore,oppEndScore,duration,plusMinus,plusMinusPer60,oppSquadId
98181004,805,80054,80100,80700,998998,80535,1001698,80192,0,3650,0,51,0,54,3650,-3,-2.958904109589041,809
98181004,809,991906,80150,80055,994117,80701,80057,993358,0,1829,0,25,0,30,1829,-5,-9.841443411700382,805
98181004,809,80058,80150,80055,994117,80701,80057,993358,1829,3287,25,48,30,49,1458,4,9.876543209876543,805
98181004,809,80150,80058,80055,80182,80701,80057,993358,3287,3650,48,54,49,51,363,4,39.66942148760331,805
