matchId,squadId,oppSquadId,period,badHands,badPasses,blocked,blocks,breaks,centrePassReceives,contactPenalties,defensiveRebounds,deflections,feeds,gain,goalAssists,goalAttempts,goalMisses,goals,intercepts,missedGoalTurnover,obstructionPenalties,offensiveRebounds,offsides,penalties,pickups,rebounds,tossUpWin,turnovers,possessions,pacePer60,offensiveRating,defensiveRating,netRating
80120803,805,808,1,1,0,0,0,1,12,14,1,2,14,3,9,17,1,16,2,0,4,0,1,18,0,1,0,3,20,79.38257993384784,80.0,66.66666666666666,13.333333333333343
80120803,805,808,2,3,0,0,0,0,13,15,3,4,16,4,11,15,1,14,0,0,4,1,0,19,2,4,0,4,18,71.2871287128713,77.77777777777779,61.111111111111114,16.66666666666667
80120803,805,808,3,1,0,0,0,0,11,17,1,3,10,2,6,12,2,10,1,0,6,0,1,23,0,1,0,3,15,59.80066445182724,66.66666666666666,66.66666666666666,0.0
80120803,805,808,4,1,0,0,0,1,12,17,0,6,11,0,10,12,0,12,0,0,5,0,0,22,0,0,0,1,13,51.48514851485149,92.3076923076923,75.0,17.307692307692307
80120803,808,805,1,0,0,0,0,1,13,8,0,3,10,1,8,14,2,12,0,0,7,1,0,15,1,1,0,5,18,71.44432194046306,66.66666666666666,80.0,-13.333333333333343
80120803,808,805,2,2,0,0,0,0,12,4,0,2,10,3,5,15,4,11,1,0,3,0,0,7,2,0,0,3,18,71.2871287128713,61.111111111111114,77.77777777777779,-16.66666666666667
80120803,808,805,3,1,0,0,0,1,10,8,1,4,13,3,5,20,6,14,1,0,4,1,1,12,4,2,0,2,21,83.72093023255813,66.66666666666666,66.66666666666666,0.0
80120803,808,805,4,1,0,0,0,0,12,6,0,1,11,1,7,17,5,12,0,0,2,3,1,8,3,3,0,2,16,63.366336633663366,75.0,92.3076923076923,-17.307692307692307
