matchId,squadId,GS,GA,WA,C,WD,GD,GK,startingTime,finishTime,teamStartScore,teamEndScore,oppStartScore,oppEndScore,duration,plusMinus,plusMinusPer60,oppSquadId
80121302,804,80050,80293,80171,80043,80045,80294,80042,0.0,156.0,0,3,0,3,156.0,0,0.0,806
80121302,804,80050,80293,80047,80043,80045,80294,80042,156.0,2279.0,3,29,3,34,2123.0,-5,-8.478568064060292,806
80121302,804,80052,80050,80047,80045,80043,80020,80042,2279.0,2715.0,29,33,34,43,436.0,-5,-41.28440366972477,806
80121302,804,80052,80050,80047,80043,80045,80042,80020,2715.0,3622.0,33,46,43,58,907.0,-2,-7.938257993384784,806
80121302,806,80064,80157,80182,80069,80162,80068,80038,0.0,1813.0,0,25,0,25,1813.0,0,0.0,804
80121302,806,80064,80072,80313,80299,80163,80068,80038,1813.0,3622.0,25,58,25,46,1809.0,12,23.880597014925375,804
