matchId,squadId,GS,GA,WA,C,WD,GD,GK,startingTime,finishTime,teamStartScore,teamEndScore,oppStartScore,oppEndScore,duration,plusMinus,plusMinusPer60
80180701,805,80054,80100,80055,80063,80304,80192,80059,0,1838,0,26,0,28,1838,-2,-3.9173014145810665
80180701,805,80054,80100,80055,80063,80109,80192,80059,1838,2750,26,39,28,44,912,-3,-11.842105263157896
80180701,805,80054,80100,80088,80063,80109,80304,80192,2750,3676,39,52,44,61,926,-4,-15.550755939524837
80180701,807,80078,80009,80301,80081,80077,80180,80080,0,1838,0,28,0,26,1838,2,3.9173014145810665
80180701,807,80078,80009,80081,80443,80076,80180,80080,1838,3676,28,61,26,52,1838,7,13.710554951033732
