matchId,squadId,period,badHands,badPasses,blocked,blocks,breaks,centrePassReceives,contactPenalties,defensiveRebounds,deflections,feeds,gain,goalAssists,goalAttempts,goalMisses,goals,intercepts,missedGoalTurnover,obstructionPenalties,offensiveRebounds,offsides,penalties,pickups,rebounds,tossUpWin,turnovers,possessions,pacePer60,offensiveRating,defensiveRating,netRating
80180701,805,1,1,1,0,0,0,11,11,0,6,11,4,7,11,1,10,2,0,8,0,0,19,3,0,0,4,15,58.189655172413794,66.66666666666666,63.1578947368421,3.5087719298245545
80180701,805,2,1,1,0,0,0,16,22,0,2,12,2,8,19,3,16,2,0,6,2,0,28,4,2,0,3,20,79.12087912087912,80.0,84.21052631578947,-4.2105263157894655
80180701,805,3,0,3,0,0,0,15,9,0,5,11,1,7,13,0,13,0,0,3,0,0,12,3,0,0,4,17,67.10526315789474,76.47058823529412,84.21052631578947,-7.7399380804953495
80180701,805,4,0,2,0,0,0,13,9,0,5,12,1,10,14,1,13,1,0,6,0,0,15,0,0,0,2,16,62.20302375809935,81.25,89.47368421052632,-8.223684210526315
80180701,807,1,1,1,0,0,0,11,7,1,3,11,6,6,17,5,12,5,0,4,1,1,11,1,2,0,3,19,73.70689655172414,63.1578947368421,66.66666666666666,-3.5087719298245545
80180701,807,2,2,0,0,0,1,14,11,0,2,11,1,3,18,2,16,1,0,2,1,0,13,0,1,0,2,19,75.16483516483517,84.21052631578947,80.0,4.2105263157894655
80180701,807,3,1,1,0,0,0,15,11,0,4,18,1,15,17,1,16,1,0,9,0,0,20,3,0,0,2,19,75.0,84.21052631578947,76.47058823529412,7.7399380804953495
80180701,807,4,1,1,0,0,0,15,12,0,2,14,2,10,17,0,17,1,0,3,0,0,15,3,0,0,2,19,73.86609071274297,89.47368421052632,81.25,8.223684210526315
