matchId,squadId,GS,GA,WA,C,WD,GD,GK,startingTime,finishTime,teamStartScore,teamEndScore,oppStartScore,oppEndScore,duration,plusMinus,plusMinusPer60
80120501,803,80168,80058,80154,80212,80037,80024,80127,0,2431,0,28,0,49,2431,-21,-31.09831345125463
80120501,803,80168,80058,80154,80212,80024,80037,80127,2431,2465,28,28,49,49,34,0,0.0
80120501,803,80168,80030,80154,80212,80024,80037,80127,2465,2853,28,29,49,55,388,-5,-46.39175257731958
80120501,803,80168,80058,80154,80170,80212,80037,80127,2853,3777,29,40,55,75,924,-9,-35.064935064935064
80120501,801,80295,80003,80067,80014,80048,80006,80010,0,1978,0,38,0,24,1978,14,25.480283114256824
80120501,801,80295,80003,80067,80014,80006,80048,80010,1978,2853,38,55,24,29,875,12,49.37142857142857
80120501,801,80295,80003,80067,80014,80002,80006,80048,2853,3219,55,64,29,32,366,6,59.016393442622956
80120501,801,80295,80003,80067,80001,80002,80006,80048,3219,3235,64,64,32,33,16,-1,-225.0
80120501,801,80295,80165,80067,80001,80002,80006,80048,3235,3777,64,75,33,40,542,4,26.568265682656826
