matchId,squadId,GS,GA,WA,C,WD,GD,GK,startingTime,finishTime,teamStartScore,teamEndScore,oppStartScore,oppEndScore,duration,plusMinus,plusMinusPer60,oppSquadId
80180703,803,80052,80032,80154,80212,80024,80026,80099,0,1384,0,15,0,21,1384,-6,-15.606936416184972,806
80180703,803,80052,80032,80154,80170,80212,80026,80099,1384,2721,15,30,21,37,1337,-1,-2.6925953627524306,806
80180703,803,80052,80167,80154,80170,80212,80026,80099,2721,3642,30,43,37,48,921,2,7.817589576547231,806
80180703,806,80064,80072,80069,80182,80163,80006,80038,0,1816,0,24,0,21,1816,3,5.9471365638766525,803
80180703,806,80064,80072,80075,80069,80006,80068,80038,1816,2412,24,36,21,28,596,5,30.201342281879192,803
80180703,806,80064,80072,80075,80182,80006,80068,80038,2412,3642,36,48,28,43,1230,-3,-8.78048780487805,803
