matchId,squadId,GS,GA,WA,C,WD,GD,GK,startingTime,finishTime,teamStartScore,teamEndScore,oppStartScore,oppEndScore,duration,plusMinus,plusMinusPer60
98180601,807,80078,993463,992954,80833,991905,80076,80080,0,1245,0,23,0,13,1245,10,28.91566265060241
98180601,807,80078,993463,992954,1000831,991905,80076,80080,1245,1816,23,35,13,19,571,6,37.828371278458846
98180601,807,80078,1003788,992954,80833,991905,80076,80080,1816,2721,35,56,19,28,905,12,47.73480662983425
98180601,807,80078,1003788,992954,80833,991905,80080,991903,2721,3628,56,70,28,42,907,0,0.0
98180601,805,80054,80100,80700,80304,80535,80708,80192,0,1816,0,19,0,35,1816,-16,-31.718061674008812
98180601,805,1003472,80100,80700,80535,80304,80708,80192,1816,2721,19,28,35,56,905,-12,-47.73480662983425
98180601,805,1003472,80100,80700,80535,1001698,80192,80305,2721,3628,28,42,56,70,907,0,0.0
