matchId,squadId,GS,GA,WA,C,WD,GD,GK,startingTime,finishTime,teamStartScore,teamEndScore,oppStartScore,oppEndScore,duration,plusMinus,plusMinusPer60
98181102,806,80052,80072,80574,80105,991904,1003784,80048,0,2128,0,33,0,34,2128,-1,-1.6917293233082706
98181102,806,80052,80072,80475,80574,80105,1003784,80048,2128,3636,33,57,34,58,1508,0,0.0
98181102,810,80113,80009,80473,80152,80299,80470,80133,0,3636,0,58,0,57,3636,1,0.9900990099009901
