matchId,squadId,GS,GA,WA,C,WD,GD,GK,startingTime,finishTime,teamStartScore,teamEndScore,oppStartScore,oppEndScore,duration,plusMinus,plusMinusPer60
80051005,810,80113,80130,80041,80152,80132,80044,80131,0,3624,0,59,0,48,3624,11,10.927152317880795
80051005,808,80093,80156,80141,80094,80096,80061,80090,0,1499,0,24,0,27,1499,-3,-7.204803202134757
80051005,808,80093,80156,80141,80094,80096,80099,80090,1499,1812,24,26,27,33,313,-4,-46.00638977635783
80051005,808,80093,80156,80141,80094,80096,80099,80098,1812,3458,26,46,33,55,1646,-2,-4.374240583232078
80051005,808,80092,80156,80141,80094,80096,80099,80098,3458,3624,46,48,55,59,166,-2,-43.373493975903614
