matchId,squadId,GS,GA,WA,C,WD,GD,GK,startingTime,finishTime,teamStartScore,teamEndScore,oppStartScore,oppEndScore,duration,plusMinus,plusMinusPer60,oppSquadId
103931203,804,80540,80293,994224,991901,80045,80577,1001920,0,1711,0,26,0,31,1711,-5,-10.520163646990063,8118
103931203,804,80540,1001712,994224,991901,80045,80577,1001920,1711,1806,26,27,31,33,95,-1,-37.89473684210527,8118
103931203,804,80540,80293,994224,991901,80045,80577,1001920,1806,3618,27,58,33,60,1812,4,7.9470198675496695,8118
103931203,8118,80072,80150,80069,80535,80701,80068,991899,0,2328,0,40,0,37,2328,3,4.639175257731959,804
103931203,8118,80072,80150,80069,80535,80701,80068,993358,2328,3047,40,50,37,49,719,-2,-10.013908205841448,804
103931203,8118,80072,80150,80069,80535,80701,80068,991899,3047,3618,50,60,49,58,571,1,6.304728546409807,804
