matchId,squadId,GS,GA,WA,C,WD,GD,GK,startingTime,finishTime,teamStartScore,teamEndScore,oppStartScore,oppEndScore,duration,plusMinus,plusMinusPer60,oppSquadId
129490304,810,80078,1007298,994215,1022296,998408,1014234,1001920,0,3249,0,62,0,46,3249,16,17.72853185595568,8118
129490304,810,80078,1007298,994215,1022296,998408,1014234,1029541,3249,3600,62,69,46,50,351,3,30.769230769230774,8118
129490304,8118,1022294,1019169,1034275,80776,1022764,1028096,80225,0,1119,0,11,0,22,1119,-11,-35.3887399463807,810
129490304,8118,1013629,1019169,1034275,80776,1022764,1028096,80225,1119,1499,11,16,22,30,380,-3,-28.421052631578952,810
129490304,8118,1013629,1019169,1034275,1022764,1011747,80225,1028096,1499,2127,16,23,30,41,628,-4,-22.929936305732483,810
129490304,8118,1013629,1019169,80776,1022764,1011747,80225,1028096,2127,2216,23,23,41,44,89,-3,-121.34831460674155,810
129490304,8118,1013629,1019169,80776,1001707,1022764,1011747,80225,2216,3600,23,50,44,69,1384,2,5.202312138728324,810
