matchId,squadId,GS,GA,WA,C,WD,GD,GK,startingTime,finishTime,teamStartScore,teamEndScore,oppStartScore,oppEndScore,duration,plusMinus,plusMinusPer60,oppSquadId
80180502,809,80111,80092,80091,80105,80184,80108,80101,0,3634,0,46,0,47,3634,-1,-0.9906439185470556,805
80180502,805,80054,80088,80055,80063,80304,80192,80059,0,910,0,9,0,12,910,-3,-11.868131868131869,809
80180502,805,80054,80100,80055,80063,80304,80192,80059,910,3634,9,47,12,46,2724,4,5.286343612334802,809
