matchId,squadId,oppSquadId,period,badHands,badPasses,blocked,blocks,breaks,centrePassReceives,contactPenalties,defensiveRebounds,deflections,feeds,gain,goalAssists,goalAttempts,goalMisses,goals,intercepts,missedGoalTurnover,obstructionPenalties,offensiveRebounds,offsides,penalties,pickups,rebounds,tossUpWin,turnovers,possessions,pacePer60,offensiveRating,defensiveRating,netRating
80180502,805,809,1,1,1,0,0,0,10,15,2,1,11,4,5,11,2,9,2,0,4,1,0,19,2,3,0,6,16,63.2967032967033,56.25,63.1578947368421,-6.907894736842103
80180502,805,809,2,1,1,0,1,0,12,18,1,2,17,4,8,14,2,12,2,0,3,1,1,21,1,2,0,5,18,71.36563876651982,66.66666666666666,58.82352941176471,7.843137254901947
80180502,805,809,3,0,3,0,1,0,12,25,1,5,15,4,10,14,2,12,1,0,1,0,0,26,3,1,0,4,18,71.20879120879121,66.66666666666666,76.47058823529412,-9.803921568627459
80180502,805,809,4,0,0,0,0,0,12,26,1,3,14,4,11,15,1,14,2,0,2,0,1,28,2,1,0,3,18,71.52317880794702,77.77777777777779,78.57142857142857,-0.7936507936507837
80180502,809,805,1,0,2,0,0,1,10,14,1,9,15,4,6,16,4,12,0,0,2,2,0,16,2,3,0,5,19,75.16483516483517,63.1578947368421,56.25,6.907894736842103
80180502,809,805,2,0,1,1,0,0,9,9,1,3,13,3,5,15,5,10,2,0,6,2,0,15,1,3,0,4,17,67.40088105726872,58.82352941176471,66.66666666666666,-7.843137254901947
80180502,809,805,3,0,1,1,0,0,10,9,2,4,12,2,5,16,3,13,0,0,3,1,0,12,1,3,0,2,17,67.25274725274726,76.47058823529412,66.66666666666666,9.803921568627459
80180502,809,805,4,0,0,0,0,0,11,7,0,3,13,2,5,15,4,11,2,0,2,2,1,9,2,2,0,1,14,55.629139072847686,78.57142857142857,77.77777777777779,0.7936507936507837
