matchId,squadId,GS,GA,WA,C,WD,GD,GK,startingTime,finishTime,teamStartScore,teamEndScore,oppStartScore,oppEndScore,duration,plusMinus,plusMinusPer60
95631301,808,80826,80287,80477,80424,80095,80582,80225,0.0,1676.0,0,31,0,28,1676.0,3,6.443914081145586
95631301,808,80826,80287,80477,80424,80095,80582,80478,1676.0,1871.0,31,33,28,32,195.0,-2,-36.92307692307692
95631301,808,80826,80469,80477,80424,80095,80478,80582,1871.0,2791.0,33,46,32,50,920.0,-5,-19.565217391304348
95631301,808,80826,80287,80477,80424,80095,80582,80478,2791.0,3712.0,46,61,50,63,921.0,2,7.817589576547231
95631301,805,80054,80100,80154,80105,80535,80304,80305,0.0,881.0,0,12,0,16,881.0,-4,-16.34506242905789
95631301,805,80054,80100,80154,80105,80535,80304,80604,881.0,963.0,12,12,16,18,82.0,-2,-87.80487804878048
95631301,805,80054,80100,80154,80105,80535,80304,80305,963.0,2791.0,12,50,18,46,1828.0,10,19.693654266958426
95631301,805,80054,80100,80154,80105,80535,80479,80305,2791.0,3073.0,50,52,46,52,282.0,-4,-51.06382978723404
95631301,805,80054,80100,80154,80105,80535,80604,80305,3073.0,3712.0,52,63,52,61,639.0,2,11.267605633802816
