matchId,squadId,GS,GA,WA,C,WD,GD,GK,startingTime,finishTime,teamStartScore,teamEndScore,oppStartScore,oppEndScore,duration,plusMinus,plusMinusPer60,oppSquadId
103930602,8117,80113,80475,80575,80296,998401,80559,80010,0,3622,0,64,0,56,3622,8,7.951408061844285,804
103930602,804,80540,80293,994224,991901,80045,80577,994213,0,2542,0,42,0,43,2542,-1,-1.4162077104642015,8117
103930602,804,80540,80293,994224,991901,80045,80577,1001920,2542,2719,42,43,43,48,177,-4,-81.35593220338983,8117
103930602,804,80293,80540,994224,991901,80045,80577,1001920,2719,3044,43,47,48,54,325,-2,-22.153846153846153,8117
103930602,804,80540,80293,994224,991901,80045,80577,994213,3044,3262,47,50,54,57,218,0,0.0,8117
103930602,804,80540,1001712,994224,991901,80045,80577,994213,3262,3622,50,56,57,64,360,-1,-10.0,8117
