matchId,squadId,period,badHands,badPasses,blocked,blocks,breaks,centrePassReceives,contactPenalties,defensiveRebounds,deflections,feeds,gain,goalAssists,goalAttempts,goalMisses,goals,intercepts,missedGoalTurnover,obstructionPenalties,offensiveRebounds,offsides,penalties,pickups,rebounds,tossUpWin,turnovers,possessions,pacePer60,offensiveRating,defensiveRating,netRating
80360101,801,1,1,2,0,0,0,10,12,1,6,19,6,9,17,5,12,2,0,1,2,1,13,4,3,0,7,22,87.51381215469614,54.54545454545454,53.333333333333336,1.212121212121204
80360101,801,2,2,0,0,0,0,7,17,2,4,11,3,5,8,0,8,1,0,5,0,0,22,0,2,0,4,12,47.42041712403952,66.66666666666666,61.904761904761905,4.761904761904752
80360101,801,3,1,0,0,0,0,11,13,0,3,21,2,7,14,3,11,2,0,3,0,0,16,2,0,0,4,18,68.86291179596174,61.111111111111114,52.94117647058824,8.169934640522875
80360101,801,4,0,0,0,0,0,14,7,0,6,27,3,12,21,3,18,1,0,4,1,0,11,4,1,0,2,22,86.93743139407245,81.81818181818183,56.25,25.568181818181827
80360101,804,1,1,0,0,0,0,9,14,2,5,15,3,7,10,2,8,0,0,2,0,1,16,4,2,0,5,15,59.668508287292816,53.333333333333336,54.54545454545454,-1.212121212121204
80360101,804,2,2,0,0,0,1,10,14,0,3,22,5,10,15,2,13,4,0,3,0,1,17,3,0,0,6,21,82.98572996706915,61.904761904761905,66.66666666666666,-4.761904761904752
80360101,804,3,2,1,0,0,2,8,15,2,5,12,5,4,11,2,9,3,0,3,0,0,18,2,2,0,6,17,65.03719447396386,52.94117647058824,61.111111111111114,-8.169934640522875
80360101,804,4,2,2,0,0,0,11,10,1,3,12,2,6,11,2,9,0,0,11,1,0,21,4,2,0,6,16,63.22722283205269,56.25,81.81818181818183,-25.568181818181827
