matchId,squadId,GS,GA,WA,C,WD,GD,GK,startingTime,finishTime,teamStartScore,teamEndScore,oppStartScore,oppEndScore,duration,plusMinus,plusMinusPer60
90841304,808,80287,80019,80424,80021,80095,80059,80478,0.0,725.0,0,13,0,14,725.0,-1,-4.9655172413793105
90841304,808,80287,80019,80424,80021,80095,80059,80478,725.0,914.0,13,15,14,20,189.0,-4,-76.19047619047619
90841304,808,80287,80019,80424,80021,80095,80059,80478,914.0,3657.0,15,64,20,60,2743.0,9,11.811884797666789
90841304,802,80540,80028,80107,80146,80223,80160,80524,0.0,1836.0,0,31,0,33,1836.0,-2,-3.9215686274509802
90841304,802,80540,80028,80107,80146,80223,80160,80524,1836.0,3657.0,31,60,33,64,1821.0,-2,-3.9538714991762767
