matchId,squadId,GS,GA,WA,C,WD,GD,GK,startingTime,finishTime,teamStartScore,teamEndScore,oppStartScore,oppEndScore,duration,plusMinus,plusMinusPer60,oppSquadId
113911301,807,80078,993463,1004472,80833,991905,1007219,1005495,0,1313,0,19,0,25,1313,-6,-16.450875856816452,8119
113911301,807,993463,1007306,1004472,80833,1016035,1007219,1005495,1313,2566,19,39,25,49,1253,-4,-11.492418196328812,8119
113911301,807,993463,1007306,1004472,80833,1015274,1007219,1005495,2566,2700,39,41,49,51,134,0,0.0,8119
113911301,807,80078,993463,1004472,80833,1015274,1007219,1005495,2700,3600,41,59,51,66,900,3,12.0,8119
113911301,8119,1010545,1014126,80575,1004473,80299,1011747,80010,0,1066,0,20,0,16,1066,4,13.50844277673546,807
113911301,8119,1010545,1001872,80575,1004473,80299,1011747,80010,1066,1313,20,25,16,19,247,2,29.149797570850204,807
113911301,8119,1010545,1014126,80575,1004473,80299,1011747,80010,1313,2163,25,40,19,33,850,1,4.235294117647059,807
113911301,8119,1010545,1014126,80575,1004473,80299,1001716,80010,2163,2602,40,49,33,41,439,1,8.200455580865604,807
113911301,8119,1010545,1014126,80575,1004473,80299,1011747,80010,2602,3600,49,66,41,59,998,-1,-3.6072144288577155,807
