matchId,squadId,GS,GA,WA,C,WD,GD,GK,startingTime,finishTime,teamStartScore,teamEndScore,oppStartScore,oppEndScore,duration,plusMinus,plusMinusPer60,oppSquadId
120450502,801,1006558,1007306,1015271,1020223,1019205,1007301,80830,0,2175,0,32,0,30,2175,2,3.310344827586207,804
120450502,801,1006558,1007306,1015271,999806,1019205,1007301,80830,2175,3476,32,57,30,48,1301,7,19.369715603382016,804
120450502,801,1006558,1015271,1016033,999806,1019205,1007301,80830,3476,3600,57,61,48,50,124,2,58.06451612903225,804
120450502,804,80540,1001708,994224,991901,1001701,80577,994213,0,2700,0,38,0,44,2700,-6,-8.0,801
120450502,804,80540,1001708,994224,1022297,1001701,80577,994213,2700,3121,38,43,44,53,421,-4,-34.204275534441805,801
120450502,804,80540,1001708,1022297,994224,1001701,80577,994213,3121,3600,43,50,53,61,479,-1,-7.515657620041754,801
