matchId,squadId,GS,GA,WA,C,WD,GD,GK,startingTime,finishTime,teamStartScore,teamEndScore,oppStartScore,oppEndScore,duration,plusMinus,plusMinusPer60,oppSquadId
100830403,8117,80113,80475,80575,80105,80559,80393,80010,0,1806,0,29,0,25,1806,4,7.973421926910299,8118
100830403,8117,80113,1001357,80575,80105,998401,80559,80010,1806,2632,29,38,25,40,826,-6,-26.1501210653753,8118
100830403,8117,80113,1001357,80575,80296,80105,80559,80010,2632,3107,38,45,40,50,475,-3,-22.736842105263158,8118
100830403,8117,80113,1001357,80575,80296,80105,80393,80010,3107,3621,45,54,50,55,514,4,28.01556420233463,8118
100830403,8118,80150,80072,80069,80535,80701,80068,991899,0,1806,0,25,0,29,1806,-4,-7.973421926910299,8117
100830403,8118,999823,80072,80069,80535,80701,80068,991899,1806,3621,25,55,29,54,1815,5,9.917355371900827,8117
