matchId,squadId,period,badHands,badPasses,blocked,blocks,breaks,centrePassReceives,contactPenalties,defensiveRebounds,deflections,feeds,gain,goalAssists,goalAttempts,goalMisses,goals,intercepts,missedGoalTurnover,obstructionPenalties,offensiveRebounds,offsides,penalties,pickups,rebounds,tossUpWin,turnovers,possessions,pacePer60,offensiveRating,defensiveRating,netRating
80350901,808,1,1,2,0,0,0,14,4,2,3,14,3,12,17,1,16,0,0,9,0,0,14,2,2,0,6,23,87.89808917197452,69.56521739130434,75.0,-5.434782608695656
80350901,808,2,0,0,0,0,0,16,9,1,1,24,1,19,22,0,22,0,0,0,0,0,9,2,1,0,0,22,87.22466960352423,100.0,55.00000000000001,44.99999999999999
80350901,808,3,2,0,0,0,0,13,8,1,4,17,3,7,14,2,12,0,0,5,1,1,13,2,2,0,4,17,66.44951140065146,70.58823529411765,70.0,0.5882352941176521
80350901,808,4,1,0,0,0,0,12,13,0,2,16,0,13,17,2,15,0,0,3,0,2,16,1,0,0,3,20,78.09110629067246,75.0,75.0,0.0
80350901,809,1,2,0,0,0,2,17,12,1,1,15,1,11,20,2,18,0,0,7,0,2,20,1,1,0,4,24,91.71974522292993,75.0,69.56521739130434,5.434782608695656
80350901,809,2,1,2,0,0,0,15,13,0,3,13,1,7,14,3,11,1,0,2,0,0,15,0,0,0,6,20,79.29515418502203,55.00000000000001,100.0,-44.99999999999999
80350901,809,3,0,0,0,0,1,12,13,0,1,18,3,8,18,4,14,2,0,6,0,0,19,2,0,0,2,20,78.17589576547232,70.0,70.58823529411765,-0.5882352941176521
80350901,809,4,1,0,0,0,1,11,7,0,5,12,1,12,15,0,15,1,0,2,0,0,11,1,0,0,5,20,78.09110629067246,75.0,75.0,0.0
