matchId,squadId,GS,GA,WA,C,WD,GD,GK,startingTime,finishTime,teamStartScore,teamEndScore,oppStartScore,oppEndScore,duration,plusMinus,plusMinusPer60,oppSquadId
100831401,806,1001944,1001557,80574,80439,991904,1003784,998404,0,1527,0,22,0,29,1527,-7,-16.50294695481336,807
100831401,806,1001944,1001557,1001702,80574,991904,1003784,998404,1527,1811,22,27,29,33,284,1,12.676056338028168,807
100831401,806,1001944,1007303,1001702,80574,991904,1003784,998404,1811,2399,27,34,33,43,588,-3,-18.36734693877551,807
100831401,806,1001944,1007303,1001702,80574,991904,1007218,998404,2399,3622,34,48,43,67,1223,-10,-29.435813573180702,807
100831401,807,80078,993463,992954,80552,991905,80440,991903,0,3622,0,67,0,48,3622,19,18.884594146880175,806
