matchId,squadId,GS,GA,WA,C,WD,GD,GK,startingTime,finishTime,teamStartScore,teamEndScore,oppStartScore,oppEndScore,duration,plusMinus,plusMinusPer60
80280104,808,80156,80019,80182,80424,80021,80061,80020,0,1816,0,25,0,20,1816,5,9.911894273127754
80280104,808,80019,80156,80182,80424,80021,80061,80020,1816,2737,25,34,20,35,921,-6,-23.452768729641694
80280104,808,80019,80156,80182,80021,80223,80020,80478,2737,3645,34,49,35,42,908,8,31.718061674008812
80280104,809,80111,-99999,80091,80105,80572,80101,80057,0,908,0,9,0,13,908,-4,-15.859030837004406
80280104,809,80111,80092,80091,80105,80572,80101,80057,908,1380,9,11,13,22,472,-7,-53.389830508474574
80280104,809,80111,80092,80105,80572,80305,80101,80057,1380,2476,11,29,22,33,1096,7,22.99270072992701
80280104,809,80111,80092,80091,80572,80305,80101,80057,2476,2541,29,31,33,33,65,2,110.76923076923077
80280104,809,80111,80092,80091,80105,80305,80101,80057,2541,3236,31,38,33,42,695,-2,-10.359712230215827
80280104,809,80111,80092,80091,80105,80572,80101,80057,3236,3645,38,42,42,49,409,-3,-26.405867970660147
