matchId,squadId,GS,GA,WA,C,WD,GD,GK,startingTime,finishTime,teamStartScore,teamEndScore,oppStartScore,oppEndScore,duration,plusMinus,plusMinusPer60,oppSquadId
120450302,8117,1001357,80475,1022293,80296,1000831,80559,1001920,0,900,0,12,0,16,900,-4,-16.0,801
120450302,8117,1001357,80475,1022293,1000831,80452,80559,1001920,900,1666,12,22,16,29,766,-3,-14.099216710182766,801
120450302,8117,1001357,80475,1022293,1000831,80452,1025020,1001920,1666,1800,22,22,29,35,134,-6,-161.19402985074626,801
120450302,8117,1001357,80475,80296,1000831,80452,80559,1001920,1800,2321,22,28,35,46,521,-5,-34.5489443378119,801
120450302,8117,80475,1001357,80296,1000831,80452,80559,1001920,2321,2700,28,33,46,50,379,1,9.49868073878628,801
120450302,8117,1025019,1001357,80475,80296,1000831,80559,1001920,2700,3239,33,38,50,59,539,-4,-26.71614100185529,801
120450302,8117,1025019,1001357,80475,80296,1000831,80559,1025020,3239,3600,38,42,59,66,361,-3,-29.91689750692521,801
120450302,801,1006558,1007306,1015271,1020223,1019205,1007301,80830,0,3600,0,66,0,42,3600,24,24.0,8117
