matchId,squadId,oppSquadId,period,badHands,badPasses,blocked,blocks,breaks,centrePassReceives,contactPenalties,defensiveRebounds,deflections,feeds,gain,goalAssists,goalAttempts,goalMisses,goals,intercepts,missedGoalTurnover,obstructionPenalties,offensiveRebounds,offsides,penalties,pickups,rebounds,tossUpWin,turnovers,possessions,pacePer60,offensiveRating,defensiveRating,netRating
80280602,805,807,1,0,1,0,0,0,14,12,0,4,20,2,9,15,1,14,2,0,1,0,1,13,2,0,0,5,20,79.64601769911505,70.0,77.77777777777779,-7.777777777777786
80280602,805,807,2,3,2,0,0,0,11,14,0,3,18,3,4,9,2,7,1,0,4,1,1,18,2,1,0,7,15,60.13363028953229,46.666666666666664,90.0,-43.333333333333336
80280602,805,807,3,1,1,0,2,0,9,17,1,7,18,3,2,14,6,8,1,0,3,2,0,21,2,3,0,5,17,67.10526315789474,47.05882352941176,65.0,-17.94117647058824
80280602,805,807,4,0,1,0,0,0,12,12,0,6,22,3,10,14,0,14,1,0,3,0,0,15,4,0,0,5,19,75.58011049723757,73.68421052631578,57.89473684210527,15.789473684210513
80280602,807,805,1,2,1,0,0,0,13,14,1,1,20,2,10,15,1,14,1,0,4,0,0,18,0,1,0,3,18,71.68141592920354,77.77777777777779,70.0,7.777777777777786
80280602,807,805,2,1,0,0,0,0,13,11,0,3,22,4,11,20,2,18,2,0,3,2,1,14,3,2,0,2,20,80.17817371937639,90.0,46.666666666666664,43.333333333333336
80280602,807,805,3,1,0,2,0,0,10,17,2,0,26,2,6,20,7,13,0,0,3,2,0,20,4,4,0,2,20,78.94736842105263,65.0,47.05882352941176,17.94117647058824
80280602,807,805,4,1,2,0,0,0,13,12,0,5,25,2,6,16,5,11,1,0,2,2,1,14,3,2,0,5,19,75.58011049723757,57.89473684210527,73.68421052631578,-15.789473684210513
