matchId,squadId,GS,GA,WA,C,WD,GD,GK,startingTime,finishTime,teamStartScore,teamEndScore,oppStartScore,oppEndScore,duration,plusMinus,plusMinusPer60,oppSquadId
103931302,807,80078,993463,992954,1000831,991905,1007219,80080,0,1834,0,33,0,27,1834,6,11.77753544165758,801
103931302,807,80078,993463,992954,1000831,991905,1006231,80080,1834,3624,33,67,27,46,1790,15,30.16759776536313,801
103931302,801,1010545,80301,80558,999806,994232,80057,80440,0,2728,0,36,0,51,2728,-15,-19.794721407624632,807
103931302,801,80054,1004465,80558,993702,994232,80057,80440,2728,3624,36,46,51,67,896,-6,-24.107142857142854,807
