matchId,squadId,GS,GA,WA,C,WD,GD,GK,startingTime,finishTime,teamStartScore,teamEndScore,oppStartScore,oppEndScore,duration,plusMinus,plusMinusPer60
90840502,807,80078,80157,80473,80833,991905,80076,80080,0,1832,0,30,0,26,1832,4,7.860262008733624
90840502,807,80078,80444,80473,80833,991905,80020,80080,1832,3193,30,50,26,44,1361,2,5.290227773695812
90840502,807,80078,80157,80473,80833,991905,80076,80080,3193,3638,50,58,44,50,445,2,16.179775280898877
90840502,805,80054,80100,80198,80105,80192,80049,80604,0,2319,0,31,0,39,2319,-8,-12.419146183699871
90840502,805,80054,80100,80198,80105,80192,80049,80604,2319,2737,31,35,39,46,418,-3,-25.83732057416268
90840502,805,80054,80100,80198,80105,80192,80049,80604,2737,3638,35,50,46,58,901,3,11.986681465038846
