matchId,squadId,GS,GA,WA,C,WD,GD,GK,startingTime,finishTime,teamStartScore,teamEndScore,oppStartScore,oppEndScore,duration,plusMinus,plusMinusPer60,oppSquadId
80121001,803,80168,80058,80154,80170,80037,80127,80099,0,2320,0,30,0,25,2320,5,7.758620689655173,802
80121001,803,80168,80058,80154,80170,80037,80024,80099,2320,2723,30,32,25,29,403,-2,-17.866004962779154,802
80121001,803,80167,80058,80154,80170,80037,80127,80099,2723,3420,32,43,29,40,697,0,0.0,802
80121001,803,80168,80058,80154,80170,80037,80127,80099,3420,3637,43,45,40,43,217,-1,-16.589861751152075,802
80121001,802,80028,80158,80021,80018,80035,80026,80023,0,912,0,7,0,12,912,-5,-19.736842105263158,803
80121001,802,80028,80158,80018,80021,80035,80026,80023,912,1201,7,9,12,15,289,-1,-12.456747404844291,803
80121001,802,80022,80028,80018,80021,80035,80026,80023,1201,3393,9,39,15,43,2192,2,3.2846715328467155,803
80121001,802,80022,80028,80018,80221,80035,80026,80023,3393,3637,39,43,43,45,244,2,29.508196721311478,803
