matchId,squadId,GS,GA,WA,C,WD,GD,GK,startingTime,finishTime,teamStartScore,teamEndScore,oppStartScore,oppEndScore,duration,plusMinus,plusMinusPer60
100830103,807,80078,993463,992954,1004463,991905,80440,991903,0,1418,0,19,0,22,1418,-3,-7.6163610719323
100830103,807,80078,993463,1007220,992954,991905,1007219,991903,1418,3246,19,49,22,51,1828,1,1.9693654266958425
100830103,807,80078,993463,1007220,992954,991905,80440,991903,3246,3658,49,56,51,56,412,2,17.475728155339805
100830103,8117,80113,1001357,80296,80105,998401,80393,80010,0,3428,0,53,0,53,3428,0,0.0
100830103,8117,80113,1001357,80296,80105,998401,80559,80010,3428,3658,53,56,53,56,230,0,0.0
