matchId,squadId,GS,GA,WA,C,WD,GD,GK,startingTime,finishTime,teamStartScore,teamEndScore,oppStartScore,oppEndScore,duration,plusMinus,plusMinusPer60,oppSquadId
90840703,805,80054,80100,80063,80105,80108,80049,80604,0,909,0,14,0,20,909,-6,-23.762376237623762,802
90840703,805,80054,80100,80063,80105,80049,80192,80604,909,1313,14,23,20,25,404,4,35.64356435643565,802
90840703,805,80054,80100,80063,80105,80049,80192,80604,1313,3435,23,60,25,59,2122,3,5.089538171536287,802
90840703,805,80054,80100,80063,80105,80108,80049,80604,3435,3637,60,65,59,62,202,2,35.64356435643565,802
90840703,802,80540,80028,80107,80146,80223,80524,80225,0,1621,0,27,0,31,1621,-4,-8.883405305367058,805
90840703,802,80540,80028,80107,80146,80223,80524,80225,1621,3637,27,62,31,65,2016,1,1.7857142857142856,805
