matchId,squadId,GS,GA,WA,C,WD,GD,GK,startingTime,finishTime,teamStartScore,teamEndScore,oppStartScore,oppEndScore,duration,plusMinus,plusMinusPer60,oppSquadId
107241001,807,1001865,993463,992954,80552,991905,1007219,1006231,0,905,0,13,0,18,905,-5,-19.88950276243094,8117
107241001,807,80078,993463,992954,80552,991905,1007219,1006231,905,1815,13,29,18,36,910,-2,-7.912087912087912,8117
107241001,807,80078,993463,1007220,80552,991905,1007219,991903,1815,3174,29,51,36,60,1359,-2,-5.298013245033113,8117
107241001,807,80078,993463,1007220,1015274,991905,1007219,991903,3174,3642,51,64,60,66,468,7,53.84615384615385,8117
107241001,8117,1001357,80475,80296,80105,998401,80559,999135,0,3174,0,60,0,51,3174,9,10.207939508506616,807
107241001,8117,1014128,80475,80296,80105,998401,80559,999135,3174,3642,60,66,51,64,468,-7,-53.84615384615385,807
