matchId,squadId,GS,GA,WA,C,WD,GD,GK,startingTime,finishTime,teamStartScore,teamEndScore,oppStartScore,oppEndScore,duration,plusMinus,plusMinusPer60,oppSquadId
116651204,8118,80150,1019169,995217,80701,1001356,80470,1013638,0.0,3600.0,0,59,0,50,3600.0,9,9.0,801
116651204,801,1022294,1007306,1016033,1020223,1019205,1007301,80830,0.0,598.0,0,4,0,11,598.0,-7,-42.14046822742475,8118
116651204,801,1022294,1007306,1019168,1020223,1019205,1007301,80830,598.0,1002.0,4,7,11,21,404.0,-7,-62.37623762376238,8118
116651204,801,1022294,1007306,1019168,1020223,999806,1007301,80830,1002.0,1054.0,7,7,21,22,52.0,-1,-69.23076923076923,8118
116651204,801,1022294,1007306,1019168,1020223,999806,1019205,80830,1054.0,3600.0,7,50,22,59,2546.0,6,8.483896307934016,8118
