matchId,squadId,GS,GA,WA,C,WD,GD,GK,startingTime,finishTime,teamStartScore,teamEndScore,oppStartScore,oppEndScore,duration,plusMinus,plusMinusPer60
100830301,810,80003,80009,993360,80473,80452,80534,80343,0,907,0,9,0,18,907,-9,-35.72216097023153
100830301,810,995218,80009,993360,80473,80452,80534,80343,907,1828,9,18,18,34,921,-7,-27.361563517915307
100830301,810,995218,80009,998408,80473,80452,80534,80343,1828,3688,18,47,34,60,1860,3,5.806451612903226
100830301,807,80078,993463,992954,80552,991905,80440,991903,0,3688,0,60,0,47,3688,13,12.689804772234273
