matchId,squadId,GS,GA,WA,C,WD,GD,GK,startingTime,finishTime,teamStartScore,teamEndScore,oppStartScore,oppEndScore,duration,plusMinus,plusMinusPer60,oppSquadId
113920201,8118,80150,1019169,995217,80701,1001356,80470,991899,0,3600,0,64,0,61,3600,3,3.0,810
113920201,810,80826,994215,80473,998408,80534,1014130,80343,0,1144,0,16,0,22,1144,-6,-18.881118881118883,8118
113920201,810,80826,1007298,80473,998408,80534,1014130,80343,1144,1392,16,19,22,27,248,-2,-29.032258064516125,8118
113920201,810,80826,1007298,1000231,998408,80534,1014130,80343,1392,1800,19,27,27,35,408,0,0.0,8118
113920201,810,80826,1007298,1000231,80473,998408,80534,80343,1800,2087,27,29,35,40,287,-3,-37.63066202090592,8118
113920201,810,80826,994215,1000231,80473,998408,80534,80343,2087,2369,29,34,40,47,282,-2,-25.53191489361702,8118
113920201,810,80826,994215,1000231,80473,998408,1014130,80343,2369,3600,34,61,47,64,1231,10,29.24451665312754,8118
