matchId,squadId,oppSquadId,period,badHands,badPasses,blocked,blocks,breaks,centrePassReceives,contactPenalties,defensiveRebounds,deflections,feeds,gain,goalAssists,goalAttempts,goalMisses,goals,intercepts,missedGoalTurnover,obstructionPenalties,offensiveRebounds,offsides,penalties,pickups,rebounds,tossUpWin,turnovers,possessions,pacePer60,offensiveRating,defensiveRating,netRating
80351003,803,810,1,3,0,0,0,1,11,8,0,4,12,3,6,13,2,11,1,0,3,1,1,11,0,1,0,3,15,59.08096280087528,73.33333333333333,72.22222222222221,1.1111111111111143
80351003,803,810,2,0,2,0,0,0,14,11,0,2,13,1,6,16,2,14,0,0,1,1,1,12,2,1,0,5,20,79.47019867549669,70.0,73.68421052631578,-3.6842105263157805
80351003,803,810,3,0,0,0,0,0,14,12,0,3,10,1,8,15,0,15,1,0,3,0,0,15,1,0,0,2,17,67.32673267326733,88.23529411764706,76.47058823529412,11.764705882352942
80351003,803,810,4,0,0,0,0,0,8,11,0,1,12,3,6,14,1,13,3,0,3,0,0,15,2,0,0,3,17,65.73576799140709,76.47058823529412,75.0,1.470588235294116
80351003,810,803,1,0,1,0,0,0,12,14,0,2,13,3,9,16,3,13,3,0,6,2,2,22,2,2,0,4,18,70.89715536105032,72.22222222222221,73.33333333333333,-1.1111111111111143
80351003,810,803,2,1,1,0,0,0,13,15,1,5,9,3,9,14,0,14,1,0,7,0,0,22,1,1,0,5,19,75.49668874172185,73.68421052631578,70.0,3.6842105263157805
80351003,810,803,3,2,0,0,0,0,10,20,0,3,12,1,9,13,0,13,1,0,4,0,1,24,1,0,0,4,17,67.32673267326733,76.47058823529412,88.23529411764706,-11.764705882352942
80351003,810,803,4,1,1,0,0,3,10,12,1,6,8,4,6,12,0,12,1,0,8,0,3,22,3,1,0,4,16,61.86895810955961,75.0,76.47058823529412,-1.470588235294116
