matchId,squadId,GS,GA,WA,C,WD,GD,GK,startingTime,finishTime,teamStartScore,teamEndScore,oppStartScore,oppEndScore,duration,plusMinus,plusMinusPer60
80351003,803,80052,80156,80094,80154,80109,80098,80099,0,3660,0,53,0,52,3660,1,0.9836065573770492
80351003,810,80113,80064,80473,80152,80299,80133,80530,0,1356,0,20,0,18,1356,2,5.309734513274336
80351003,810,80113,80064,80152,80473,80299,80343,80530,1356,2307,20,35,18,34,951,-1,-3.7854889589905363
80351003,810,80113,80003,80152,80473,80299,80450,80530,2307,2729,35,40,34,40,422,-1,-8.530805687203792
80351003,810,80113,80064,80473,80152,80299,80450,80530,2729,3198,40,46,40,50,469,-4,-30.70362473347548
80351003,810,80113,80064,80473,80299,80132,80450,80530,3198,3660,46,52,50,53,462,3,23.376623376623378
