matchId,squadId,GS,GA,WA,C,WD,GD,GK,startingTime,finishTime,teamStartScore,teamEndScore,oppStartScore,oppEndScore,duration,plusMinus,plusMinusPer60,oppSquadId
80060201,809,80100,80111,80029,80105,80109,80108,80101,0,2004,0,19,0,28,2004,-9,-16.167664670658684,801
80060201,809,80111,80100,80029,80105,80109,80108,80101,2004,3655,19,37,28,51,1651,-5,-10.902483343428226,801
80060201,801,80003,80009,80001,80014,80173,80006,80010,0,3391,0,48,0,31,3391,17,18.047773518136246,809
80060201,801,80003,80168,80139,80014,80012,80002,80010,3391,3394,48,48,31,31,3,0,0.0,809
80060201,801,80003,80168,80139,80139,80012,80002,80010,3394,3655,48,51,31,37,261,-3,-41.37931034482759,809
