matchId,squadId,GS,GA,WA,C,WD,GD,GK,startingTime,finishTime,teamStartScore,teamEndScore,oppStartScore,oppEndScore,duration,plusMinus,plusMinusPer60
80290101,804,80570,80293,80171,80041,80049,80042,80010,0,1817,0,24,0,29,1817,-5,-9.906439185470555
80290101,804,80570,80293,80171,80041,80049,80042,80010,1817,3632,24,56,29,50,1815,11,21.81818181818182
80290101,805,80054,80100,80055,80063,80146,80059,80192,0,2722,0,40,0,40,2722,0,0.0
80290101,805,80054,80100,80055,80063,80146,80192,80428,2722,3391,40,47,40,51,669,-4,-21.524663677130043
80290101,805,80054,80100,80055,80063,80146,80059,80428,3391,3396,47,47,51,51,5,0,0.0
80290101,805,80054,80100,80055,80063,80146,80428,80192,3396,3632,47,50,51,56,236,-2,-30.508474576271187
