matchId,squadId,oppSquadId,period,badHands,badPasses,blocked,blocks,breaks,centrePassReceives,contactPenalties,defensiveRebounds,deflections,disposals,feeds,gain,goalAssists,goalAttempts,goalMisses,goals,goalsFromCentrePass,goalsFromGain,goalsFromTurnovers,intercepts,obstructionPenalties,offensiveRebounds,offsides,passes,penalties,pickups,possessions,rebounds,timeInPossession,tossUpWin,turnovers,pacePer60,offensiveRating,defensiveRating,netRating
80290101,804,805,1,0,0,2,0,0,11,11,0,3,28,12,0,9,15,4,11,0,0,0,0,1,0,0,12,12,2,17,0,0,0,2,67.03176341730558,64.70588235294117,78.94736842105263,-14.241486068111456
80290101,804,805,2,1,0,0,0,0,13,15,0,3,32,13,1,6,17,4,13,0,0,0,1,1,2,0,13,17,2,18,2,0,0,3,71.68141592920354,72.22222222222221,77.77777777777779,-5.555555555555571
80290101,804,805,3,0,2,0,0,0,12,15,1,2,35,15,2,7,18,2,16,0,0,0,0,1,1,0,15,16,2,19,2,0,0,2,75.58011049723757,84.21052631578947,73.33333333333333,10.877192982456137
80290101,804,805,4,0,0,0,0,0,13,10,0,3,32,14,3,10,16,0,16,0,0,0,3,4,0,0,14,14,2,16,0,0,0,0,63.2967032967033,100.0,76.92307692307693,23.076923076923066
80290101,805,804,1,0,1,0,2,0,13,12,1,2,33,15,4,11,16,1,15,0,0,0,3,7,0,2,15,19,1,19,1,0,0,3,74.91785323110625,78.94736842105263,64.70588235294117,14.241486068111456
80290101,805,804,2,0,1,0,0,0,11,12,1,4,32,14,1,10,14,0,14,0,0,0,0,2,0,0,14,14,1,18,1,0,0,4,71.68141592920354,77.77777777777779,72.22222222222221,5.555555555555571
80290101,805,804,3,1,1,0,0,0,14,17,0,1,25,9,0,4,14,3,11,0,0,0,0,1,1,1,9,18,1,15,1,0,0,2,59.668508287292816,73.33333333333333,84.21052631578947,-10.877192982456137
80290101,805,804,4,0,2,0,0,0,12,14,0,4,23,9,1,6,11,1,10,0,0,0,0,0,0,0,9,14,2,13,0,0,0,2,51.42857142857143,76.92307692307693,100.0,-23.076923076923066
