matchId,squadId,period,badHands,badPasses,blocked,blocks,breaks,centrePassReceives,contactPenalties,defensiveRebounds,deflections,feeds,gain,goalAssists,goalAttempts,goalMisses,goals,intercepts,missedGoalTurnover,obstructionPenalties,offensiveRebounds,offsides,penalties,pickups,rebounds,tossUpWin,turnovers,possessions,pacePer60,offensiveRating,defensiveRating,netRating
90840203,801,1,0,2,0,0,0,10,12,0,2,13,4,9,13,1,12,2,0,4,0,0,16,3,0,0,4,17,67.69911504424779,70.58823529411765,63.1578947368421,7.430340557275549
90840203,801,2,0,0,0,1,0,13,6,0,1,18,4,8,12,0,12,3,0,3,0,0,9,1,0,0,4,16,62.47288503253796,75.0,83.33333333333334,-8.333333333333343
90840203,801,3,1,0,0,1,0,11,13,0,0,22,2,10,20,2,18,2,0,6,1,1,19,0,1,0,1,20,79.64601769911505,90.0,57.89473684210527,32.10526315789473
90840203,801,4,0,0,0,0,0,11,8,0,2,21,2,7,18,5,13,2,0,2,0,0,10,0,0,0,6,24,72.9113924050633,54.166666666666664,58.82352941176471,-4.656862745098046
90840203,807,1,1,3,0,0,0,12,16,0,4,24,5,6,14,2,12,4,0,4,1,2,20,2,1,0,6,19,75.66371681415929,63.1578947368421,70.58823529411765,-7.430340557275549
90840203,807,2,0,1,1,0,0,13,15,0,0,24,2,9,18,3,15,2,0,7,2,0,22,0,2,0,2,18,70.28199566160521,83.33333333333334,75.0,8.333333333333343
90840203,807,3,2,2,1,0,0,13,13,0,2,18,2,4,15,4,11,2,0,6,1,1,19,0,1,0,5,19,75.66371681415929,57.89473684210527,90.0,-32.10526315789473
90840203,807,4,1,2,0,0,0,11,22,4,0,13,5,5,11,1,10,1,0,4,1,1,26,0,5,0,7,17,51.64556962025317,58.82352941176471,54.166666666666664,4.656862745098046
