matchId,squadId,GS,GA,WA,C,WD,GD,GK,startingTime,finishTime,teamStartScore,teamEndScore,oppStartScore,oppEndScore,duration,plusMinus,plusMinusPer60,oppSquadId
90840203,807,80444,80157,80833,991905,80076,80571,80080,0,3022,0,40,0,46,3022,-6,-7.147584381204501,801
90840203,807,80444,80444,80833,991905,80076,80571,80080,3022,3357,40,44,46,51,335,-1,-10.746268656716419,801
90840203,807,80444,80157,80833,991905,80076,80571,80080,3357,3915,44,48,51,55,558,0,0.0,801
90840203,801,80295,80067,80576,80439,80045,80068,80440,0,1826,0,24,0,27,1826,-3,-5.9145673603504925,807
90840203,801,80295,80067,80576,80439,80045,80068,80440,1826,2730,24,42,27,38,904,7,27.876106194690266,807
90840203,801,80295,80067,80576,80439,80045,80068,991899,2730,3640,42,55,38,48,910,3,11.868131868131869,807
90840203,801,80295,80067,80576,80439,80045,80068,80440,3640,3915,55,55,48,48,275,0,0.0,807
