matchId,squadId,GS,GA,WA,C,WD,GD,GK,startingTime,finishTime,teamStartScore,teamEndScore,oppStartScore,oppEndScore,duration,plusMinus,plusMinusPer60,oppSquadId
116650704,804,80540,1001708,994224,991901,80577,994213,1004510,0,1800,0,28,0,33,1800,-5,-10.0,8119
116650704,804,80540,1001708,994224,991901,1007302,80577,1004510,1800,2700,28,42,33,52,900,-5,-20.0,8119
116650704,804,80540,1001708,994224,991901,1007302,80577,994213,2700,3600,42,60,52,70,900,0,0.0,8119
116650704,8119,1010545,1001711,80575,1004473,80299,1011747,80010,0,1271,0,21,0,18,1271,3,8.49724626278521,804
116650704,8119,1010545,1014126,80575,1004473,80299,1011747,80010,1271,1476,21,24,18,22,205,-1,-17.5609756097561,804
116650704,8119,1010545,1014126,80575,1004473,80299,1001716,80010,1476,1800,24,33,22,28,324,3,33.33333333333333,804
116650704,8119,1010545,1014126,80575,1004473,80299,1011747,80010,1800,3398,33,65,28,54,1598,6,13.516896120150186,804
116650704,8119,1010545,1014126,80575,1004473,1001716,1011747,80010,3398,3600,65,70,54,60,202,-1,-17.821782178217823,804
