matchId,squadId,GS,GA,WA,C,WD,GD,GK,startingTime,finishTime,teamStartScore,teamEndScore,oppStartScore,oppEndScore,duration,plusMinus,plusMinusPer60
98180204,807,80078,993463,992954,80833,991905,80076,80080,0,2715,0,45,0,34,2715,11,14.585635359116022
98180204,807,80078,993463,992954,80833,991905,80080,991903,2715,3343,45,60,34,41,628,8,45.859872611464965
98180204,807,998400,993463,992954,80833,991905,80080,991903,3343,3617,60,61,41,45,274,-3,-39.416058394160586
98180204,803,80710,80444,80301,80175,80571,80099,80582,0,1814,0,22,0,31,1814,-9,-17.861080485115764
98180204,803,80710,80444,80301,80427,80175,80099,80582,1814,2715,22,34,31,45,901,-2,-7.991120976692564
98180204,803,80710,80444,80301,80175,80427,80099,80582,2715,3343,34,41,45,60,628,-8,-45.859872611464965
98180204,803,80167,80444,80301,80175,80427,80099,80582,3343,3617,41,45,60,61,274,3,39.416058394160586
