matchId,squadId,GS,GA,WA,C,WD,GD,GK,startingTime,finishTime,teamStartScore,teamEndScore,oppStartScore,oppEndScore,duration,plusMinus,plusMinusPer60,oppSquadId
116650602,804,80540,1001708,994224,1022297,1001701,80577,994213,0.0,2284.0,0,32,0,30,2284.0,2,3.1523642732049035,801
116650602,804,80540,1001708,1022297,994224,1001701,80577,994213,2284.0,3600.0,32,53,30,47,1316.0,4,10.94224924012158,801
116650602,801,1022294,1007306,1015271,1019168,999806,1007301,80830,0.0,609.0,0,9,0,9,609.0,0,0.0,804
116650602,801,1022294,1007306,1015271,1019168,1019205,1007301,80830,609.0,1183.0,9,14,9,17,574.0,-3,-18.81533101045296,804
116650602,801,1022294,1015271,1016033,1019168,999806,1019205,80830,1183.0,1800.0,14,24,17,28,617.0,-1,-5.834683954619125,804
116650602,801,1022294,1015271,1016033,1020223,999806,1019205,80830,1800.0,2089.0,24,27,28,30,289.0,1,12.456747404844291,804
116650602,801,1007306,1015271,1016033,1020223,999806,1019205,80830,2089.0,3126.0,27,42,30,44,1037.0,1,3.4715525554484086,804
116650602,801,1007306,1015271,1016033,1019168,999806,1019205,80830,3126.0,3472.0,42,45,44,51,346.0,-4,-41.61849710982659,804
116650602,801,1022294,1015271,1016033,1019168,999806,1019205,80830,3472.0,3600.0,45,47,51,53,128.0,0,0.0,804
