matchId,squadId,oppSquadId,period,badHands,badPasses,blocked,blocks,breaks,centrePassReceives,contactPenalties,defensiveRebounds,deflections,feeds,gain,goalAssists,goalAttempts,goalMisses,goals,intercepts,missedGoalTurnover,obstructionPenalties,offensiveRebounds,offsides,penalties,pickups,rebounds,tossUpWin,turnovers,possessions,pacePer60,offensiveRating,defensiveRating,netRating
80350801,802,807,1,4,2,0,0,0,13,7,0,4,13,3,7,14,2,12,2,0,1,1,0,8,1,1,0,9,22,87.12871287128712,54.54545454545454,87.5,-32.95454545454546
80350801,802,807,2,1,2,0,0,0,10,10,1,6,10,4,4,11,3,8,2,0,7,0,1,17,3,1,0,6,17,67.77408637873754,47.05882352941176,73.91304347826086,-26.8542199488491
80350801,802,807,3,3,1,0,0,0,18,5,0,3,17,4,8,19,2,17,3,0,4,2,0,10,1,2,0,4,21,82.98572996706915,80.95238095238095,90.0,-9.047619047619051
80350801,802,807,4,1,0,0,0,1,12,11,0,5,17,4,12,17,3,14,1,0,6,0,1,17,4,0,0,6,23,91.49171270718232,60.86956521739131,76.92307692307693,-16.053511705685622
80350801,807,802,1,0,3,0,0,0,14,8,1,1,21,2,19,22,1,21,0,0,6,1,1,15,4,2,0,3,24,95.04950495049505,87.5,54.54545454545454,32.95454545454546
80350801,807,802,2,1,1,0,0,1,11,5,1,4,20,6,8,20,3,17,4,0,4,1,1,9,4,2,0,4,23,91.69435215946844,73.91304347826086,47.05882352941176,26.8542199488491
80350801,807,802,3,0,0,0,0,1,16,9,0,7,21,3,14,19,1,18,1,0,5,1,0,14,4,1,0,2,20,79.03402854006586,90.0,80.95238095238095,9.047619047619051
80350801,807,802,4,1,2,0,0,0,16,7,0,3,20,4,11,22,2,20,3,0,2,1,0,10,1,1,0,5,26,103.42541436464089,76.92307692307693,60.86956521739131,16.053511705685622
