matchId,squadId,GS,GA,WA,C,WD,GD,GK,startingTime,finishTime,teamStartScore,teamEndScore,oppStartScore,oppEndScore,duration,plusMinus,plusMinusPer60,oppSquadId
80350702,804,80570,80293,80041,80443,80452,80042,80010,0,1320,0,12,0,12,1320,0,0.0,803
80350702,804,80050,80293,80041,80443,80452,80042,80010,1320,2723,12,37,12,23,1403,14,35.92302209550962,803
80350702,804,80050,80293,80041,991901,80452,80042,80010,2723,3635,37,52,23,30,912,8,31.578947368421055,803
80350702,803,80052,80156,80094,80154,80026,80098,80099,0,1818,0,16,0,21,1818,-5,-9.900990099009901,804
80350702,803,80052,80156,80094,80154,80212,80098,80099,1818,3072,16,26,21,44,1254,-13,-37.32057416267943,804
80350702,803,80058,80156,80094,80154,80212,80098,80099,3072,3635,26,30,44,52,563,-4,-25.57726465364121,804
