matchId,squadId,GS,GA,WA,C,WD,GD,GK,startingTime,finishTime,teamStartScore,teamEndScore,oppStartScore,oppEndScore,duration,plusMinus,plusMinusPer60
80180705,810,80113,80074,80300,80152,80132,80127,80131,0,1832,0,18,0,20,1832,-2,-3.930131004366812
80180705,810,80113,80046,80074,80152,80132,80127,80131,1832,3646,18,41,20,42,1814,1,1.984564498346196
80180705,809,80111,80092,80091,80105,80184,80101,80305,0,3646,0,42,0,41,3646,1,0.9873834339001646
