matchId,squadId,GS,GA,WA,C,WD,GD,GK,startingTime,finishTime,teamStartScore,teamEndScore,oppStartScore,oppEndScore,duration,plusMinus,plusMinusPer60,oppSquadId
80120403,801,80295,80003,80067,80014,80002,80006,80010,0,1810,0,24,0,23,1810,1,1.988950276243094,808
80120403,801,80295,80003,80067,80014,80048,80006,80010,1810,3613,24,53,23,36,1803,16,31.94675540765391,808
80120403,808,80093,80088,80094,80095,80096,80098,80057,0,1810,0,23,0,24,1810,-1,-1.988950276243094,801
80120403,808,80093,80088,80094,80095,80061,80098,80057,1810,2425,23,29,24,30,615,0,0.0,801
80120403,808,80093,80088,80095,80094,80061,80098,80057,2425,2714,29,31,30,34,289,-2,-24.913494809688583,801
80120403,808,80093,80088,80094,80095,80061,80098,80057,2714,3386,31,35,34,47,672,-9,-48.21428571428572,801
80120403,808,80092,80088,80094,80095,80061,80098,80057,3386,3613,35,36,47,53,227,-5,-79.29515418502203,801
