matchId,squadId,GS,GA,WA,C,WD,GD,GK,startingTime,finishTime,teamStartScore,teamEndScore,oppStartScore,oppEndScore,duration,plusMinus,plusMinusPer60,oppSquadId
80180301,805,80054,80100,80055,80063,80304,80192,80059,0,1833,0,23,0,23,1833,0,0.0,809
80180301,805,80054,80100,80088,80063,80304,80192,80059,1833,2740,23,34,23,35,907,-1,-3.969128996692392,809
80180301,805,80054,80100,80088,80063,80304,80192,80059,2740,3652,34,39,35,45,912,-5,-19.736842105263158,809
80180301,809,80111,80092,80091,80105,80184,80108,80101,0,925,0,11,0,11,925,0,0.0,805
80180301,809,80111,80030,80029,80105,80184,80108,80101,925,3652,11,45,11,39,2727,6,7.920792079207921,805
