matchId,squadId,GS,GA,WA,C,WD,GD,GK,startingTime,finishTime,teamStartScore,teamEndScore,oppStartScore,oppEndScore,duration,plusMinus,plusMinusPer60,oppSquadId
80280903,805,80054,80100,80055,80063,80146,80304,80192,0,2767,0,44,0,42,2767,2,2.6020961329960244,802
80280903,805,80054,80100,80063,80146,80023,80192,80428,2767,3678,44,57,42,56,911,-1,-3.951701427003293,802
80280903,802,80150,80022,80028,80018,80534,80292,80024,0,1847,0,24,0,31,1847,-7,-13.64374661613427,805
80280903,802,80150,80022,80028,80018,80534,80314,80024,1847,3678,24,56,31,57,1831,6,11.796832332058985,805
