matchId,squadId,GS,GA,WA,C,WD,GD,GK,startingTime,finishTime,teamStartScore,teamEndScore,oppStartScore,oppEndScore,duration,plusMinus,plusMinusPer60,oppSquadId
80180903,804,80003,80293,80041,80045,80049,80042,80010,0,905,0,11,0,14,905,-3,-11.933701657458563,801
80180903,804,80003,80293,80171,80041,80049,80042,80010,905,2725,11,43,14,38,1820,8,15.824175824175825,801
80180903,804,80003,80293,80171,80041,80045,80042,80010,2725,3626,43,55,38,53,901,-3,-11.986681465038846,801
80180903,801,80295,80067,80001,80014,80173,80048,80440,0,1718,0,26,0,26,1718,0,0.0,804
80180903,801,80449,80067,80001,80014,80173,80048,80440,1718,1821,26,27,26,28,103,-1,-34.95145631067961,804
80180903,801,80295,80067,80001,80014,80173,80294,80048,1821,2725,27,38,28,43,904,-4,-15.929203539823009,804
80180903,801,80295,80067,80001,80014,80173,80048,80440,2725,3626,38,53,43,55,901,3,11.986681465038846,804
