matchId,squadId,GS,GA,WA,C,WD,GD,GK,startingTime,finishTime,teamStartScore,teamEndScore,oppStartScore,oppEndScore,duration,plusMinus,plusMinusPer60,oppSquadId
103930103,8118,80150,80072,80069,80535,80701,80068,991899,0,1227,0,21,0,17,1227,4,11.7359413202934,8117
103930103,8118,80150,80072,80069,80535,80701,80068,993358,1227,3640,21,54,17,51,2413,-1,-1.4919187733112307,8117
103930103,8117,80113,80475,80575,80296,998401,80559,80010,0,2209,0,32,0,33,2209,-1,-1.6296966953372565,8118
103930103,8117,80113,80475,80575,998401,80393,80559,80010,2209,3640,32,51,33,54,1431,-2,-5.031446540880503,8118
