matchId,squadId,GS,GA,WA,C,WD,GD,GK,startingTime,finishTime,teamStartScore,teamEndScore,oppStartScore,oppEndScore,duration,plusMinus,plusMinusPer60,oppSquadId
103930302,8119,80052,80067,80041,80152,80299,80470,80048,0,3636,0,70,0,50,3636,20,19.801980198019802,801
103930302,801,1010545,1004493,80301,80558,993702,994232,80057,0,2498,0,33,0,43,2498,-10,-14.411529223378704,8119
103930302,801,1010545,1004493,80301,993702,999806,994232,80057,2498,2728,33,35,43,50,230,-5,-78.26086956521739,8119
103930302,801,1010545,1004465,80301,993702,999806,80440,80057,2728,3636,35,50,50,70,908,-5,-19.823788546255507,8119
