matchId,squadId,period,badHands,badPasses,blocked,blocks,breaks,centrePassReceives,contactPenalties,defensiveRebounds,deflections,feeds,gain,goalAssists,goalAttempts,goalMisses,goals,intercepts,missedGoalTurnover,obstructionPenalties,offensiveRebounds,offsides,penalties,pickups,rebounds,tossUpWin,turnovers,possessions,pacePer60,offensiveRating,defensiveRating,netRating
80180302,801,1,2,0,0,0,0,14,14,3,7,17,4,8,20,3,17,1,0,4,2,0,18,4,5,0,4,22,87.51381215469614,77.27272727272727,68.42105263157895,8.851674641148321
80180302,801,2,1,0,0,0,0,13,7,1,2,28,5,16,26,4,22,4,0,6,1,1,13,4,2,0,3,28,110.5263157894737,78.57142857142857,29.411764705882355,49.159663865546214
80180302,801,3,1,2,0,0,0,15,13,0,2,19,3,10,21,3,18,3,0,7,1,0,20,1,1,0,4,24,95.68106312292359,75.0,57.14285714285714,17.85714285714286
80180302,801,4,1,2,0,0,0,16,12,1,3,23,5,9,17,2,15,2,0,6,0,0,18,2,1,0,4,21,83.35170893054024,71.42857142857143,88.46153846153845,-17.032967032967022
80180302,810,1,1,0,0,0,0,11,14,0,1,8,1,12,16,3,13,1,0,2,0,0,16,4,0,0,3,19,75.58011049723757,68.42105263157895,77.27272727272727,-8.851674641148321
80180302,810,2,4,1,0,0,1,12,16,1,6,5,4,2,6,1,5,2,0,7,0,0,23,2,1,0,11,17,67.10526315789474,29.411764705882355,78.57142857142857,-49.159663865546214
80180302,810,3,4,1,0,0,1,12,11,2,3,13,4,7,14,2,12,0,0,4,0,0,15,3,2,0,7,21,83.72093023255813,57.14285714285714,75.0,-17.85714285714286
80180302,810,4,1,1,0,0,0,16,8,2,2,21,7,14,24,1,23,4,0,4,0,0,12,1,2,0,2,26,103.19735391400219,88.46153846153845,71.42857142857143,17.032967032967022
