matchId,squadId,GS,GA,WA,C,WD,GD,GK,startingTime,finishTime,teamStartScore,teamEndScore,oppStartScore,oppEndScore,duration,plusMinus,plusMinusPer60,oppSquadId
95630202,810,80133,80470,80299,80152,80572,80009,80113,0,1832,0,31,0,22,1832,9,17.685589519650655,805
95630202,810,80133,80470,80299,80299,80152,80009,80113,1832,3649,31,67,22,51,1817,7,13.869014859658778,805
95630202,805,80604,80304,80535,80105,80154,80100,80058,0,2282,0,28,0,41,2282,-13,-20.508326029798425,810
95630202,805,80604,80304,80535,80105,80105,80100,80058,2282,2733,28,35,41,53,451,-5,-39.91130820399113,810
95630202,805,80604,80304,80535,80105,80105,80100,80058,2733,3183,35,43,53,63,450,-2,-16.0,810
95630202,805,80604,80304,80700,80105,80105,80100,80058,3183,3649,43,51,63,67,466,4,30.901287553648068,810
