matchId,squadId,GS,GA,WA,C,WD,GD,GK,startingTime,finishTime,teamStartScore,teamEndScore,oppStartScore,oppEndScore,duration,plusMinus,plusMinusPer60,oppSquadId
107241404,8119,1010545,80009,1001583,80299,80833,80470,80010,0,3600,0,58,0,47,3600,11,11.0,804
107241404,804,80052,80293,994224,991901,80045,80577,994213,0,1211,0,14,0,21,1211,-7,-20.809248554913292,8119
107241404,804,80052,80293,991901,994224,80045,80577,994213,1211,2349,14,31,21,36,1138,2,6.32688927943761,8119
107241404,804,80293,80052,991901,994224,80045,80577,1001920,2349,2700,31,34,36,45,351,-6,-61.53846153846155,8119
107241404,804,80052,80293,991901,994224,80045,80577,1001920,2700,2981,34,37,45,49,281,-1,-12.811387900355871,8119
107241404,804,80052,80293,991901,994224,80045,80577,994213,2981,3197,37,40,49,51,216,1,16.666666666666668,8119
107241404,804,80540,80293,991901,994224,80045,80577,994213,3197,3314,40,42,51,53,117,0,0.0,8119
107241404,804,80540,80293,994224,991901,80045,80577,994213,3314,3600,42,47,53,58,286,0,0.0,8119
