matchId,squadId,GS,GA,WA,C,WD,GD,GK,startingTime,finishTime,teamStartScore,teamEndScore,oppStartScore,oppEndScore,duration,plusMinus,plusMinusPer60
98181303,801,999823,80067,80001,80572,80146,80440,991899,0,1221,0,20,0,18,1221,2,5.896805896805897
98181303,801,999823,80067,80572,80439,80146,80440,991899,1221,3668,20,58,18,55,2447,1,1.4711892112791174
98181303,802,80540,80198,80699,80028,80223,80524,80428,0,3668,0,55,0,58,3668,-3,-2.944383860414395
