matchId,squadId,oppSquadId,period,badHands,badPasses,blocked,blocks,breaks,centrePassReceives,contactPenalties,defensiveRebounds,deflections,feeds,gain,goalAssists,goalAttempts,goalMisses,goals,intercepts,missedGoalTurnover,obstructionPenalties,offensiveRebounds,offsides,penalties,pickups,rebounds,tossUpWin,turnovers,possessions,pacePer60,offensiveRating,defensiveRating,netRating
80351301,806,807,1,3,1,0,0,0,13,13,2,2,18,3,5,11,3,8,1,0,7,0,0,20,0,2,0,8,19,75.41345093715545,42.10526315789473,69.56521739130434,-27.45995423340961
80351301,806,807,2,0,0,0,0,0,13,14,0,4,24,4,9,18,3,15,2,0,7,1,0,22,3,1,0,1,18,71.13062568605928,83.33333333333334,73.68421052631578,9.649122807017562
80351301,806,807,3,2,0,0,0,0,13,9,0,1,23,2,10,17,1,16,2,0,9,1,0,18,2,1,0,2,18,71.36563876651982,88.88888888888889,68.75,20.138888888888886
80351301,806,807,4,1,2,0,0,0,7,13,0,4,14,2,8,11,2,9,1,0,6,1,1,19,3,1,0,5,15,58.31533477321814,60.0,61.111111111111114,-1.1111111111111143
80351301,807,806,1,0,1,0,0,0,10,4,3,4,24,5,8,20,4,16,1,0,4,2,0,8,5,5,0,5,23,91.28996692392502,69.56521739130434,42.10526315789473,27.45995423340961
80351301,807,806,2,1,1,0,0,1,13,9,0,2,19,5,6,14,0,14,3,0,3,0,0,13,2,0,0,5,19,75.08232711306258,73.68421052631578,83.33333333333334,-9.649122807017562
80351301,807,806,3,1,2,0,0,0,9,15,0,1,15,2,4,12,1,11,2,0,7,0,2,22,2,0,0,4,16,63.436123348017624,68.75,88.88888888888889,-20.138888888888886
80351301,807,806,4,3,3,0,0,0,11,11,1,1,19,6,7,11,0,11,5,0,4,0,0,15,1,1,0,7,18,69.97840172786177,61.111111111111114,60.0,1.1111111111111143
