matchId,squadId,GS,GA,WA,C,WD,GD,GK,startingTime,finishTime,teamStartScore,teamEndScore,oppStartScore,oppEndScore,duration,plusMinus,plusMinusPer60,oppSquadId
116651402,810,80826,1007298,994215,80473,998408,1014130,80343,0,1637,0,27,0,25,1637,2,4.398289554062309,801
116651402,810,80826,1000231,994215,80473,998408,1014130,80343,1637,1800,27,30,25,28,163,0,0.0,801
116651402,810,80826,1000231,994215,998408,1014130,80534,80343,1800,1871,30,30,28,29,71,-1,-50.70422535211267,801
116651402,810,80826,1007298,994215,998408,1014130,80534,80343,1871,2700,30,49,29,40,829,8,34.74065138721351,801
116651402,810,80826,1007298,994215,80473,1014130,80534,80343,2700,3600,49,68,40,57,900,2,8.0,801
116651402,801,1001865,1007306,1015271,1020223,999806,1019205,80830,0,2130,0,31,0,36,2130,-5,-8.450704225352112,810
116651402,801,1001865,1015271,1019168,1020223,999806,1019205,80830,2130,2368,31,32,36,41,238,-4,-60.50420168067227,810
116651402,801,1001865,1015271,1019168,1016033,999806,1019205,80830,2368,3600,32,57,41,68,1232,-2,-5.844155844155844,810
