matchId,squadId,GS,GA,WA,C,WD,GD,GK,startingTime,finishTime,teamStartScore,teamEndScore,oppStartScore,oppEndScore,duration,plusMinus,plusMinusPer60,oppSquadId
100830404,8119,80052,80449,80041,80833,80299,80470,80048,0,2523,0,44,0,27,2523,17,24.256837098692035,801
100830404,8119,80052,994215,80041,80833,80299,80470,80048,2523,3107,44,53,27,40,584,-4,-24.657534246575345,801
100830404,8119,80052,994215,80041,80833,80299,80474,80048,3107,3233,53,55,40,41,126,1,28.57142857142857,801
100830404,8119,80052,994215,80833,80152,80299,80474,80048,3233,3640,55,64,41,45,407,5,44.22604422604422,801
100830404,801,1001710,80067,80301,80146,80127,994232,80353,0,1081,0,10,0,20,1081,-10,-33.30249768732655,8119
100830404,801,1007298,80067,80301,80146,80127,994232,80353,1081,1814,10,18,20,33,733,-5,-24.556616643929058,8119
100830404,801,1007298,80067,80301,995700,80146,994232,80127,1814,2723,18,29,33,48,909,-4,-15.841584158415841,8119
100830404,801,80570,1007298,80067,995700,80146,80127,994232,2723,3640,29,45,48,64,917,0,0.0,8119
