matchId,squadId,GS,GA,WA,C,WD,GD,GK,startingTime,finishTime,teamStartScore,teamEndScore,oppStartScore,oppEndScore,duration,plusMinus,plusMinusPer60,oppSquadId
80121004,810,80113,80074,80041,80152,80044,80012,80131,0,905,0,13,0,18,905,-5,-19.88950276243094,806
80121004,810,80113,80074,80041,80152,80044,80126,80012,905,1560,13,21,18,31,655,-5,-27.480916030534353,806
80121004,810,80113,80074,80152,80041,80044,80126,80012,1560,1813,21,24,31,32,253,2,28.458498023715414,806
80121004,810,80113,80074,80152,80041,80044,80126,80131,1813,3626,24,52,32,61,1813,-1,-1.9856591285162715,806
80121004,806,80064,80072,80075,80069,80163,80068,80038,0,3626,0,61,0,52,3626,9,8.935466078323222,810
