matchId,squadId,period,badHands,badPasses,blocked,blocks,breaks,centrePassReceives,contactPenalties,defensiveRebounds,deflections,feeds,gain,goalAssists,goalAttempts,goalMisses,goals,intercepts,missedGoalTurnover,obstructionPenalties,offensiveRebounds,offsides,penalties,pickups,rebounds,tossUpWin,turnovers,possessions,pacePer60,offensiveRating,defensiveRating,netRating
80350105,806,1,1,0,0,0,0,13,12,0,5,17,1,12,23,4,19,0,0,0,3,0,12,3,3,0,1,21,83.53591160220995,90.47619047619048,50.0,40.47619047619048
80350105,806,2,1,1,0,0,0,12,15,1,3,13,1,8,14,1,13,0,0,2,2,0,17,2,3,0,3,15,59.34065934065934,86.66666666666667,59.09090909090909,27.575757575757578
80350105,806,3,1,1,0,0,0,10,9,2,5,15,4,8,14,2,12,1,0,1,0,2,10,1,2,0,7,21,81.72972972972974,57.14285714285714,40.0,17.14285714285714
80350105,806,4,1,1,0,0,0,10,10,0,2,12,2,7,14,3,11,2,0,5,0,1,15,1,0,0,5,19,75.58011049723757,57.89473684210527,54.54545454545454,3.3492822966507276
80350105,810,1,2,1,0,0,0,10,17,0,3,9,2,4,11,3,8,2,0,2,1,1,19,1,1,0,6,16,63.646408839779006,50.0,90.47619047619048,-40.47619047619048
80350105,810,2,2,0,0,0,0,13,12,0,6,16,2,8,18,5,13,0,0,1,2,0,13,6,2,0,6,22,87.03296703296704,59.09090909090909,86.66666666666667,-27.575757575757578
80350105,810,3,2,2,0,0,0,10,11,1,4,11,3,4,13,5,8,1,0,3,1,0,14,2,2,0,8,20,77.83783783783784,40.0,57.14285714285714,-17.14285714285714
80350105,810,4,1,1,0,0,1,9,12,3,5,13,10,9,14,2,12,4,0,1,1,1,13,3,4,0,9,22,87.51381215469614,54.54545454545454,57.89473684210527,-3.3492822966507276
