matchId,squadId,GS,GA,WA,C,WD,GD,GK,startingTime,finishTime,teamStartScore,teamEndScore,oppStartScore,oppEndScore,duration,plusMinus,plusMinusPer60,oppSquadId
80350105,806,80179,80072,80069,80574,80006,80038,80470,0,1815,0,32,0,21,1815,11,21.81818181818182,810
80350105,806,80179,80072,80075,80069,80006,80038,80470,1815,2740,32,44,21,29,925,4,15.567567567567568,810
80350105,806,80072,80157,80075,80069,991902,80038,80470,2740,3645,44,55,29,41,905,-1,-3.977900552486188,810
80350105,810,80113,80064,80152,80299,80132,80450,80530,0,905,0,8,0,19,905,-11,-43.75690607734807,806
80350105,810,80003,80064,80152,80299,80132,80530,80450,905,1014,8,10,19,20,109,1,33.027522935779814,806
80350105,810,80003,80064,80473,80152,80299,80530,80133,1014,1815,10,21,20,32,801,-1,-4.49438202247191,806
80350105,810,80064,80003,80473,80152,80299,80530,80133,1815,2740,21,29,32,44,925,-4,-15.567567567567568,806
80350105,810,80064,80578,80473,80152,80299,80530,80133,2740,3645,29,41,44,55,905,1,3.977900552486188,806
