matchId,squadId,GS,GA,WA,C,WD,GD,GK,startingTime,finishTime,teamStartScore,teamEndScore,oppStartScore,oppEndScore,duration,plusMinus,plusMinusPer60,oppSquadId
80281401,808,80019,80156,80424,80021,80223,80478,80020,0,1240,0,7,0,22,1240,-15,-43.548387096774185,804
80281401,808,80287,80156,80019,80021,80223,80478,80020,1240,1631,7,13,22,27,391,1,9.207161125319693,804
80281401,808,80287,80156,80019,80424,80223,80478,80020,1631,2114,13,17,27,31,483,0,0.0,804
80281401,808,80287,80156,80019,80021,80223,80020,80478,2114,3927,17,38,31,56,1813,-4,-7.942636514065086,804
80281401,804,80570,80293,80041,80171,80049,80042,80010,0,3018,0,44,0,26,3018,18,21.471172962226643,808
80281401,804,80570,80293,80041,80178,80049,80042,80010,3018,3420,44,50,26,28,402,4,35.82089552238806,808
80281401,804,80003,80293,80041,80178,80049,80042,80010,3420,3927,50,56,28,38,507,-4,-28.40236686390533,808
