matchId,squadId,oppSquadId,period,badHands,badPasses,blocked,blocks,breaks,centrePassReceives,contactPenalties,defensiveRebounds,deflections,feeds,gain,goalAssists,goalAttempts,goalMisses,goals,intercepts,missedGoalTurnover,obstructionPenalties,offensiveRebounds,offsides,penalties,pickups,rebounds,tossUpWin,turnovers,possessions,pacePer60,offensiveRating,defensiveRating,netRating
80281401,804,808,1,1,1,0,0,1,10,12,1,4,13,4,9,18,1,17,2,0,3,0,0,15,3,1,0,4,22,86.46288209606986,77.27272727272727,35.294117647058826,41.97860962566844
80281401,804,808,2,0,2,0,0,0,12,12,0,4,13,1,9,16,2,14,1,0,4,1,1,16,2,1,0,4,19,57.09515859766278,73.68421052631578,61.111111111111114,12.573099415204666
80281401,804,808,3,1,2,0,0,0,10,10,2,4,11,5,9,14,1,13,1,0,1,1,2,11,4,3,0,4,17,67.69911504424779,76.47058823529412,50.0,26.470588235294116
80281401,804,808,4,4,1,0,0,0,11,14,0,3,10,5,8,13,1,12,4,0,4,0,1,19,1,0,0,7,20,79.20792079207921,60.0,75.0,-15.0
80281401,808,804,1,2,4,0,0,0,11,11,0,2,5,4,2,10,4,6,3,0,6,0,0,17,2,0,0,7,17,66.8122270742358,35.294117647058826,77.27272727272727,-41.97860962566844
80281401,808,804,2,2,3,0,0,0,13,7,0,1,12,2,8,13,2,11,2,0,2,1,0,9,0,1,0,6,18,54.090150250417366,61.111111111111114,73.68421052631578,-12.573099415204666
80281401,808,804,3,1,2,0,0,0,10,7,0,7,11,5,7,12,3,9,2,0,4,0,2,12,6,0,0,6,18,71.68141592920354,50.0,76.47058823529412,-26.470588235294116
80281401,808,804,4,2,0,0,0,0,10,9,1,3,10,3,6,14,2,12,0,0,2,1,1,11,3,2,0,3,16,63.366336633663366,75.0,60.0,15.0
