matchId,squadId,GS,GA,WA,C,WD,GD,GK,startingTime,finishTime,teamStartScore,teamEndScore,oppStartScore,oppEndScore,duration,plusMinus,plusMinusPer60
95631202,803,80444,80019,80094,80175,80109,80099,80098,0,1579,0,22,0,27,1579,-5,-11.399620012666245
95631202,803,80444,80019,80094,80175,80109,80098,80099,1579,1815,22,28,27,29,236,4,61.016949152542374
95631202,803,80444,80019,80094,80175,80109,80099,80127,1815,3656,28,55,29,55,1841,1,1.955458989679522
95631202,808,80826,80287,80477,80424,80095,80582,80225,0,3050,0,44,0,49,3050,-5,-5.9016393442622945
95631202,808,80826,80469,80477,80424,80095,80582,80225,3050,3656,44,55,49,55,606,5,29.7029702970297
