matchId,squadId,GS,GA,WA,C,WD,GD,GK,startingTime,finishTime,teamStartScore,teamEndScore,oppStartScore,oppEndScore,duration,plusMinus,plusMinusPer60,oppSquadId
111080603,804,80052,80293,994224,991901,1001701,80577,994213,0,1800,0,26,0,31,1800,-5,-10.0,8118
111080603,804,80540,80052,994224,991901,1001701,80577,994213,1800,2229,26,35,31,37,429,3,25.174825174825173,8118
111080603,804,80540,80052,994224,991901,80577,1001701,994213,2229,3600,35,63,37,58,1371,7,18.38074398249453,8118
111080603,8118,80150,1001708,995217,80701,1001356,993358,991899,0,1472,0,23,0,21,1472,2,4.891304347826087,804
111080603,8118,80150,1001708,995217,80701,1001356,80470,991899,1472,1800,23,31,21,26,328,3,32.92682926829268,804
111080603,8118,80150,1001708,995217,80701,1001356,993358,991899,1800,2229,31,37,26,35,429,-3,-25.174825174825173,804
111080603,8118,1001708,80150,995217,80701,1001356,993358,1013638,2229,2700,37,48,35,50,471,-4,-30.573248407643312,804
111080603,8118,1001708,80150,995217,80701,1001356,993358,991899,2700,3054,48,52,50,58,354,-4,-40.67796610169491,804
111080603,8118,80150,1001708,995217,80701,1001356,993358,991899,3054,3600,52,58,58,63,546,1,6.593406593406594,804
