matchId,squadId,GS,GA,WA,C,WD,GD,GK,startingTime,finishTime,teamStartScore,teamEndScore,oppStartScore,oppEndScore,duration,plusMinus,plusMinusPer60,oppSquadId
127151301,806,1014724,999128,80574,80473,1007302,1003784,998404,0,1800,0,35,0,34,1800,1,2.0,8117
127151301,806,1014724,999128,1030765,80473,1007302,1003784,998404,1800,2399,35,47,34,47,599,-1,-6.010016694490819,8117
127151301,806,1014724,999128,1030765,80473,1034276,1003784,998404,2399,3600,47,70,47,71,1201,-1,-2.9975020815986677,8117
127151301,8117,1001357,80475,1029514,994224,1000831,1006231,1025020,0,3600,0,71,0,70,3600,1,1.0,806
