matchId,squadId,GS,GA,WA,C,WD,GD,GK,startingTime,finishTime,teamStartScore,teamEndScore,oppStartScore,oppEndScore,duration,plusMinus,plusMinusPer60,oppSquadId
90840401,808,80826,80019,80424,80021,80095,80059,80393,0,1660,0,34,0,27,1660,7,15.180722891566264,810
90840401,808,80826,80019,80424,80021,80432,80059,80393,1660,1816,34,37,27,29,156,1,23.076923076923077,810
90840401,808,80826,80019,80424,80021,80095,80059,80393,1816,3641,37,66,29,65,1825,-7,-13.80821917808219,810
90840401,810,80113,80009,80301,80299,80152,80343,80530,0,1660,0,27,0,34,1660,-7,-15.180722891566264,808
90840401,810,80113,80009,80301,80299,80152,80343,80530,1660,1816,27,29,34,37,156,-1,-23.076923076923077,808
90840401,810,80113,80009,80301,80299,80152,80343,80530,1816,3641,29,65,37,66,1825,7,13.80821917808219,808
