attempt1,attempt2,goal1,goal2,goalMisses,goalAssists,feeds,feedWithAttempt,centrePassReceives,gain,intercepts,deflections,deflectionWithGain,deflectionWithNoGain,rebounds,pickups,contactPenalties,obstructionPenalties,generalPlayTurnovers,interceptPassThrown,badHands,badPasses,offsides,minutesPlayed,roundNo,squadId,oppSquadId,fantasyScore
,,,,,,,,,,,,,,,,,,,,,,,,10.0,806.0,8119.0,0.0
24.851471735537192,4.096557774607703,23.857776567091086,1.5517486225895316,2.491261528742893,0.0,0.9516664153219725,0.05760037998733376,0.0,0.0,0.0,0.0,0.0,0.0,0.0,0.0,0.0,0.0,1.3056339434276207,0.0,0.0,0.0,0.0,38.12291717100959,11.0,806.0,804.0,62.041567508866784
26.708626185958252,3.1519874125874123,25.87167199702492,1.1267833109017498,2.182231158961368,0.0,0.9922189396237865,0.040603349282296655,0.0,0.0,0.0,0.0,0.0,0.0,0.0,0.0,0.0,0.0,1.2718786098052381,0.0,0.0,0.0,0.0,38.75194530433125,12.0,806.0,8118.0,65.2334950156273
30.555805743523642,3.2001486214404156,29.004813371598082,0.9632591833551183,2.789876881973488,0.0,1.0076770880263353,0.031448489191714356,0.0,0.0,0.0,0.0,0.0,0.0,0.19050101775913705,0.0,0.0,0.0,1.3322669358751593,0.0,0.0,0.0,0.0,38.78953613083131,13.0,806.0,807.0,68.13096784287933
23.571334223433244,3.0948681397006417,21.295781955790485,0.7555771812080536,3.1137335984095422,0.0,0.9086419558359622,0.0029829420970266043,0.0,0.0,0.0,0.0,0.0,0.0,0.06293498452012383,0.0,0.0,0.0,1.3617384196185285,0.0,0.0,0.0,0.0,38.67424613388794,14.0,806.0,801.0,49.062341831289565
