attempt1,attempt2,goal1,goal2,goalMisses,goalAssists,feeds,feedWithAttempt,centrePassReceives,gain,intercepts,deflections,deflectionWithGain,deflectionWithNoGain,rebounds,pickups,contactPenalties,obstructionPenalties,generalPlayTurnovers,interceptPassThrown,badHands,badPasses,offsides,minutesPlayed,roundNo,squadId,oppSquadId,fantasyScore
,,,,,,,,,,,,,,,,,,,,,,,,10.0,8119.0,806.0,0.0
5.402473299606521,2.7705317796610167,4.307156191661481,0.8879892037786774,2.0977198697068404,11.117929430379746,11.914048073254483,11.653353999357533,6.659324034334763,0.0,0.0,0.0,0.0,0.0,0.0,0.0,1.4388219880375963,0.3545,1.7419566644780038,0.7370200845665962,0.0,0.0,0.0,33.53985575438091,11.0,8119.0,8117.0,62.530482233756814
4.169482288828338,3.0040627227369923,3.097488647284959,0.8456375838926175,2.7426269052352548,8.18012720480157,10.834657728706626,9.406920970266041,5.711883642495784,0.0,0.0,0.0,0.0,0.0,0.0,0.0,1.2141321261847502,0.20307466666666668,2.1067305858310625,0.5457217741935484,0.0,0.0,0.0,33.03890307435702,12.0,8119.0,801.0,43.01391529083258
4.110624462809918,3.0413077746077035,2.9988825293829575,1.05043870523416,1.9959065066329753,8.9855949549324,10.496880561001356,9.643342305256493,6.064397790055248,0.0,0.0,0.0,0.0,0.0,0.0,0.0,1.3595951417004046,0.17640000000000003,1.9151580698835275,0.6374499473129609,0.0,0.0,0.0,32.637731654364984,13.0,8119.0,804.0,52.50020449075316
4.355438334817454,4.561892586989409,3.063760241112068,1.5955882352941178,2.8121202404809624,9.305274252324704,11.28195157726303,10.4751765208111,7.031061024359774,0.0,0.0,0.0,0.0,0.0,0.0,0.0,1.145868787276342,0.04241220159151194,1.7852953342157512,0.46177777777777773,0.0,0.0,0.0,32.70227086465004,14.0,8119.0,810.0,54.626180140915196
