matchId,squadId,GS,GA,WA,C,WD,GD,GK,startingTime,finishTime,teamStartScore,teamEndScore,oppStartScore,oppEndScore,duration,plusMinus,plusMinusPer60,oppSquadId
107240304,8118,80113,80150,80069,80701,1001356,993358,991899,0,3259,0,54,0,45,3259,9,9.941699907947223,8119
107240304,8118,80113,1001708,80069,80701,1001356,993358,991899,3259,3600,54,58,45,50,341,-1,-10.557184750733137,8119
107240304,8119,1010545,80009,80575,80833,80299,80470,80010,0,2283,0,31,0,35,2283,-4,-6.30749014454665,8118
107240304,8119,1010545,80009,80575,80833,80299,1013050,80010,2283,2576,31,34,35,41,293,-3,-36.86006825938566,8118
107240304,8119,1010545,1014126,80575,80833,80299,1013050,80010,2576,2700,34,35,41,43,124,-1,-29.032258064516125,8118
107240304,8119,1010545,1014126,80575,80833,1013050,80470,80010,2700,3004,35,40,43,50,304,-2,-23.68421052631579,8118
107240304,8119,1010545,1014126,80575,80833,80299,80470,80010,3004,3075,40,40,50,51,71,-1,-50.70422535211267,8118
107240304,8119,1010545,80009,80575,80833,80299,80470,80010,3075,3600,40,50,51,58,525,3,20.57142857142857,8118
