matchId,squadId,GS,GA,WA,C,WD,GD,GK,startingTime,finishTime,teamStartScore,teamEndScore,oppStartScore,oppEndScore,duration,plusMinus,plusMinusPer60,oppSquadId
129490604,8118,1013629,1019169,80776,1001707,1022764,1011747,1028096,0.0,3600.0,0,51,0,59,3600.0,-8,-8.0,8117
129490604,8117,1021253,1001357,994224,1029514,1000831,998411,80343,0.0,779.0,0,13,0,13,779.0,0,0.0,8118
129490604,8117,1021253,1014126,994224,1029514,1000831,998411,80343,779.0,1103.0,13,16,13,16,324.0,0,0.0,8118
129490604,8117,1021253,1001357,994224,1029514,1000831,998411,80343,1103.0,1689.0,16,27,16,26,586.0,1,6.143344709897611,8118
129490604,8117,1021253,1001357,994224,1029514,1028098,998411,80343,1689.0,1800.0,27,30,26,27,111.0,2,64.86486486486486,8118
129490604,8117,1021253,1001357,994224,1029514,1000831,998411,80343,1800.0,2382.0,30,37,27,37,582.0,-3,-18.556701030927837,8118
129490604,8117,1021253,1001357,1029514,994224,1000831,998411,80343,2382.0,3600.0,37,59,37,51,1218.0,8,23.645320197044335,8118
