matchId,squadId,GS,GA,WA,C,WD,GD,GK,startingTime,finishTime,teamStartScore,teamEndScore,oppStartScore,oppEndScore,duration,plusMinus,plusMinusPer60
95630502,810,80113,80009,80572,80152,80299,80470,80393,0,1816,0,25,0,24,1816,1,1.9823788546255507
95630502,810,80113,80009,80572,80299,80152,80470,80393,1816,3677,25,55,24,50,1861,4,7.737775389575497
95630502,801,80295,80067,80001,80576,80045,80180,80530,0,1816,0,24,0,25,1816,-1,-1.9823788546255507
95630502,801,80295,80067,80001,80439,80045,80180,80530,1816,2747,24,38,25,40,931,-1,-3.8668098818474754
95630502,801,80295,80067,80001,80439,80045,80440,80530,2747,3445,38,46,40,54,698,-6,-30.945558739255016
95630502,801,80067,80295,80001,80439,80045,80180,80530,3445,3677,46,50,54,55,232,3,46.55172413793103
