matchId,squadId,GS,GA,WA,C,WD,GD,GK,startingTime,finishTime,teamStartScore,teamEndScore,oppStartScore,oppEndScore,duration,plusMinus,plusMinusPer60
98181104,803,80710,80444,80301,80175,80571,80099,80582,0,905,0,14,0,17,905,-3,-11.933701657458563
98181104,803,80710,80444,80301,80175,80571,80582,80099,905,1809,14,27,17,30,904,0,0.0
98181104,803,80710,80444,80301,80175,80571,80099,80582,1809,2194,27,28,30,38,385,-7,-65.45454545454545
98181104,803,80710,80444,80301,80506,80571,80099,80582,2194,2490,28,32,38,44,296,-2,-24.324324324324323
98181104,803,80167,80444,80301,80506,80571,80099,80582,2490,2717,32,36,44,48,227,0,0.0
98181104,803,80167,80444,80301,80175,80427,80582,80099,2717,3619,36,46,48,60,902,-2,-7.982261640798226
98181104,801,999823,80067,80572,80439,80146,80440,991899,0,3619,0,60,0,46,3619,14,13.926499032882012
