matchId,squadId,GS,GA,WA,C,WD,GD,GK,startingTime,finishTime,teamStartScore,teamEndScore,oppStartScore,oppEndScore,duration,plusMinus,plusMinusPer60
80050901,803,80058,80030,80170,80154,80037,80160,80024,0,1015,0,13,0,11,1015,2,7.0935960591133
80050901,803,80030,80058,80170,80154,80037,80160,80024,1015,1929,13,21,11,32,914,-13,-51.203501094091905
80050901,803,80167,80058,80030,80170,80154,80037,80024,1929,2833,21,32,32,52,904,-9,-35.84070796460177
80050901,803,80167,80058,80170,80154,80037,80160,80024,2833,3741,32,44,52,66,908,-2,-7.929515418502203
80050901,808,80093,80156,80094,80095,80061,80099,80098,0,1015,0,11,0,13,1015,-2,-7.0935960591133
80050901,808,80093,80156,80095,80094,80061,80099,80098,1015,1929,11,32,13,21,914,13,51.203501094091905
80050901,808,80093,80156,80095,80094,80061,80099,80090,1929,2833,32,52,21,32,904,9,35.84070796460177
80050901,808,80092,80156,80095,80094,80096,80099,80090,2833,3741,52,66,32,44,908,2,7.929515418502203
