matchId,squadId,GS,GA,WA,C,WD,GD,GK,startingTime,finishTime,teamStartScore,teamEndScore,oppStartScore,oppEndScore,duration,plusMinus,plusMinusPer60,oppSquadId
116651201,8119,1010545,1001711,80575,1004473,80299,1011747,80010,0,1440,0,21,0,24,1440,-3,-7.5,806
116651201,8119,1010545,1001711,80575,1004473,80299,1001716,80010,1440,1526,21,23,24,25,86,1,41.860465116279066,806
116651201,8119,1010545,1014126,80575,1004473,80299,1001716,80010,1526,1720,23,25,25,31,194,-4,-74.22680412371133,806
116651201,8119,1010545,1014126,80575,1004473,80299,1011747,80010,1720,3600,25,66,31,58,1880,14,26.808510638297875,806
116651201,806,999128,1013431,80574,80439,1009742,1003784,998404,0,2116,0,36,0,36,2116,0,0.0,8119
116651201,806,1025018,999128,80574,80439,1009742,1003784,998404,2116,2700,36,44,36,50,584,-6,-36.986301369863014,8119
116651201,806,999128,1013431,80439,80574,1003784,998404,1007299,2700,2982,44,49,50,55,282,0,0.0,8119
116651201,806,999128,1013431,80439,80574,1014127,998404,1007299,2982,3600,49,58,55,66,618,-2,-11.650485436893202,8119
