matchId,squadId,GS,GA,WA,C,WD,GD,GK,startingTime,finishTime,teamStartScore,teamEndScore,oppStartScore,oppEndScore,duration,plusMinus,plusMinusPer60,oppSquadId
80280604,802,80150,80028,80107,80018,80534,80292,80024,0,1813,0,20,0,33,1813,-13,-25.81356867071153,804
80280604,802,80150,80028,80018,80422,80534,80314,80225,1813,2717,20,29,33,50,904,-8,-31.858407079646017,804
80280604,802,80150,80022,80028,80018,80422,80314,80225,2717,3618,29,41,50,65,901,-3,-11.986681465038846,804
80280604,804,80570,80293,80041,80171,80178,80049,80010,0,2249,0,44,0,23,2249,21,33.614939973321476,802
80280604,804,80570,80293,80041,80178,80176,80049,80010,2249,2717,44,50,23,29,468,0,0.0,802
80280604,804,80003,80293,80041,80178,80176,80474,80010,2717,3618,50,65,29,41,901,3,11.986681465038846,802
