matchId,squadId,GS,GA,WA,C,WD,GD,GK,startingTime,finishTime,teamStartScore,teamEndScore,oppStartScore,oppEndScore,duration,plusMinus,plusMinusPer60
80351302,801,80295,80067,80001,80014,80045,80068,80048,0,1823,0,23,0,28,1823,-5,-9.873834339001647
80351302,801,80295,80067,80001,80014,80045,80068,80440,1823,3650,23,64,28,48,1827,21,41.37931034482759
80351302,805,80198,80100,80055,80699,80223,80304,80580,0,2249,0,36,0,33,2249,3,4.802134281903068
80351302,805,80198,80100,80055,80699,80223,80580,991906,2249,2748,36,40,33,46,499,-9,-64.92985971943888
80351302,805,80198,80100,80055,80699,80223,80304,80054,2748,3067,40,42,46,53,319,-5,-56.426332288401255
80351302,805,80198,80100,80581,80055,80223,80304,80054,3067,3650,42,48,53,64,583,-5,-30.874785591766724
