matchId,squadId,oppSquadId,period,badHands,badPasses,blocked,blocks,breaks,centrePassReceives,contactPenalties,defensiveRebounds,deflections,feeds,gain,goalAssists,goalAttempts,goalMisses,goals,intercepts,missedGoalTurnover,obstructionPenalties,offensiveRebounds,offsides,penalties,pickups,rebounds,tossUpWin,turnovers,possessions,pacePer60,offensiveRating,defensiveRating,netRating
80051303,803,806,1,2,3,0,0,2,14,11,2,4,17,0,10,17,2,15,3,0,3,1,0,14,1,3,0,6,22,86.93743139407245,68.18181818181817,65.21739130434783,2.964426877470345
80051303,803,806,2,1,2,0,0,0,10,6,1,5,14,0,8,14,2,12,1,0,1,0,0,7,5,1,0,9,23,91.08910891089108,52.17391304347826,56.52173913043478,-4.347826086956523
80051303,803,806,3,1,2,0,0,1,12,12,2,2,8,0,5,15,1,14,1,0,4,1,0,16,4,3,0,7,21,83.25991189427313,66.66666666666666,65.0,1.6666666666666572
80051303,803,806,4,1,1,0,0,0,9,9,3,3,11,0,8,14,2,12,3,0,3,0,1,12,2,3,0,5,19,75.58011049723757,63.1578947368421,55.00000000000001,8.157894736842096
80051303,806,803,1,0,1,0,0,2,11,15,1,3,10,0,7,19,4,15,1,0,4,2,0,19,2,3,0,6,23,90.88913282107575,65.21739130434783,68.18181818181817,-2.964426877470345
80051303,806,803,2,0,3,0,0,0,11,19,0,2,14,0,11,15,2,13,4,0,5,1,2,24,3,1,0,9,23,91.08910891089108,56.52173913043478,52.17391304347826,4.347826086956523
80051303,806,803,3,1,1,0,0,1,11,16,0,5,12,0,5,18,5,13,2,0,6,3,2,22,3,3,0,5,20,79.29515418502203,65.0,66.66666666666666,-1.6666666666666572
80051303,806,803,4,0,0,0,0,1,12,15,1,3,14,0,9,16,5,11,0,0,10,1,0,25,0,2,0,5,20,79.55801104972376,55.00000000000001,63.1578947368421,-8.157894736842096
