matchId,squadId,period,badHands,badPasses,blocked,blocks,breaks,centrePassReceives,contactPenalties,defensiveRebounds,deflections,feeds,gain,goalAssists,goalAttempts,goalMisses,goals,intercepts,missedGoalTurnover,obstructionPenalties,offensiveRebounds,offsides,penalties,pickups,rebounds,tossUpWin,turnovers,possessions,pacePer60,offensiveRating,defensiveRating,netRating
90840301,802,1,1,2,1,0,2,12,12,0,4,23,4,7,13,3,10,1,0,2,0,0,14,8,0,0,12,25,98.46827133479212,40.0,69.23076923076923,-29.230769230769226
90840301,802,2,3,1,0,0,0,15,13,0,4,14,4,8,14,5,9,2,0,2,1,0,15,5,1,0,9,22,92.09302325581395,40.909090909090914,82.75862068965517,-41.84952978056426
90840301,802,3,0,1,0,1,0,13,17,1,7,22,4,8,18,5,13,3,0,2,1,1,19,3,2,0,3,20,78.60262008733625,65.0,73.68421052631578,-8.68421052631578
90840301,802,4,1,0,0,0,1,15,19,0,6,18,0,8,14,3,11,0,0,6,0,0,25,1,0,0,5,19,75.0,57.89473684210527,82.14285714285714,-24.24812030075187
90840301,810,1,1,2,0,1,0,14,9,0,3,21,4,13,19,1,18,3,0,5,1,1,14,3,1,0,8,26,102.40700218818381,69.23076923076923,40.0,29.230769230769226
90840301,810,2,2,1,0,0,0,17,5,2,6,26,5,14,30,6,24,1,0,2,4,2,7,5,6,0,3,29,121.39534883720928,82.75862068965517,40.909090909090914,41.84952978056426
90840301,810,3,1,0,1,0,0,11,11,0,9,19,1,9,15,1,14,0,0,3,0,2,14,7,0,0,4,19,74.67248908296943,73.68421052631578,65.0,8.68421052631578
90840301,810,4,0,0,0,0,1,15,5,2,4,25,5,16,27,4,23,1,0,1,1,0,6,4,3,0,2,28,110.5263157894737,82.14285714285714,57.89473684210527,24.24812030075187
