matchId,squadId,GS,GA,WA,C,WD,GD,GK,startingTime,finishTime,teamStartScore,teamEndScore,oppStartScore,oppEndScore,duration,plusMinus,plusMinusPer60,oppSquadId
102000101,811,80052,80072,80574,80833,991905,80470,80048,0,3352,0,47,0,44,3352,3,3.221957040572793,813
102000101,811,80052,80072,992954,80833,991905,80470,80048,3352,3772,47,57,44,50,420,4,34.285714285714285,813
102000101,813,80198,80100,80055,80424,994117,80099,80192,0,1044,0,11,0,17,1044,-6,-20.689655172413794,811
102000101,813,80198,80100,80055,80477,994117,80099,80192,1044,1131,11,12,17,19,87,-1,-41.37931034482759,811
102000101,813,80198,80100,80055,80424,994117,80099,80192,1131,1988,12,23,19,30,857,0,0.0,811
102000101,813,80198,80100,80055,80424,994117,80099,80225,1988,3772,23,50,30,57,1784,0,0.0,811
