matchId,squadId,period,badHands,badPasses,blocked,blocks,breaks,centrePassReceives,contactPenalties,defensiveRebounds,deflections,feeds,gain,goalAssists,goalAttempts,goalMisses,goals,intercepts,missedGoalTurnover,obstructionPenalties,offensiveRebounds,offsides,penalties,pickups,rebounds,tossUpWin,turnovers,possessions,pacePer60,offensiveRating,defensiveRating,netRating
80180204,802,1,1,2,0,0,2,11,15,0,3,8,1,4,11,1,10,1,0,3,0,2,18,0,0,0,8,19,75.49668874172185,52.63157894736842,82.6086956521739,-29.97711670480549
80180204,802,2,2,1,0,0,0,12,8,0,4,20,3,8,18,1,17,3,0,5,1,0,13,2,1,0,4,21,83.53591160220995,80.95238095238095,64.28571428571429,16.666666666666657
80180204,802,3,1,2,0,0,0,10,5,0,6,11,3,7,14,3,11,1,0,2,0,0,7,6,0,0,4,18,71.92008879023308,61.111111111111114,66.66666666666666,-5.555555555555543
80180204,802,4,3,1,0,0,0,10,8,0,5,9,3,3,15,5,10,2,0,7,4,0,15,4,4,0,4,15,59.60264900662252,66.66666666666666,82.35294117647058,-15.686274509803923
80180204,810,1,1,0,0,0,1,14,9,1,1,19,1,14,20,1,19,0,0,2,0,0,11,2,1,0,3,23,91.3907284768212,82.6086956521739,52.63157894736842,29.97711670480549
80180204,810,2,4,0,0,0,0,9,14,0,2,9,2,5,9,0,9,1,0,9,0,0,23,2,0,0,5,14,55.69060773480663,64.28571428571429,80.95238095238095,-16.666666666666657
80180204,810,3,1,2,0,0,2,10,12,2,5,16,3,10,14,2,12,0,0,3,1,0,15,2,3,0,5,18,71.92008879023308,66.66666666666666,61.111111111111114,5.555555555555543
80180204,810,4,1,2,0,0,1,10,16,1,3,11,4,7,15,1,14,2,0,6,1,0,22,4,2,0,3,17,67.54966887417218,82.35294117647058,66.66666666666666,15.686274509803923
