matchId,squadId,oppSquadId,period,badHands,badPasses,blocked,blocks,breaks,centrePassReceives,contactPenalties,defensiveRebounds,deflections,feeds,gain,goalAssists,goalAttempts,goalMisses,goals,intercepts,missedGoalTurnover,obstructionPenalties,offensiveRebounds,offsides,penalties,pickups,rebounds,tossUpWin,turnovers,possessions,pacePer60,offensiveRating,defensiveRating,netRating
90840701,804,806,1,0,0,0,0,0,15,13,0,3,14,3,11,16,2,14,2,0,2,2,0,15,1,2,0,4,18,71.05263157894737,77.77777777777779,93.75,-15.972222222222214
90840701,804,806,2,1,0,0,0,0,12,17,1,7,11,1,7,12,2,10,0,0,4,0,1,21,1,1,0,2,14,55.445544554455445,71.42857142857143,63.63636363636363,7.7922077922077975
90840701,804,806,3,1,1,0,0,0,12,8,0,3,13,2,9,17,3,14,1,0,5,0,3,13,2,0,0,4,21,83.25991189427313,66.66666666666666,72.22222222222221,-5.555555555555557
90840701,804,806,4,1,0,0,0,0,14,9,2,3,16,5,14,19,1,18,1,0,5,0,0,14,4,2,0,2,21,83.81374722838137,85.71428571428571,53.333333333333336,32.38095238095237
90840701,806,804,1,0,0,0,1,0,15,14,0,0,14,0,10,15,0,15,0,0,5,0,0,19,1,0,0,1,16,63.15789473684211,93.75,77.77777777777779,15.972222222222214
90840701,806,804,2,0,0,0,0,0,13,10,1,4,19,5,10,19,5,14,2,0,1,0,2,11,4,1,0,3,22,87.12871287128712,63.63636363636363,71.42857142857143,-7.7922077922077975
90840701,806,804,3,0,2,0,0,2,12,9,1,4,15,2,9,14,1,13,1,0,3,0,1,12,1,1,0,4,18,71.36563876651982,72.22222222222221,66.66666666666666,5.555555555555557
90840701,806,804,4,1,0,0,0,0,9,17,0,4,8,2,3,10,2,8,1,0,4,0,1,21,1,0,0,5,15,59.866962305986696,53.333333333333336,85.71428571428571,-32.38095238095237
