matchId,squadId,GS,GA,WA,C,WD,GD,GK,startingTime,finishTime,teamStartScore,teamEndScore,oppStartScore,oppEndScore,duration,plusMinus,plusMinusPer60,oppSquadId
90840701,806,80052,80072,80069,80178,80474,80470,80048,0,3297,0,46,0,48,3297,-2,-2.183803457688808,804
90840701,806,80052,80072,80069,80178,80474,80470,80048,3297,3631,46,50,48,56,334,-4,-43.11377245508982,804
90840701,804,80570,80064,80041,994224,991901,80042,80010,0,1821,0,24,0,29,1821,-5,-9.884678747940692,806
90840701,804,80570,80064,80041,994224,991901,80042,80010,1821,3631,24,56,29,50,1810,11,21.878453038674035,806
