attempt1,attempt2,goal1,goal2,goalMisses,goalAssists,feeds,feedWithAttempt,centrePassReceives,gain,intercepts,deflections,deflectionWithGain,deflectionWithNoGain,rebounds,pickups,contactPenalties,obstructionPenalties,generalPlayTurnovers,interceptPassThrown,badHands,badPasses,offsides,minutesPlayed,roundNo,squadId,oppSquadId,fantasyScore,matchId,playerId,netPoints
0.0,0.0,0.0,0.0,0.0,0.0,0.0,0.0,0.0,0.0,0.0,0.0,0.0,0.0,0.0,0.0,0.0,0.0,0.0,0.0,0.0,0.0,0.0,5.366666666666666,7.0,8119.0,801.0,15.715555555555556,120450704.0,1001707.0,1.0
0.0,0.0,0.0,0.0,0.0,10.84689497551991,16.58066850387797,13.205779581765182,9.388874882345032,0.22149051549220516,0.0,0.24186155834998235,0.22120023700025396,0.0,0.03418208671201556,1.395632556089897,3.022113022113022,0.37694108858977493,4.645320354483319,1.248150806321679,0.9741727603592775,0.17419138720363272,0.08833879383569954,36.9679049182799,10.0,8119.0,806.0,84.0482844209581,,,
0.0,0.0,0.0,0.0,0.0,11.444760956836934,18.908846142885263,14.348308675450795,8.725107295680044,0.23222748815165875,0.0,0.2286153045731231,0.23847976667881882,0.0,0.027421406749746902,1.4660266692541484,3.6410331520376813,0.44662139053109884,4.313547850669328,1.0434270791236515,1.2404862408101136,0.07817821572126187,0.16404175031216153,38.052727030840984,11.0,8119.0,8117.0,86.78298125778456,,,
0.0,0.0,0.0,0.0,0.0,7.653081762511479,15.167442415862741,10.439075182117598,7.142837174744923,0.11170905767691196,0.0,0.09957301241586375,0.08063906233648445,0.0,0.01989752255911952,1.3010218631178707,3.6309778544951237,0.2976953519050206,5.518397686499224,1.6280383941617622,0.9024226925535853,0.09148814096642129,0.10584024054600123,36.44107038100118,12.0,8119.0,801.0,56.087879093625304,,,
0.0,0.0,0.0,0.0,0.0,9.00163243010651,14.666306291941911,11.015595248296437,7.980605122423854,0.07707931336088615,0.0,0.0990648017876355,0.08884470864231894,0.0,0.011550900070135334,0.7190621519913043,3.834863843939362,0.22033789394772002,3.880577607445935,0.8365105131353492,0.6643772241992884,0.06479322616271936,0.010607278154058087,35.38861137038125,13.0,8119.0,804.0,71.15178030672158,,,
0.0,0.0,0.0,0.0,0.0,9.487334565611063,16.043379373543992,12.213345220487822,9.250228925928889,0.05530888414690718,0.0,0.05973446759307055,0.05226220439298017,0.0,0.00564835126871988,0.6348578403856264,3.426481473691744,0.15509055741164057,3.550419077261342,0.7831578947368422,0.5729502695446967,0.06228244799124553,0.011693700490380987,35.62938852030515,14.0,8119.0,810.0,79.00565047727169,,,
