attempt1,attempt2,goal1,goal2,goalMisses,goalAssists,feeds,feedWithAttempt,centrePassReceives,gain,intercepts,deflections,deflectionWithGain,deflectionWithNoGain,rebounds,pickups,contactPenalties,obstructionPenalties,generalPlayTurnovers,interceptPassThrown,badHands,badPasses,offsides,minutesPlayed,roundNo,squadId,oppSquadId,fantasyScore,matchId,playerId,netPoints
0.0,0.0,0.0,0.0,0.0,0.0,0.0,0.0,0.0,0.0,0.0,0.0,0.0,0.0,0.0,0.0,0.0,0.0,0.0,0.0,0.0,0.0,0.0,5.366666666666666,7.0,8119.0,801.0,15.715555555555556,120450704.0,1001707.0,1.0
0.0,0.0,0.0,0.0,0.0,10.84689497551991,16.58066850387797,13.205779581765182,9.388874882345032,0.22149051549220516,0.0,0.24186155834998235,0.22120023700025396,0.0,0.03418208671201556,1.395632556089897,3.022113022113022,0.37694108858977493,4.645320354483319,1.248150806321679,0.9741727603592775,0.17419138720363272,0.08833879383569954,36.9679049182799,10.0,8119.0,806.0,84.0482844209581,,,
0.0,0.0,0.0,0.0,0.0,7.448164091731717,11.465922560940557,9.13559230942114,6.319032975966311,0.0,0.0,0.09194150490450818,0.0,0.05139806732348974,0.0,0.5389952029006478,3.753090340291738,0.0,2.774221756382421,0.5101682159515697,0.2575862638804732,0.05043134766724317,0.0,30.696142233439783,11.0,8119.0,8117.0,65.29906360890405,,,
0.0,0.0,0.0,0.0,0.0,4.718252267380642,8.59110096898428,6.26899375978753,4.489595406376931,0.0,0.0,0.03652349095944227,0.0,0.02618717517756314,0.0,0.25717117537313433,3.537674142363496,0.0,2.894114326645334,0.49678623865808946,0.04992735437854973,0.043643674212059905,0.0,28.180731890732282,12.0,8119.0,801.0,38.90689137889601,,,
0.0,0.0,0.0,0.0,0.0,5.242366736649477,8.675412984302556,6.516607771381436,4.8690558699958,0.0,0.0,0.005915133401824351,0.0,0.0012127926544212373,0.0,0.15943348660099485,3.4764377483212745,0.0,2.4018540584805645,0.19844289438455576,0.0427710843373494,0.00326428868182088,0.0,27.614055688253732,13.0,8119.0,804.0,45.24911560404378,,,
0.0,0.0,0.0,0.0,0.0,5.364233441852466,9.259582763684236,7.0106552275609975,5.492054516571022,0.0,0.0,0.0018867398570054108,0.0,0.0003873907332569568,0.0,0.10797890936592536,3.173357673491152,0.0,2.127748410509122,0.13846930193439866,0.021711891894447673,0.0008898448364846553,0.0,27.644727274857658,14.0,8119.0,810.0,48.9471662868906,,,
