attempt1,attempt2,goal1,goal2,goalMisses,goalAssists,feeds,feedWithAttempt,centrePassReceives,gain,intercepts,deflections,deflectionWithGain,deflectionWithNoGain,rebounds,pickups,contactPenalties,obstructionPenalties,generalPlayTurnovers,interceptPassThrown,badHands,badPasses,offsides,minutesPlayed,roundNo,squadId,oppSquadId,fantasyScore
,,,,,,,,,,,,,,,,,,,,,,,,11.0,806.0,804.0,0.0
25.68752020357804,2.4457418851435704,25.155413095646214,0.8090428907168038,1.7837731749710315,0.0,0.9820724164292168,0.003993760358779371,0.0,0.0,0.0,0.0,0.0,0.0,0.03604416094210009,0.0,0.0,0.0,1.8584762638717633,0.0,0.0,0.0,0.0,38.30625154046282,12.0,806.0,8118.0,61.134057146089766
30.800086568566062,2.597026751592357,29.6123821692877,0.743875,2.3238948317307693,0.0,1.104918217710096,0.00056823366061688,0.0,0.0,0.0,0.0,0.0,0.0,0.3444995260663507,0.0,0.0,0.0,1.942876988984088,0.0,0.0,0.0,0.0,39.28965095425972,13.0,806.0,807.0,68.07665286533287
23.58790147560731,2.7148474522292996,21.40748118636565,0.7034751773049646,2.847381515151515,0.0,0.9179063360881543,0.00042573452004976555,0.0,0.0,0.0,0.0,0.0,0.0,0.20932193732193732,0.0,0.0,0.0,2.1588394366197186,0.0,0.0,0.0,0.0,39.14429652842014,14.0,806.0,801.0,47.0513183643146
