attempt1,attempt2,goal1,goal2,goalMisses,goalAssists,feeds,feedWithAttempt,centrePassReceives,gain,intercepts,deflections,deflectionWithGain,deflectionWithNoGain,rebounds,pickups,contactPenalties,obstructionPenalties,generalPlayTurnovers,interceptPassThrown,badHands,badPasses,offsides,minutesPlayed,roundNo,squadId,oppSquadId,fantasyScore
27.426552018729208,4.120157209001831,25.911719643463144,1.885928833684868,3.2508333333333335,0.7465527507898959,1.1485164538651667,0.8793937973595813,0.0,0.0,0.0,0.13266347334966822,0.0,0.12995494656886475,0.8367774499776611,0.5999334308336275,0.38963711158980713,0.009537296359117984,2.1736032416177506,0.10228489755542834,0.3629517964179319,0.11182922630465791,0.0,39.003168945045516,10.0,806.0,8119.0,71.07108460465058
24.575362547898663,3.0581693077642833,23.74848162838829,1.2720297747473324,2.32085542351997,0.7050188397653253,1.0861976417245622,0.7786931373402067,0.0,0.0,0.0,0.08205514901201348,0.0,0.08411972750142646,0.6179064757488878,0.4395530243855512,0.537115695404565,0.00703145705416087,2.0216241835622824,0.09154970041988619,0.2986735445836404,0.039831779025741365,0.0,38.803003152188204,11.0,806.0,804.0,65.99825214594102
28.829954102738938,2.645094862865413,27.9809479263677,1.0170958672102837,2.352273242603791,0.7675348320546976,1.1810435115518312,0.8495499008806994,0.0,0.0,0.0,0.07939775756492518,0.0,0.07382075422756314,1.0600413996416267,0.5308631109546441,0.4555431817815006,0.011665523921466197,2.223808180700257,0.13005702495144664,0.24128603446943347,0.06032284587283912,0.0,40.74800087988487,12.0,806.0,8118.0,74.56569035226397
31.34844334595796,3.1586295911782036,29.66147198099329,1.1462659953849381,3.2331677821077602,0.7580254273933692,1.1576486256152616,0.8732703582293397,0.0,0.0,0.0,0.052149210503233706,0.0,0.051719887699436216,0.8590934714073951,0.5285774453892474,0.3544445582761329,0.0,2.0211920154859024,0.059749369145887694,0.26496134984623054,0.032146684129062984,0.0,39.88705076337201,13.0,806.0,807.0,74.44192310256379
23.70521263196234,2.9426915110647376,21.33683244473884,0.9604582473541533,3.338813810476402,0.47360048014866135,0.9021964476954475,0.5766672961065283,0.0,0.0,0.0,0.03942938416375879,0.0,0.041059807674495616,0.7703499374241021,0.4242244804400978,0.37747136218555305,0.0005738236614939374,2.275520277328191,0.12597721645149734,0.12217095441071468,0.026044434995216328,0.0,40.13645323859915,14.0,806.0,801.0,52.262932647660456
