attempt1,attempt2,goal1,goal2,goalMisses,goalAssists,feeds,feedWithAttempt,centrePassReceives,gain,intercepts,deflections,deflectionWithGain,deflectionWithNoGain,rebounds,pickups,contactPenalties,obstructionPenalties,generalPlayTurnovers,interceptPassThrown,badHands,badPasses,offsides,minutesPlayed,roundNo,squadId,oppSquadId,fantasyScore
7.263327954216714,2.532335341176936,5.74066332721008,1.5127529358254148,2.1789275219220916,4.320980224242043,6.007337355500132,4.669538126038468,2.83830681778548,0.0,0.0,0.003734612767730937,0.0,0.0038890407556172683,0.0,0.2696130721489527,1.4140419335153258,0.0,1.9465835266750924,0.1115514421390205,0.10121037780539213,0.040833414352012605,0.0,28.922934040918452,10.0,804.0,801.0,39.2965388221599
8.224618882058774,1.9992960255602177,6.848660396445935,1.451316043768067,1.459905584123891,5.471506190087164,6.212284833139799,5.403054779762339,3.423712976353699,0.0,0.0,0.0056305505244783945,0.0,0.005765607456227712,0.0,0.2723926632119545,1.2106652472769293,0.0,1.6240400111307371,0.051385046179572146,0.0866793214900355,0.022563466247515335,0.0,29.929898414845496,11.0,804.0,806.0,51.28272789109653
9.636181963234382,2.364424667741569,7.8950058481748995,1.4431592861863847,1.9346012443438914,6.360586034749384,7.5227554091276625,6.464268186740078,3.654260458973594,0.0,0.0,0.0039591856356383645,0.0,0.003926591303692694,0.0,0.2843158603045782,1.150153279672639,0.0,1.5603347083335692,0.04221407991581055,0.11005561860105502,0.019029183602878245,0.0,30.35690718197372,12.0,804.0,807.0,58.9352116651406
9.116794751640112,2.591906377620664,7.435048623447802,1.802107206518971,1.8555942073799216,6.13079464954973,7.444136803570897,6.157541804600629,3.6220050624933635,0.0,0.0,0.0006355797546662148,0.0,0.0006226034263417441,0.0,0.23941311852704256,1.0932374264846494,0.0,1.445739761304793,0.032888584208232305,0.07133107133107133,0.017358772914328472,0.0,30.56678959950438,13.0,804.0,8119.0,59.97509850943387
8.733155318946688,2.0475794555155113,7.288822652074265,1.3055305356628164,1.4314234023481054,6.038016624995356,7.095723508655066,5.924705815264678,3.6121310825914277,0.0,0.0,0.00401368478568208,0.0,0.003731758266201174,0.0,0.23442023958886263,1.1519333330440364,0.0,1.5260908018867925,0.031923181938010775,0.04869192087108303,0.013750788184507931,0.0,30.77317356711901,14.0,804.0,8118.0,58.04631163348957
