attempt1,attempt2,goal1,goal2,goalMisses,goalAssists,feeds,feedWithAttempt,centrePassReceives,gain,intercepts,deflections,deflectionWithGain,deflectionWithNoGain,rebounds,pickups,contactPenalties,obstructionPenalties,generalPlayTurnovers,interceptPassThrown,badHands,badPasses,offsides,minutesPlayed,roundNo,squadId,oppSquadId,fantasyScore
9.094939821812716,3.26152712646216,5.567297918766198,2.1062315502181463,5.15298211961362,2.425260743844038,3.413615500071621,2.6012475422483035,0.0,0.0,0.0,0.0,0.0,0.0,0.5266239709846844,0.0,0.0,0.0,0.8080594089530905,0.2263458433930597,0.0,0.0,0.0,27.93283880054862,10.0,804.0,801.0,25.169211109342
9.283519981856337,2.3466499430047816,6.2853178118705015,1.8213573618087417,2.659449804870248,3.8285010860467636,4.5210745187901145,3.852274782951675,1.004791210543423,0.0,0.0,0.0,0.0,0.0,0.31459940579784296,0.0,0.29416290478237384,0.0,1.0580811430520551,0.08518342105843299,0.0,0.0,0.0,30.257213960221407,11.0,804.0,806.0,45.37220932286604
10.307077697996519,2.405889615309072,7.202852534975367,1.6141178938535767,3.0882619239240934,4.216160224919134,5.149588417550581,4.263361675188448,1.564116058853106,0.0,0.0,0.0,0.0,0.0,0.20902352965738982,0.0,0.3072988878644037,0.0,1.125975282946635,0.07876053205594286,0.0,0.0,0.0,28.606340974468665,12.0,804.0,807.0,40.535182286402325
9.390480185924558,2.427586835390304,6.8789735429341565,1.691706335713476,2.528135838150289,4.493850452069976,5.601715643210339,4.541566360648305,1.8614820608011207,0.0,0.0,0.0,0.0,0.0,0.09987732164763992,0.0,0.35657318462615895,0.0,0.9657788678408125,0.0265003192469163,0.0,0.0,0.0,28.243967670737266,13.0,804.0,8119.0,44.78089839047718
9.275323795191767,1.9090543019799031,7.149497780145556,1.2579102511130464,1.8365640149779217,4.664443337284078,5.542436630773333,4.560072510586538,2.0679941992742514,0.0,0.0,0.0,0.0,0.0,0.10221695627294243,0.0,0.42331781221345766,0.0,1.063810110974106,0.0201954839635047,0.0,0.0,0.0,29.357227310382516,14.0,804.0,8118.0,47.41246714789276
