attempt1,attempt2,goal1,goal2,goalMisses,goalAssists,feeds,feedWithAttempt,centrePassReceives,gain,intercepts,deflections,deflectionWithGain,deflectionWithNoGain,rebounds,pickups,contactPenalties,obstructionPenalties,generalPlayTurnovers,interceptPassThrown,badHands,badPasses,offsides,minutesPlayed,roundNo,squadId,oppSquadId,fantasyScore
3.7764492753623187,3.145374449339207,2.6981759779740737,1.7582938388625593,5.542357819905213,10.545940295040076,10.385960005593624,15.765456329735034,2.9247976618705036,6.416666666666666,5.067527308838133,1.7159702110053785,7.188461538461539,2.2583025830258303,12.097826086956522,5.284708893154191,2.121771217712177,2.551546391752577,5.204210526315789,5.9350775193798455,3.2050113895216397,5.908872901678658,17.087336244541486,36.46348139618296,11.0,8119.0,8117.0,182.97345832273425
4.3884564846416385,3.1483480891719746,3.0753403054448873,0.8605200945626478,2.954076363636364,8.477267112509834,10.900137741046832,9.837873289309982,5.627583232077765,0.0,0.0,0.0,0.0,0.0,0.0,0.0,1.5937401935146442,0.0,2.3280553990610326,0.08946921443736729,0.0,0.0,0.0,33.49245691201178,12.0,8119.0,801.0,44.36486474263118
4.074493817149808,3.3075489821882953,2.958232879026808,1.0024067388688327,2.2866072874493923,8.699668980153723,10.487682361888957,9.53911681655546,6.024695035460993,0.0,0.0,0.0,0.0,0.0,0.0,0.0,1.4887849699398799,0.032865811544153925,1.9558023504273505,0.6426150097465887,0.0,0.0,0.0,33.17307542483722,13.0,8119.0,804.0,49.304458873764844
4.271681520180291,4.783859554355166,2.985183980967486,1.5585585585585586,2.971220256253813,9.076018398892606,11.164195056289769,10.331574708704592,6.895961838184734,0.0,0.0,0.0,0.0,0.0,0.0,0.0,1.302482679438394,0.013055609284332689,1.8080942709912093,0.4836351219512195,0.0,0.0,0.0,32.4774734298605,14.0,8119.0,810.0,52.31104466287553
