attempt1,attempt2,goal1,goal2,goalMisses,goalAssists,feeds,feedWithAttempt,centrePassReceives,gain,intercepts,deflections,deflectionWithGain,deflectionWithNoGain,rebounds,pickups,contactPenalties,obstructionPenalties,generalPlayTurnovers,interceptPassThrown,badHands,badPasses,offsides,minutesPlayed,roundNo,squadId,oppSquadId,fantasyScore,matchId,playerId,netPoints
0.0,0.0,0.0,0.0,0.0,10.0,14.0,10.0,0.0,1.0,1.0,0.0,0.0,0.0,0.0,1.0,3.0,0.0,3.0,0.0,0.0,1.0,0.0,30.0,8.0,807.0,8119.0,68.0,120450801.0,1019380.0,41.5
0.0,0.0,0.0,0.0,0.0,8.0,15.0,11.0,0.0,0.0,0.0,1.0,0.0,1.0,0.0,0.0,2.0,0.0,3.0,1.0,0.0,0.0,0.0,30.08333333333333,9.0,807.0,801.0,47.02222222222222,120450901.0,1019380.0,22.0
0.0,0.0,0.0,0.0,0.0,5.343218705495166,9.738758483646379,6.914959131689054,1.1379685034913363,0.14263610178771216,0.18848959003120497,0.4752894821871242,0.0,0.4879388653664863,0.0,0.04932338476906142,3.1183135508771462,0.006108458936196458,1.7439921558401603,0.15044776119402983,0.0,0.051418422155975266,0.0,39.322897169319084,10.0,807.0,810.0,52.54644027008987,,,
0.0,0.0,0.0,0.0,0.0,5.153065361089468,8.651442962584776,6.147884507298024,1.0701338219787917,0.16460484199230313,0.12549070558462705,0.42030473310135075,0.0,0.3929232447176062,0.0,0.03549558675891393,3.177409647249397,0.010966954105311406,1.632561164976248,0.039107693434918205,0.0,0.04372462980635323,0.0,40.296162492962175,11.0,807.0,8118.0,52.02269513466436,,,
0.0,0.0,0.0,0.0,0.0,5.105722167227645,8.817569044990309,6.0844536115391605,0.7234371256138311,0.05809750742951997,0.05866348603232925,0.28463057037585404,0.0,0.28193036003702565,0.0,0.02090625302106052,3.2253724426533275,0.0029094057880522935,1.5045960107705443,0.025508031574239906,0.0,0.02237972671183618,0.0,38.610859020861305,12.0,807.0,804.0,48.94925224411021,,,
0.0,0.0,0.0,0.0,0.0,4.881616548734765,8.108248665282115,5.930559355576291,0.6970676009519312,0.028618055336794415,0.02628829216470464,0.2830894153053526,0.0,0.2867424995981877,0.0,0.0005732125249145278,2.527904752835794,0.0009130414623744888,1.3687266412216337,0.021077557118818674,0.0,0.0005544634971596948,0.0,38.781986193431514,13.0,807.0,806.0,48.11845995632028,,,
0.0,0.0,0.0,0.0,0.0,4.9764847976233035,8.608806849080938,6.095976447497547,0.6439089426133512,0.019896640826873382,0.02269693540564883,0.18622932522538993,0.0,0.18323178580623017,0.0,0.0,2.776395205812523,0.0010549029009829776,1.036359581123351,0.0,0.0,0.0,0.0,39.09314749637705,14.0,807.0,8117.0,49.52453595462691,,,
