attempt1,attempt2,goal1,goal2,goalMisses,goalAssists,feeds,feedWithAttempt,centrePassReceives,gain,intercepts,deflections,deflectionWithGain,deflectionWithNoGain,rebounds,pickups,contactPenalties,obstructionPenalties,generalPlayTurnovers,interceptPassThrown,badHands,badPasses,offsides,minutesPlayed,roundNo,squadId,oppSquadId,fantasyScore,matchId,playerId,netPoints
0.0,0.0,0.0,0.0,0.0,0.0,0.0,0.0,3.0,0.0,0.0,0.0,0.0,0.0,0.0,0.0,4.0,0.0,1.0,0.0,0.0,1.0,0.0,37.43333333333333,9.0,810.0,806.0,18.0,120450902.0,1022296.0,2.0
0.0,0.0,0.0,0.0,0.0,0.0,0.0,0.0,1.5719786806585205,0.0,0.0,0.0,0.0,0.0,0.0,0.0,1.939407454603377,0.0,0.223460650670959,0.0,0.0,0.20659015179563123,0.0,23.91538310160074,10.0,810.0,807.0,18.882696746645205,,,
0.0,0.0,0.0,0.0,0.0,0.0,0.0,0.0,0.899836267264236,0.0,0.0,0.0,0.0,0.0,0.0,0.0,1.5270340863552527,0.0,0.05863228814356161,0.0,0.0,0.05740402360670104,0.0,20.66579909334571,11.0,810.0,801.0,19.706838559282193,,,
0.0,0.0,0.0,0.0,0.0,0.0,0.0,0.0,0.9222915675723884,0.0,0.0,0.0,0.0,0.0,0.0,0.0,1.5565500696329277,0.0,0.030107003044802086,0.0,0.0,0.024823777341762953,0.0,21.016967789453943,12.0,810.0,8117.0,19.849464984775988,,,
0.0,0.0,0.0,0.0,0.0,0.0,0.0,0.0,0.9153379585294859,0.0,0.0,0.0,0.0,0.0,0.0,0.0,1.490527750617724,0.0,0.030076306802409282,0.0,0.0,0.03663037187579914,0.0,21.53014552035475,13.0,810.0,8118.0,19.849618465987955,,,
0.0,0.0,0.0,0.0,0.0,0.0,0.0,0.0,0.6693081103717663,0.0,0.0,0.0,0.0,0.0,0.0,0.0,1.030641360092491,0.0,0.0014877311335593695,0.0,0.0,0.0014875531268973893,0.0,19.629930558499797,14.0,810.0,8119.0,19.992561344332202,,,
