attempt1,attempt2,goal1,goal2,goalMisses,goalAssists,feeds,feedWithAttempt,centrePassReceives,gain,intercepts,deflections,deflectionWithGain,deflectionWithNoGain,rebounds,pickups,contactPenalties,obstructionPenalties,generalPlayTurnovers,interceptPassThrown,badHands,badPasses,offsides,minutesPlayed,roundNo,squadId,oppSquadId,fantasyScore,matchId,playerId,netPoints
0.0,0.0,0.0,0.0,0.0,0.0,2.0,0.0,0.0,0.0,0.0,1.0,0.0,1.0,0.0,0.0,2.0,0.0,0.0,0.0,0.0,0.0,0.0,9.5,4.0,8117.0,804.0,21.266666666666666,120450401.0,1028098.0,9.5
0.0,0.0,0.0,0.0,0.0,0.0,0.0,0.0,1.0,1.0,1.0,1.0,0.0,1.0,0.0,0.0,5.0,2.0,0.0,0.0,0.0,0.0,0.0,33.166666666666664,8.0,8117.0,806.0,51.84444444444444,120450804.0,1028098.0,14.5
0.0,0.0,0.0,0.0,0.0,0.0,0.0,0.0,0.0,0.0,0.0,0.0,0.0,0.0,0.0,0.0,12.0,2.0,0.0,0.0,0.0,0.0,1.0,45.0,9.0,8117.0,804.0,27.0,120450903.0,1028098.0,1.0
0.0,0.0,0.0,0.0,0.0,0.0,0.4027793416578904,0.0,0.06191160661489764,0.0688770000751202,0.05316109239653514,0.1811671456833972,0.0,0.16844172613649805,0.0,0.0,7.22303136720685,1.1406304522720223,0.0,0.0,0.0,0.0,0.26876975763962063,31.036470139537872,10.0,8117.0,8118.0,28.42512565549613,,,
0.0,0.0,0.0,0.0,0.0,0.0,0.3418646283470286,0.0,0.04207554642809198,0.04041683358499481,0.04575301708021417,0.13996999768203666,0.0,0.13711229708323242,0.0,0.0,5.614749671545409,0.854158681283678,0.0,0.0,0.0,0.0,0.037902694150221954,29.3550509746758,11.0,8117.0,8119.0,21.53966776072705,,,
0.0,0.0,0.0,0.0,0.0,0.0,0.15507436273956096,0.0,0.03651739276080325,0.02234391647134029,0.029058175866686502,0.06000181066481576,0.0,0.06083822469364638,0.0,0.0,6.387914568045784,0.6967608986757923,0.0,0.0,0.0,0.0,0.03878710501117139,30.86447348358889,12.0,8117.0,810.0,28.10239064558524,,,
0.0,0.0,0.0,0.0,0.0,0.0,0.12705879054248242,0.0,0.00212882631514893,0.0028975562823271442,0.0030101781170483463,0.019108673633241927,0.0,0.020409052555687163,0.0,0.0,6.335181843346428,0.5818974918211559,0.0,0.0,0.0,0.0,0.026561052732441148,30.815448399969853,13.0,8117.0,801.0,27.383080989985643,,,
0.0,0.0,0.0,0.0,0.0,0.0,0.12507357816368936,0.0,0.0010645625467624092,0.000527925185459432,0.0005590970055909701,0.017728621286591372,0.0,0.017582668906396638,0.0,0.0,5.164557137931532,0.4109422050516614,0.0,0.0,0.0,0.0,0.0015220700152207,29.439820596121724,14.0,8117.0,807.0,21.043105424159272,,,
