attempt1,attempt2,goal1,goal2,goalMisses,goalAssists,feeds,feedWithAttempt,centrePassReceives,gain,intercepts,deflections,deflectionWithGain,deflectionWithNoGain,rebounds,pickups,contactPenalties,obstructionPenalties,generalPlayTurnovers,interceptPassThrown,badHands,badPasses,offsides,minutesPlayed,roundNo,squadId,oppSquadId,fantasyScore,matchId,playerId,netPoints
4.0,1.0,3.0,1.0,1.0,12.0,12.0,12.0,13.0,0.0,0.0,0.0,0.0,0.0,0.0,0.0,1.0,3.0,1.0,0.0,0.0,0.0,0.0,30.0,9.0,810.0,806.0,74.0,120450902.0,80009.0,46.0
8.200179916206615,1.8972852121497383,6.676999456425264,0.652264600715137,2.2892336916659026,9.632554266032612,9.878746688339932,10.011477915659976,11.21902499355641,0.0,0.0,0.10709620739071833,0.0,0.10621452876913672,0.0,0.2414777189529802,0.27701474931704717,1.1369375564650213,0.36519658975028557,0.02623268569841582,0.14522005082420672,0.0,0.0,31.81438305303484,10.0,810.0,807.0,73.48593230376098,,,
5.794733294082395,1.8403007804394236,4.527509325847723,0.47088647913395026,2.2782614661245253,6.9181377376909445,8.281937897117858,7.615264518217617,8.848122745842433,0.0,0.0,0.11004755190770533,0.0,0.11459806974445791,0.0,0.11616510215350635,0.12229569876325291,1.0481524470638615,0.3757185483599184,0.03793460815657089,0.09928265320582674,0.0,0.0,31.582395261464004,11.0,810.0,801.0,55.45059128842512,,,
5.830002337540907,1.015542844962342,4.491157434305232,0.08286314210365388,1.4770139791316315,8.82212555830545,9.462530900257578,9.258497321061128,9.7345836158694,0.0,0.0,0.0,0.0,0.0,0.0,0.0,0.09197193786453994,1.161056493182574,0.07563242784380306,0.0,0.0,0.0,0.0,30.708156711605362,12.0,810.0,8117.0,65.00476391957702,,,
5.595158933731614,0.7320892743719474,4.371682835244895,0.08367864431937658,1.0010164460978634,9.01973821383065,9.24191359627786,9.120087094992037,10.225143290058742,0.0,0.0,0.0,0.0,0.0,0.0,0.0,0.051020836359528074,1.2757321731748725,0.0709206740649404,0.0,0.0,0.0,0.0,30.566559798287898,13.0,810.0,8118.0,68.96470479091462,,,
5.710404432989691,0.7789031531531533,4.340754510162138,0.040232843137254906,1.0897583333333334,9.019732899779353,9.495802003081662,9.215596078431373,10.076376172713914,0.0,0.0,0.0,0.0,0.0,0.0,0.0,0.004952983725135624,0.9678816831683169,0.007260127931769722,0.0,0.0,0.0,0.0,30.400553489513527,14.0,810.0,8119.0,68.5167453719397,,,
