matchId,squadId,GS,GA,WA,C,WD,GD,GK,startingTime,finishTime,teamStartScore,teamEndScore,oppStartScore,oppEndScore,duration,plusMinus,plusMinusPer60
95631102,809,80150,991906,80055,994117,80701,80057,993358,0,1834,0,29,0,30,1834,-1,-1.9629225736095965
95631102,809,80150,991906,80055,80701,994117,80057,993358,1834,2738,29,43,30,45,904,-1,-3.982300884955752
95631102,809,80150,80022,80055,994117,80701,80057,993358,2738,3649,43,59,45,53,911,8,31.613611416026345
95631102,808,80826,80287,80477,80424,80095,80582,80225,0,912,0,13,0,17,912,-4,-15.789473684210527
95631102,808,80826,80287,80424,80095,80432,80582,80225,912,3649,13,53,17,59,2737,-2,-2.630617464377055
