matchId,squadId,GS,GA,WA,C,WD,GD,GK,startingTime,finishTime,teamStartScore,teamEndScore,oppStartScore,oppEndScore,duration,plusMinus,plusMinusPer60,oppSquadId
80121104,809,80111,80019,80029,80105,80108,80091,80101,0,1096,0,15,0,22,1096,-7,-22.99270072992701,807
80121104,809,80019,80111,80029,80105,80175,80108,80101,1096,2706,15,38,22,43,1610,2,4.472049689440994,807
80121104,809,80019,80111,80029,80105,80091,80108,80101,2706,3613,38,54,43,55,907,4,15.876515986769569,807
80121104,807,80078,80009,80178,80081,80076,80180,80080,0,3559,0,54,0,53,3559,1,1.0115200899128969,809
80121104,807,80078,80009,80296,80081,80076,80180,80080,3559,3613,54,55,53,54,54,0,0.0,809
