matchId,squadId,GS,GA,WA,C,WD,GD,GK,startingTime,finishTime,teamStartScore,teamEndScore,oppStartScore,oppEndScore,duration,plusMinus,plusMinusPer60
98181301,808,80826,80287,80477,80424,80095,80098,80225,0,3663,0,65,0,56,3663,9,8.845208845208845
98181301,804,80570,994215,80041,994224,991901,80577,80010,0,1434,0,25,0,26,1434,-1,-2.5104602510460254
98181301,804,80298,994215,80041,994224,991901,80577,80010,1434,2239,25,31,26,41,805,-9,-40.24844720496895
98181301,804,1001717,994215,80041,994224,991901,80577,80010,2239,3175,31,47,41,57,936,0,0.0
98181301,804,1001717,994215,80041,994224,991901,994226,80010,3175,3663,47,56,57,65,488,1,7.3770491803278695
