matchId,squadId,GS,GA,WA,C,WD,GD,GK,startingTime,finishTime,teamStartScore,teamEndScore,oppStartScore,oppEndScore,duration,plusMinus,plusMinusPer60,oppSquadId
95630304,801,80295,80067,80001,80439,80045,80180,80530,0,2744,0,37,0,40,2744,-3,-3.9358600583090375,805
95630304,801,80295,80067,80001,80045,80045,80180,80530,2744,3194,37,43,40,48,450,-2,-16.0,805
95630304,801,80295,80067,80001,80576,80180,80180,80530,3194,3677,43,51,48,51,483,5,37.26708074534161,805
95630304,805,80054,80100,80154,80105,80535,80304,80604,0,3677,0,51,0,51,3677,0,0.0,801
