matchId,squadId,GS,GA,WA,C,WD,GD,GK,startingTime,finishTime,teamStartScore,teamEndScore,oppStartScore,oppEndScore,duration,plusMinus,plusMinusPer60,oppSquadId
120450204,8119,1010545,1001711,80575,1004473,80299,1011747,80010,0,3600,0,61,0,62,3600,-1,-1.0,804
120450204,804,80540,1001708,994224,991901,1001701,994213,1004510,0,930,0,15,0,19,930,-4,-15.483870967741936,8119
120450204,804,80540,1001708,994224,991901,1001701,80577,1004510,930,1800,15,28,19,33,870,-1,-4.137931034482759,8119
120450204,804,80540,1001708,1022297,994224,991901,80577,994213,1800,3600,28,62,33,61,1800,6,12.0,8119
