attempt1,attempt2,goal1,goal2,goalMisses,goalAssists,feeds,feedWithAttempt,centrePassReceives,gain,intercepts,deflections,deflectionWithGain,deflectionWithNoGain,rebounds,pickups,contactPenalties,obstructionPenalties,generalPlayTurnovers,interceptPassThrown,badHands,badPasses,offsides,minutesPlayed,roundNo,squadId,oppSquadId,fantasyScore
,,,,,,,,,,,,,,,,,,,,,,,,8.0,806.0,8117.0,0.0
27.197057010031806,4.1299822784810125,25.627490397619695,1.3709199669966996,2.6380367917586467,0.0,1.0336909151860543,0.0,0.0,0.0,0.0,0.0,0.0,0.0,0.20322089227421108,0.0,0.0,0.0,1.474236311239193,0.0,0.0,0.0,0.0,38.94619391660816,9.0,806.0,810.0,63.935239543601455
28.014704047736224,4.088317415730337,26.525421095666395,1.4086496124031007,2.822373831775701,0.0,1.045828437132785,0.0,0.0,0.0,0.0,0.0,0.0,0.0,0.1563202687569989,0.0,0.0,0.0,1.51330697002528,0.0,0.0,0.0,0.0,39.08752406405001,10.0,806.0,8119.0,64.60593720053149
24.868768521886746,3.375687943262412,24.264852061438965,1.113673282442748,2.0167783182765806,0.0009613899613899613,0.5912791276225225,0.06038170420246111,0.0,0.0,0.0,0.0,0.0,0.0,0.0990576923076923,0.0,0.0,0.0,1.4131549118387907,0.0,0.0,0.0,0.0,39.058474734713066,11.0,806.0,804.0,62.56121168834159
27.03240881701918,2.747410395655547,26.49524825748258,0.8636721556886227,1.836534818941504,0.0010457079152731328,0.4967228996158342,0.054569486758846965,0.0,0.0,0.0,0.0,0.0,0.0,0.05147540983606558,0.0,0.0,0.0,1.3013503450780968,0.0,0.0,0.0,0.0,39.05245338711779,12.0,806.0,8118.0,66.74466350984032
30.499457943925236,2.8971751767478398,29.14862582781457,0.7721973094170403,2.4266480811006517,0.0,0.4739295774647887,0.0229395486935867,0.0,0.0,0.0,0.0,0.0,0.0,0.022724177071509644,0.0,0.0,0.0,1.2190180897250362,0.0,0.0,0.0,0.0,39.109997055692695,13.0,806.0,807.0,68.81572554336049
23.544420072115383,2.7204545454545457,21.455792925278224,0.6705812220566318,2.5792229484386344,0.0,0.3043090909090909,0.00726743651614386,0.0,0.0,0.0,0.0,0.0,0.0,0.01719375,0.0,0.0,0.0,1.347716814159292,0.0,0.0,0.0,0.0,38.98914230063642,14.0,806.0,801.0,51.38634311990661
