attempt1,attempt2,goal1,goal2,goalMisses,goalAssists,feeds,feedWithAttempt,centrePassReceives,gain,intercepts,deflections,deflectionWithGain,deflectionWithNoGain,rebounds,pickups,contactPenalties,obstructionPenalties,generalPlayTurnovers,interceptPassThrown,badHands,badPasses,offsides,minutesPlayed,roundNo,squadId,oppSquadId,fantasyScore
,,,,,,,,,,,,,,,,,,,,,,,,8.0,8119.0,807.0,0.0
5.293314006394491,3.432117920868891,3.8598198031980324,0.8697604790419161,2.736892757660167,10.678246376811595,12.597556372139634,11.689996719006327,6.74209509202454,0.0,0.0,0.0,0.0,0.0,0.0,0.0,1.0827896158000307,0.007949297495418447,2.0733641482019616,0.8174536817102137,0.0,0.0,0.0,34.07430426272045,9.0,8119.0,8118.0,54.51263505003223
4.822495958853783,2.4514447829398325,3.4997202283849917,0.7766272189349113,2.1790946786454737,9.90496509695291,11.044378655212292,10.623954799627214,6.445781948773547,0.0,0.0,0.0,0.0,0.0,0.0,0.0,1.0567607567897468,0.0,2.0201308360477745,0.730046403712297,0.0,0.0,0.0,33.42636254458978,10.0,8119.0,806.0,53.632704566163355
5.0375292589385126,2.8376263693270736,3.55355675749692,0.8493823088455772,2.7866340762041695,10.138240624564338,11.885115307150048,11.226239278982092,6.2371171250508075,0.0,0.0,0.0,0.0,0.0,0.0,0.0,1.1827064305684998,0.033683582089552244,1.7703509272467903,0.577873708381171,0.0,0.0,0.0,32.884978370665635,11.0,8119.0,8117.0,54.082076307164
4.121647536057693,2.9662335423197494,2.7521184419713833,0.8157973174366617,3.1473413217138706,8.069933671399596,10.872594958677686,9.456217396300127,5.464357751731486,0.0,0.0,0.0,0.0,0.0,0.0,0.0,1.0204749923289353,0.010049382716049382,2.205144542772861,0.8965384615384615,0.0,0.0,0.0,33.20009965347768,12.0,8119.0,801.0,37.43363384403516
4.059852309930885,3.0305587076438143,2.8566224737267585,0.955163358778626,2.218615705350938,8.774606177606177,10.665327763496144,9.614733224982587,5.9196404387865655,0.0,0.0,0.0,0.0,0.0,0.0,0.0,1.200476850393701,0.01307451923076923,1.8954030226700251,0.6263917525773196,0.0,0.0,0.0,33.0983441733189,13.0,8119.0,804.0,48.84059740755857
4.245843834108148,4.7753645569620256,2.8874611847443874,1.6238325082508251,3.1558410596026496,9.040372093023256,11.395925494468655,10.43857419809658,6.810112444812363,0.0,0.0,0.0,0.0,0.0,0.0,0.0,1.0717155025553662,0.0013773529411764706,1.8426743515850144,0.5255347222222222,0.0,0.0,0.0,32.93541775190813,14.0,8119.0,810.0,51.05915512403731
