matchId,squadId,period,badHands,badPasses,blocked,blocks,breaks,centrePassReceives,contactPenalties,defensiveRebounds,deflections,feeds,gain,goalAssists,goalAttempts,goalMisses,goals,intercepts,missedGoalTurnover,obstructionPenalties,offensiveRebounds,offsides,penalties,pickups,rebounds,tossUpWin,turnovers,possessions,pacePer60,offensiveRating,defensiveRating,netRating
80050301,803,1,2,4,1,0,1,12,10,1,5,11,0,6,13,3,10,0,0,5,0,0,15,3,1,0,10,23,90.19607843137254,43.47826086956522,70.83333333333334,-27.355072463768124
80050301,803,2,0,3,0,0,1,10,4,0,2,13,0,8,16,5,11,3,0,2,1,1,6,5,1,0,12,27,105.99781897491822,40.74074074074074,51.85185185185185,-11.111111111111107
80050301,803,3,0,4,0,0,0,7,9,0,3,12,0,7,18,6,12,0,0,3,2,0,12,5,2,0,6,22,87.41721854304636,54.54545454545454,57.14285714285714,-2.597402597402599
80050301,803,4,1,1,0,0,0,12,9,0,4,19,0,12,18,5,13,2,0,3,1,0,12,2,1,0,7,24,95.04950495049505,54.166666666666664,60.0,-5.833333333333336
80050301,807,1,1,2,0,1,0,13,11,0,3,22,0,11,21,4,17,1,0,6,1,0,17,2,1,0,4,24,94.11764705882352,70.83333333333334,43.47826086956522,27.355072463768124
80050301,807,2,1,4,0,0,0,12,12,3,6,16,0,12,17,3,14,2,0,2,2,0,14,4,5,0,12,27,105.99781897491822,51.85185185185185,40.74074074074074,11.111111111111107
80050301,807,3,2,3,0,0,2,12,20,0,7,13,0,6,17,5,12,0,0,4,3,0,24,3,3,0,7,21,83.44370860927152,57.14285714285714,54.54545454545454,2.597402597402599
80050301,807,4,1,1,0,0,0,14,10,3,6,19,0,10,19,4,15,1,0,3,2,1,13,2,5,0,8,25,99.00990099009901,60.0,54.166666666666664,5.833333333333336
