matchId,squadId,GS,GA,WA,C,WD,GD,GK,startingTime,finishTime,teamStartScore,teamEndScore,oppStartScore,oppEndScore,duration,plusMinus,plusMinusPer60,oppSquadId
80350302,810,80113,80064,80473,80152,80299,80133,80530,0.0,3253.0,0,53,0,42,3253.0,11,12.173378419920073,809
80350302,810,80113,80003,80473,80299,80450,80133,80530,3253.0,3666.0,53,57,42,51,413.0,-5,-43.58353510895883,809
80350302,809,80111,80387,80572,80105,80175,80101,80057,0.0,712.0,0,8,0,9,712.0,-1,-5.056179775280898,810
80350302,809,80111,80387,80572,80105,80175,80101,80393,712.0,781.0,8,8,9,12,69.0,-3,-156.5217391304348,810
80350302,809,80111,80022,80572,80105,80175,80101,80393,781.0,914.0,8,9,12,15,133.0,-2,-54.13533834586466,810
80350302,809,80111,80022,80572,80105,80175,80101,80057,914.0,1551.0,9,15,15,26,637.0,-5,-28.2574568288854,810
80350302,809,80111,80022,80572,80105,80108,80101,80057,1551.0,3666.0,15,51,26,57,2115.0,5,8.51063829787234,810
