matchId,squadId,GS,GA,WA,C,WD,GD,GK,startingTime,finishTime,teamStartScore,teamEndScore,oppStartScore,oppEndScore,duration,plusMinus,plusMinusPer60
80280802,806,80072,80179,80075,80069,80162,80006,80038,0,906,0,13,0,12,906,1,3.9735099337748347
80280802,806,80072,80179,80069,80075,80162,80006,80038,906,1828,13,27,12,24,922,2,7.809110629067245
80280802,806,80072,80157,80069,80075,80162,80006,80038,1828,2348,27,34,24,31,520,0,0.0
80280802,806,80072,80157,80069,80574,80162,80006,80038,2348,2646,34,39,31,34,298,2,24.161073825503355
80280802,806,80072,80157,80069,80574,80173,80162,80038,2646,3645,39,52,34,47,999,0,0.0
80280802,810,80113,80064,80152,80299,80132,80450,80530,0,1828,0,24,0,27,1828,-3,-5.908096280087527
80280802,810,80113,80064,80152,80299,80132,80133,80530,1828,2646,24,34,27,39,818,-2,-8.80195599022005
80280802,810,80113,80064,80152,80299,80450,80133,80530,2646,3645,34,47,39,52,999,0,0.0
