matchId,squadId,GS,GA,WA,C,WD,GD,GK,startingTime,finishTime,teamStartScore,teamEndScore,oppStartScore,oppEndScore,duration,plusMinus,plusMinusPer60,oppSquadId
80180902,803,80052,80032,80170,80154,80212,80099,80024,0.0,2376.0,0,24,0,41,2376.0,-17,-25.757575757575758,807
80180902,803,80052,80302,80170,80154,80212,80099,80024,2376.0,3638.0,24,44,41,61,1262.0,0,0.0,807
80180902,807,80078,80009,80301,80081,80077,80180,80080,0.0,762.0,0,12,0,8,762.0,4,18.897637795275593,803
80180902,807,80078,80009,80301,80443,80077,80180,80080,762.0,3282.0,12,55,8,38,2520.0,13,18.571428571428573,803
80180902,807,80078,80009,80301,80443,80077,80470,80080,3282.0,3638.0,55,61,38,44,356.0,0,0.0,803
