matchId,squadId,period,badHands,badPasses,blocked,blocks,breaks,centrePassReceives,contactPenalties,defensiveRebounds,deflections,feeds,gain,goalAssists,goalAttempts,goalMisses,goals,intercepts,missedGoalTurnover,obstructionPenalties,offensiveRebounds,offsides,penalties,pickups,rebounds,tossUpWin,turnovers,possessions,pacePer60,offensiveRating,defensiveRating,netRating
90841102,802,1,0,1,0,0,1,15,19,0,1,19,0,11,16,1,15,0,0,1,0,0,20,3,0,0,4,20,78.34602829162134,75.0,81.81818181818183,-6.818181818181827
90841102,802,2,0,1,0,0,2,12,16,1,2,20,1,9,15,1,14,0,0,7,0,0,23,1,1,0,1,16,62.47288503253796,87.5,73.68421052631578,13.81578947368422
90841102,802,3,0,2,0,0,0,10,18,0,3,17,4,10,13,3,10,4,0,3,0,1,21,2,0,0,5,18,61.89111747851003,55.55555555555556,87.5,-31.944444444444443
90841102,802,4,1,1,0,0,0,11,17,0,5,18,1,6,14,3,11,1,0,6,0,2,23,3,0,0,6,20,76.10993657505286,55.00000000000001,66.66666666666666,-11.66666666666665
90841102,803,1,1,1,0,0,0,16,13,0,4,28,0,13,20,2,18,0,0,9,0,1,23,0,0,0,2,22,86.18063112078346,81.81818181818183,75.0,6.818181818181827
90841102,803,2,1,1,0,0,1,8,15,0,2,21,1,6,16,2,14,0,0,6,0,1,22,0,0,0,3,19,74.18655097613883,73.68421052631578,87.5,-13.81578947368422
90841102,803,3,0,2,0,0,1,10,10,2,5,21,4,10,14,0,14,1,0,3,0,3,14,5,2,0,2,16,55.014326647564474,87.5,55.55555555555556,31.944444444444443
90841102,803,4,3,2,0,0,0,8,9,1,6,17,1,7,13,1,12,0,0,5,0,1,15,2,1,0,5,18,68.49894291754757,66.66666666666666,55.00000000000001,11.66666666666665
