matchId,squadId,GS,GA,WA,C,WD,GD,GK,startingTime,finishTime,teamStartScore,teamEndScore,oppStartScore,oppEndScore,duration,plusMinus,plusMinusPer60
90841102,802,80540,80028,80107,80146,80223,80160,80247,0,919,0,15,0,18,919,-3,-11.7519042437432
90841102,802,80540,80028,80107,80146,80223,80160,80247,919,3834,15,50,18,58,2915,-5,-6.174957118353345
90841102,803,80111,80058,80094,80154,80427,80099,80127,0,1841,0,32,0,29,1841,3,5.866376969038566
90841102,803,80111,80058,80094,80154,80427,80099,80127,1841,2419,32,43,29,35,578,5,31.14186851211073
90841102,803,80111,80058,80094,80154,80427,80099,80127,2419,3366,43,53,35,44,947,1,3.801478352692714
90841102,803,80111,80058,80094,80154,80427,80099,80127,3366,3834,53,58,44,50,468,-1,-7.6923076923076925
