matchId,squadId,GS,GA,WA,C,WD,GD,GK,startingTime,finishTime,teamStartScore,teamEndScore,oppStartScore,oppEndScore,duration,plusMinus,plusMinusPer60
80050902,804,80052,80050,80171,80043,80045,80049,80127,0,919,0,10,0,13,919,-3,-11.7519042437432
80050902,804,80052,80050,80171,80043,80174,80049,80127,919,962,10,11,13,14,43,0,0.0
80050902,804,80052,80050,80045,80043,80174,80049,80127,962,2740,11,41,14,43,1778,1,2.0247469066366706
80050902,804,80052,80050,80045,80043,80174,80049,80180,2740,3647,41,57,43,53,907,6,23.814773980154353
80050902,807,80078,80087,80085,80081,80076,80083,80080,0,1824,0,27,0,23,1824,4,7.894736842105264
80050902,807,80078,80155,80085,80081,80076,80020,80080,1824,2740,27,43,23,41,916,-2,-7.860262008733624
80050902,807,80078,80155,80085,80081,80077,80020,80080,2740,3647,43,53,41,57,907,-6,-23.814773980154353
