matchId,squadId,GS,GA,WA,C,WD,GD,GK,startingTime,finishTime,teamStartScore,teamEndScore,oppStartScore,oppEndScore,duration,plusMinus,plusMinusPer60,oppSquadId
116650901,8117,1001357,80475,1022293,1000831,1015543,80440,1006231,0,1469,0,25,0,31,1469,-6,-14.703880190605854,810
116650901,8117,1001357,80475,1022293,1000831,1015543,80440,1001920,1469,1800,25,30,31,40,331,-4,-43.50453172205438,810
116650901,8117,1022298,1001357,80475,1015543,1000831,1006231,1001920,1800,3397,30,62,40,72,1597,0,0.0,810
116650901,8117,1022298,1001357,80475,1025021,1000831,1006231,1001920,3397,3600,62,65,72,74,203,1,17.733990147783253,810
116650901,810,80826,1000231,80301,80473,80534,1014130,80343,0,2265,0,48,0,39,2265,9,14.304635761589402,8117
116650901,810,80826,1007298,994215,80473,80534,1014130,80343,2265,2700,48,56,39,49,435,-2,-16.551724137931036,8117
116650901,810,80826,1007298,994215,80473,1014130,80534,80343,2700,3600,56,74,49,65,900,2,8.0,8117
