matchId,squadId,period,badHands,badPasses,blocked,blocks,breaks,centrePassReceives,contactPenalties,defensiveRebounds,deflections,feeds,gain,goalAssists,goalAttempts,goalMisses,goals,intercepts,missedGoalTurnover,obstructionPenalties,offensiveRebounds,offsides,penalties,pickups,rebounds,tossUpWin,turnovers,possessions,pacePer60,offensiveRating,defensiveRating,netRating
80351203,802,1,3,0,0,0,0,14,2,0,5,16,2,9,23,6,17,1,0,3,0,0,5,4,0,0,6,29,112.98701298701299,58.620689655172406,81.48148148148148,-22.860791826309075
80351203,802,2,1,4,0,0,1,12,5,0,1,12,3,9,14,1,13,3,0,5,0,1,12,0,0,0,8,22,86.8421052631579,59.09090909090909,80.76923076923077,-21.67832167832168
80351203,802,3,3,0,0,0,1,14,6,1,1,18,2,8,22,7,15,1,0,5,1,0,11,0,2,0,8,29,114.72527472527473,51.724137931034484,66.66666666666666,-14.942528735632173
80351203,802,4,1,0,0,0,2,13,7,1,4,15,4,5,20,3,17,0,0,1,3,0,8,4,4,0,7,24,95.25909592061741,70.83333333333334,72.0,-1.1666666666666572
80351203,808,1,3,1,0,0,2,18,8,1,5,24,3,19,22,0,22,1,0,6,0,0,14,3,1,0,5,27,105.1948051948052,81.48148148148148,58.620689655172406,22.860791826309075
80351203,808,2,1,3,0,0,3,14,9,1,0,22,5,17,22,1,21,4,0,6,1,0,16,2,2,0,5,26,102.63157894736842,80.76923076923077,59.09090909090909,21.67832167832168
80351203,808,3,1,1,0,0,3,13,10,4,1,18,5,12,22,4,18,1,0,4,2,0,15,1,6,0,7,27,106.81318681318682,66.66666666666666,51.724137931034484,14.942528735632173
80351203,808,4,2,1,0,0,0,15,10,1,5,19,3,16,21,3,18,0,0,11,2,1,21,3,3,0,6,25,99.2282249173098,72.0,70.83333333333334,1.1666666666666572
