matchId,squadId,GS,GA,WA,C,WD,GD,GK,startingTime,finishTime,teamStartScore,teamEndScore,oppStartScore,oppEndScore,duration,plusMinus,plusMinusPer60,oppSquadId
95630905,808,80826,80287,80477,80424,80095,80582,80478,0.0,789.0,0,11,0,13,789.0,-2,-9.125475285171103,801
95630905,808,80826,80469,80477,80424,80095,80582,80478,789.0,1823.0,11,26,13,27,1034.0,1,3.481624758220503,801
95630905,808,80826,80469,80477,80424,80095,80478,80582,1823.0,2734.0,26,41,27,42,911.0,0,0.0,801
95630905,808,80826,80287,80477,80424,80095,80478,80582,2734.0,3249.0,41,48,42,49,515.0,0,0.0,801
95630905,808,80826,80469,80477,80424,80095,80478,80582,3249.0,3620.0,48,51,49,53,371.0,-1,-9.703504043126685,801
95630905,808,80287,80469,80477,80424,80095,80478,80582,3620.0,3671.0,51,53,53,53,51.0,2,141.1764705882353,801
95630905,801,80295,80067,80001,80576,80045,80180,80530,0.0,1194.0,0,19,0,17,1194.0,2,6.030150753768845,808
95630905,801,80295,80067,80001,80576,80045,80180,991899,1194.0,2464.0,19,38,17,36,1270.0,0,0.0,808
95630905,801,80295,80067,80001,80439,80045,80180,991899,2464.0,3671.0,38,53,36,53,1207.0,-2,-5.965202982601491,808
