matchId,squadId,GS,GA,WA,C,WD,GD,GK,startingTime,finishTime,teamStartScore,teamEndScore,oppStartScore,oppEndScore,duration,plusMinus,plusMinusPer60,oppSquadId
107241301,8119,1010545,80009,80575,80299,80833,80470,80010,0,1657,0,31,0,24,1657,7,15.208207604103801,806
107241301,8119,1010545,80009,1001583,80299,80833,80470,80010,1657,3619,31,64,24,56,1962,1,1.8348623853211008,806
107241301,806,1001944,1001711,1001846,80574,80099,1003784,998404,0,906,0,13,0,17,906,-4,-15.894039735099339,8119
107241301,806,1001944,1001846,80574,1009742,1007304,80099,998404,906,2424,13,39,17,42,1518,1,2.3715415019762847,8119
107241301,806,1001944,1001846,80574,1009742,1007304,1003784,998404,2424,2608,39,40,42,46,184,-3,-58.69565217391305,8119
107241301,806,1001944,1001711,994219,80574,1007304,1003784,998404,2608,2714,40,42,46,48,106,0,0.0,8119
107241301,806,1001944,1001711,1001846,80574,1007304,1003784,998404,2714,3033,42,47,48,55,319,-2,-22.570532915360502,8119
107241301,806,1001944,1001711,1001846,80574,1007304,1003784,80099,3033,3619,47,56,55,64,586,0,0.0,8119
