matchId,squadId,GS,GA,WA,C,WD,GD,GK,startingTime,finishTime,teamStartScore,teamEndScore,oppStartScore,oppEndScore,duration,plusMinus,plusMinusPer60,oppSquadId
98180701,810,80113,80009,80473,80152,80299,80470,80343,0,3646,0,52,0,61,3646,-9,-8.886450905101482,807
98180701,807,80078,1003788,992954,80833,991905,80076,80080,0,3646,0,61,0,52,3646,9,8.886450905101482,810
