matchId,squadId,GS,GA,WA,C,WD,GD,GK,startingTime,finishTime,teamStartScore,teamEndScore,oppStartScore,oppEndScore,duration,plusMinus,plusMinusPer60,oppSquadId
80120302,807,80078,80009,80178,80081,80076,80180,80080,0,2711,0,31,0,34,2711,-3,-3.983769826632239,801
80120302,807,80078,80009,80081,80297,80076,80180,80080,2711,3612,31,40,34,41,901,2,7.991120976692564,801
80120302,801,80295,80003,80067,80014,80002,80006,80010,0,3612,0,41,0,40,3612,1,0.9966777408637874,807
