matchId,squadId,GS,GA,WA,C,WD,GD,GK,startingTime,finishTime,teamStartScore,teamEndScore,oppStartScore,oppEndScore,duration,plusMinus,plusMinusPer60,oppSquadId
120450603,810,80826,1007298,994215,80473,998408,1014130,80343,0,1617,0,32,0,28,1617,4,8.905380333951763,801
120450603,810,80826,1007298,994215,80473,998408,80343,1005495,1617,1800,32,35,28,31,183,0,0.0,801
120450603,810,80826,1007298,994215,80473,998408,1014130,80343,1800,2348,35,42,31,42,548,-4,-26.277372262773724,801
120450603,810,80826,1007298,994215,80473,998408,80343,1005495,2348,3600,42,63,42,64,1252,-1,-2.8753993610223643,801
120450603,801,1006558,1007306,1015271,1020223,1019205,1007301,80830,0,2840,0,46,0,53,2840,-7,-8.873239436619718,810
120450603,801,1006558,1007306,1015271,999806,1019205,1007301,80830,2840,3372,46,56,53,62,532,1,6.7669172932330826,810
120450603,801,1022294,1007306,1015271,999806,1019205,1007301,80830,3372,3385,56,56,62,62,13,0,0.0,810
120450603,801,1022294,1006558,1015271,999806,1019205,1007301,80830,3385,3600,56,64,62,63,215,7,117.20930232558138,810
