matchId,squadId,GS,GA,WA,C,WD,GD,GK,startingTime,finishTime,teamStartScore,teamEndScore,oppStartScore,oppEndScore,duration,plusMinus,plusMinusPer60
80351101,806,80072,80179,80075,80069,80574,80006,80038,0,903,0,11,0,13,903,-2,-7.973421926910299
80351101,806,80179,80072,80075,80069,80574,80006,80038,903,2706,11,31,13,33,1803,0,0.0
80351101,806,80471,80072,80075,80069,80574,80006,80038,2706,3608,31,43,33,46,902,-1,-3.991130820399113
80351101,801,80295,80067,80576,80001,80045,80068,80048,0,1808,0,21,0,21,1808,0,0.0
80351101,801,80295,80067,80001,80576,80045,80068,80048,1808,3608,21,46,21,43,1800,3,6.0
