matchId,squadId,GS,GA,WA,C,WD,GD,GK,startingTime,finishTime,teamStartScore,teamEndScore,oppStartScore,oppEndScore,duration,plusMinus,plusMinusPer60,oppSquadId
120450803,804,80540,1001708,994224,991901,1001701,80577,1004510,0,3600,0,74,0,73,3600,1,1.0,810
120450803,810,80826,1007298,994215,80473,998408,1014130,80343,0,1477,0,26,0,29,1477,-3,-7.312119160460393,804
120450803,810,80826,1007298,994215,998408,1007219,1014130,80343,1477,2372,26,47,29,46,895,4,16.089385474860336,804
120450803,810,80826,1007298,994215,998408,1007219,80343,1005495,2372,2700,47,54,46,53,328,0,0.0,804
120450803,810,80826,1007298,994215,998408,1007219,1014130,80343,2700,3276,54,65,53,66,576,-2,-12.5,804
120450803,810,80826,1007298,994215,998408,1014130,80343,1005495,3276,3600,65,73,66,74,324,0,0.0,804
