matchId,squadId,GS,GA,WA,C,WD,GD,GK,startingTime,finishTime,teamStartScore,teamEndScore,oppStartScore,oppEndScore,duration,plusMinus,plusMinusPer60,oppSquadId
80121202,807,80078,80009,80155,80081,80076,80180,80080,0,922,0,8,0,13,922,-5,-19.522776572668114,803
80121202,807,80078,80009,80081,80297,80076,80180,80080,922,3690,8,52,13,42,2768,15,19.508670520231213,803
80121202,803,80030,80058,80154,80170,80127,80099,80059,0,1839,0,22,0,24,1839,-2,-3.9151712887438825,807
80121202,803,80030,80058,80154,80170,80212,80127,80099,1839,2751,22,34,24,37,912,-1,-3.947368421052632,807
80121202,803,80030,80058,80154,80212,80037,80127,80099,2751,3410,34,38,37,48,659,-7,-38.23975720789075,807
80121202,803,80030,80058,80154,80037,80212,80127,80099,3410,3421,38,38,48,48,11,0,0.0,807
80121202,803,80030,80058,80154,80170,80212,80127,80099,3421,3690,38,42,48,52,269,0,0.0,807
