matchId,squadId,oppSquadId,period,badHands,badPasses,blocked,blocks,breaks,centrePassReceives,contactPenalties,defensiveRebounds,deflections,feeds,gain,goalAssists,goalAttempts,goalMisses,goals,intercepts,missedGoalTurnover,obstructionPenalties,offensiveRebounds,offsides,penalties,pickups,rebounds,tossUpWin,turnovers,possessions,pacePer60,offensiveRating,defensiveRating,netRating
80121202,803,807,1,0,0,0,0,0,11,9,0,1,27,1,11,13,0,13,1,0,2,0,0,11,4,0,0,6,19,74.18655097613883,68.42105263157895,42.10526315789473,26.315789473684212
80121202,803,807,2,2,1,0,0,0,12,6,1,4,13,3,5,11,2,9,1,0,8,0,0,14,4,1,0,9,20,78.51690294438386,45.0,64.0,-19.0
80121202,803,807,3,0,0,0,0,0,11,7,1,3,18,4,5,15,3,12,1,0,7,0,1,14,3,1,0,2,17,67.10526315789474,70.58823529411765,68.42105263157895,2.167182662538707
80121202,803,807,4,1,2,0,0,0,12,16,0,5,9,1,7,11,3,8,1,0,7,0,0,23,2,0,0,9,20,76.67731629392972,40.0,60.0,-20.0
80121202,807,803,1,0,6,0,0,0,11,7,0,7,25,3,3,14,6,8,0,0,1,4,1,8,3,4,0,9,19,74.18655097613883,42.10526315789473,68.42105263157895,-26.315789473684212
80121202,807,803,2,0,4,0,0,0,12,11,1,5,27,8,9,21,5,16,5,0,2,2,1,13,2,3,0,6,25,98.14612868047983,64.0,45.0,19.0
80121202,807,803,3,1,3,0,0,0,13,5,2,8,17,7,7,15,2,13,1,0,12,1,1,17,4,3,0,5,19,75.0,68.42105263157895,70.58823529411765,-2.167182662538707
80121202,807,803,4,1,4,0,0,0,11,6,3,4,17,6,7,18,3,15,2,0,1,0,1,7,3,3,0,7,25,95.84664536741214,60.0,40.0,20.0
