matchId,squadId,GS,GA,WA,C,WD,GD,GK,startingTime,finishTime,teamStartScore,teamEndScore,oppStartScore,oppEndScore,duration,plusMinus,plusMinusPer60
80180802,802,80028,80156,80018,80021,80164,80023,80446,0,1803,0,21,0,26,1803,-5,-9.983361064891847
80180802,802,80028,80156,80018,80021,80164,80314,80446,1803,3620,21,49,26,44,1817,10,19.81287837094111
80180802,808,80093,80058,80094,80043,80095,80098,80057,0,898,0,15,0,10,898,5,20.044543429844097
80180802,808,80093,80058,80094,80043,80096,80098,80057,898,1803,15,26,10,21,905,0,0.0
80180802,808,80093,80058,80094,80043,80061,80098,80057,1803,2482,26,30,21,34,679,-9,-47.71723122238586
80180802,808,80093,80058,80043,80095,80061,80098,80057,2482,3620,30,44,34,49,1138,-1,-3.163444639718805
