matchId,squadId,GS,GA,WA,C,WD,GD,GK,startingTime,finishTime,teamStartScore,teamEndScore,oppStartScore,oppEndScore,duration,plusMinus,plusMinusPer60
98180802,809,991906,80150,80055,994117,80701,80057,993358,0,1837,0,24,0,26,1837,-2,-3.91943385955362
98180802,809,80058,80150,80055,994117,80701,80057,993358,1837,3683,24,49,26,45,1846,6,11.700975081256772
98180802,805,80054,80100,80700,998998,80535,80708,80192,0,1837,0,26,0,24,1837,2,3.91943385955362
98180802,805,80054,80100,80581,998998,80535,80192,80305,1837,3683,26,45,24,49,1846,-6,-11.700975081256772
