matchId,squadId,GS,GA,WA,C,WD,GD,GK,startingTime,finishTime,teamStartScore,teamEndScore,oppStartScore,oppEndScore,duration,plusMinus,plusMinusPer60
80050203,805,80054,80055,80107,80063,80097,80062,80136,0,1823,0,27,0,22,1823,5,9.873834339001647
80050203,805,80054,80147,80063,80060,80097,80062,80136,1823,3644,27,54,22,50,1821,-1,-1.9769357495881383
80050203,803,80058,80030,80170,80154,80024,80037,80159,0,917,0,10,0,17,917,-7,-27.480916030534353
80050203,803,80058,80030,80170,80154,80037,80024,80159,917,1823,10,22,17,27,906,2,7.9470198675496695
80050203,803,80058,80030,80170,80154,80024,80037,80159,1823,2959,22,39,27,43,1136,1,3.169014084507042
80050203,803,80058,80030,80170,80154,80160,80037,80159,2959,3644,39,50,43,54,685,0,0.0
