matchId,squadId,GS,GA,WA,C,WD,GD,GK,startingTime,finishTime,teamStartScore,teamEndScore,oppStartScore,oppEndScore,duration,plusMinus,plusMinusPer60
107240504,801,1007298,80100,80301,1014125,1016033,80814,80830,0.0,2155.0,0,35,0,31,2155.0,4,6.682134570765662
107240504,801,1007298,80100,80301,999806,1016033,80814,80830,2155.0,3600.0,35,54,31,51,1445.0,-1,-2.491349480968858
107240504,807,1001557,993463,992954,1000831,991905,1006231,991903,0.0,412.0,0,4,0,7,412.0,-3,-26.213592233009706
107240504,807,1001557,993463,992954,1007220,991905,1006231,991903,412.0,1295.0,4,17,7,22,883.0,-2,-8.154020385050963
107240504,807,1004465,993463,992954,1007220,991905,1006231,991903,1295.0,3600.0,17,51,22,54,2305.0,2,3.123644251626898
