matchId,squadId,GS,GA,WA,C,WD,GD,GK,startingTime,finishTime,teamStartScore,teamEndScore,oppStartScore,oppEndScore,duration,plusMinus,plusMinusPer60,oppSquadId
103930701,804,80540,80293,994224,991901,80045,80577,994213,0,3626,0,74,0,60,3626,14,13.8996138996139,810
103930701,810,80826,80009,993360,80473,998408,80534,80343,0,1097,0,15,0,23,1097,-8,-26.253418413855968,804
103930701,810,80826,80009,998408,80473,80452,80534,80343,1097,1812,15,27,23,43,715,-8,-40.27972027972028,804
103930701,810,80826,995218,80009,80473,998408,80534,80343,1812,2427,27,37,43,55,615,-2,-11.707317073170731,804
103930701,810,80826,995218,80009,80473,998408,80343,80534,2427,3088,37,53,55,63,661,8,43.57034795763994,804
103930701,810,80826,995218,80009,80473,998408,80452,80534,3088,3196,53,55,63,65,108,0,0.0,804
103930701,810,80826,995218,80009,80473,998408,80343,80534,3196,3626,55,60,65,74,430,-4,-33.48837209302325,804
