matchId,squadId,GS,GA,WA,C,WD,GD,GK,startingTime,finishTime,teamStartScore,teamEndScore,oppStartScore,oppEndScore,duration,plusMinus,plusMinusPer60
107240102,8119,1010545,80009,80575,80833,80299,80470,80010,0,3332,0,53,0,38,3332,15,16.206482593037215
107240102,8119,1010545,1014126,80575,1004500,80299,1013050,80010,3332,3619,53,57,38,43,287,-1,-12.543554006968641
107240102,8117,1001357,80475,80296,80105,998401,80559,999135,0,2503,0,31,0,36,2503,-5,-7.191370355573312
107240102,8117,1014128,80475,80297,80105,998401,80559,999135,2503,2877,31,34,36,44,374,-5,-48.1283422459893
107240102,8117,1014128,80475,80296,80105,998401,80559,999135,2877,3619,34,43,44,57,742,-4,-19.40700808625337
