matchId,squadId,GS,GA,WA,C,WD,GD,GK,startingTime,finishTime,teamStartScore,teamEndScore,oppStartScore,oppEndScore,duration,plusMinus,plusMinusPer60
90841302,801,80295,80067,80001,80045,80132,80440,80068,0,3647,0,43,0,64,3647,-21,-20.72936660268714
90841302,804,80064,80293,80041,992954,991901,80180,80010,0,2742,0,47,0,32,2742,15,19.693654266958422
90841302,804,80064,80293,80041,992954,991901,80180,80010,2742,3096,47,54,32,35,354,4,40.67796610169491
90841302,804,80064,80293,80041,992954,991901,80180,80010,3096,3269,54,57,35,39,173,-1,-20.809248554913296
90841302,804,80064,80293,80041,992954,991901,80180,80010,3269,3647,57,64,39,43,378,3,28.57142857142857
