matchId,squadId,GS,GA,WA,C,WD,GD,GK,startingTime,finishTime,teamStartScore,teamEndScore,oppStartScore,oppEndScore,duration,plusMinus,plusMinusPer60,oppSquadId
124381204,810,80826,995108,994215,80575,998408,1014130,1014234,0.0,389.0,0,9,0,8,389.0,1,9.254498714652955,8118
124381204,810,80826,995108,994215,80575,998408,1014130,1001920,389.0,1257.0,9,24,8,29,868.0,-6,-24.884792626728114,8118
124381204,810,80826,995108,994215,1022296,998408,1014130,1001920,1257.0,1800.0,24,33,29,41,543.0,-3,-19.889502762430936,8118
124381204,810,80826,995108,994215,998408,1014130,1014234,1001920,1800.0,2295.0,33,44,41,48,495.0,4,29.09090909090909,8118
124381204,810,80826,1028417,994215,998408,1014130,1014234,1001920,2295.0,3600.0,44,68,48,65,1305.0,7,19.310344827586206,8118
124381204,8118,80150,1019169,995217,80701,1022764,1011747,1013638,0.0,2424.0,0,48,0,48,2424.0,0,0.0,810
124381204,8118,80150,1019169,994117,80701,1022764,1011747,1013638,2424.0,3600.0,48,65,48,68,1176.0,-3,-9.183673469387754,810
