matchId,squadId,GS,GA,WA,C,WD,GD,GK,startingTime,finishTime,teamStartScore,teamEndScore,oppStartScore,oppEndScore,duration,plusMinus,plusMinusPer60
95631203,804,80570,80293,994224,991901,994226,80042,80010,0,1932,0,28,0,25,1932,3,5.590062111801242
95631203,804,80570,80293,994224,991901,994226,80577,80010,1932,3755,28,56,25,48,1823,5,9.873834339001647
95631203,810,80113,80009,80572,80152,80299,80470,80133,0,1932,0,25,0,28,1932,-3,-5.590062111801242
95631203,810,80113,80009,80572,80299,80152,80470,80393,1932,2837,25,36,28,43,905,-4,-15.911602209944752
95631203,810,80113,80009,993360,80299,80152,80470,80343,2837,3755,36,48,43,56,918,-1,-3.9215686274509802
