matchId,squadId,GS,GA,WA,C,WD,GD,GK,startingTime,finishTime,teamStartScore,teamEndScore,oppStartScore,oppEndScore,duration,plusMinus,plusMinusPer60,oppSquadId
107240202,810,80826,994215,993360,80473,998408,80452,80534,0,1284,0,19,0,29,1284,-10,-28.037383177570096,8117
107240202,810,80826,995218,993360,998408,80534,80452,1004510,1284,1820,19,25,29,43,536,-8,-53.731343283582085,8117
107240202,810,80826,995218,80473,998408,80534,80452,1004510,1820,2735,25,40,43,60,915,-2,-7.868852459016393,8117
107240202,810,80826,994215,80473,993360,80534,80452,1004510,2735,3645,40,55,60,80,910,-5,-19.78021978021978,8117
107240202,8117,1014128,80475,80296,80105,998401,80559,999135,0,2735,0,60,0,40,2735,20,26.3254113345521,810
107240202,8117,1001357,80475,80296,80105,998401,80559,999135,2735,3120,60,68,40,48,385,0,0.0,810
107240202,8117,1001357,80475,80296,80105,998401,80559,997815,3120,3445,68,75,48,54,325,1,11.076923076923077,810
107240202,8117,1001357,80475,80296,80105,80297,80559,997815,3445,3645,75,80,54,55,200,4,72.0,810
