matchId,squadId,GS,GA,WA,C,WD,GD,GK,startingTime,finishTime,teamStartScore,teamEndScore,oppStartScore,oppEndScore,duration,plusMinus,plusMinusPer60,oppSquadId
80350602,807,80078,80009,80301,80833,991904,80020,80080,0,1819,0,28,0,27,1819,1,1.9791094007696537,801
80350602,807,80078,80009,80301,80833,991905,80571,80080,1819,3481,28,51,27,52,1662,-2,-4.332129963898917,801
80350602,807,80078,80009,80833,991905,991904,80571,80080,3481,3636,51,53,52,54,155,0,0.0,801
80350602,801,80295,80067,80001,80576,80045,80068,80048,0,1819,0,27,0,28,1819,-1,-1.9791094007696537,807
80350602,801,80295,80067,80576,80001,80045,80068,80048,1819,3636,27,54,28,53,1817,2,3.9625756741882223,807
