matchId,squadId,GS,GA,WA,C,WD,GD,GK,startingTime,finishTime,teamStartScore,teamEndScore,oppStartScore,oppEndScore,duration,plusMinus,plusMinusPer60,oppSquadId
107241203,810,80826,994215,993360,80473,998408,80534,80343,0,2700,0,39,0,46,2700,-7,-9.333333333333332,8119
107241203,810,80826,994215,993360,80473,80534,80452,80343,2700,3313,39,51,46,58,613,0,0.0,8119
107241203,810,80826,994215,993360,998408,80534,80343,1004510,3313,3600,51,57,58,63,287,1,12.543554006968641,8119
107241203,8119,1010545,1014126,80575,80299,80833,80470,80010,0,900,0,14,0,14,900,0,0.0,810
107241203,8119,1010545,80009,80575,80299,80833,80470,80010,900,3600,14,63,14,57,2700,6,8.0,810
