matchId,squadId,GS,GA,WA,C,WD,GD,GK,startingTime,finishTime,teamStartScore,teamEndScore,oppStartScore,oppEndScore,duration,plusMinus,plusMinusPer60,oppSquadId
103930804,807,80078,993463,992954,1000831,991905,1006231,80080,0,3660,0,60,0,57,3660,3,2.9508196721311473,806
103930804,806,1001944,999128,80574,80439,991904,1003784,998404,0,1446,0,22,0,26,1446,-4,-9.95850622406639,807
103930804,806,1001711,999128,80574,80439,1001701,1003784,998404,1446,1825,22,26,26,29,379,1,9.49868073878628,807
103930804,806,1001711,999128,1001702,80439,1001701,1003784,998404,1825,3660,26,57,29,60,1835,0,0.0,807
