matchId,squadId,GS,GA,WA,C,WD,GD,GK,startingTime,finishTime,teamStartScore,teamEndScore,oppStartScore,oppEndScore,duration,plusMinus,plusMinusPer60,oppSquadId
113910302,8117,1001357,80475,80296,1000831,998401,80559,999135,0.0,1584.0,0,28,0,24,1584.0,4,9.090909090909092,810
113910302,8117,1014128,80475,80296,1000831,998401,80559,999135,1584.0,2349.0,28,39,24,43,765.0,-8,-37.64705882352941,810
113910302,8117,1001357,80475,80296,1000831,998401,80559,999135,2349.0,2592.0,39,42,43,49,243.0,-3,-44.44444444444444,810
113910302,8117,1001357,80475,80296,1000831,80440,80559,999135,2592.0,2700.0,42,43,49,52,108.0,-2,-66.66666666666667,810
113910302,8117,1001357,80475,1013082,80296,80559,80440,999135,2700.0,3600.0,43,54,52,69,900.0,-6,-24.0,810
113910302,810,80826,994215,1000231,80473,998408,1014130,80343,0.0,522.0,0,7,0,13,522.0,-6,-41.37931034482759,8117
113910302,810,80826,994215,1000231,80473,998408,80534,80343,522.0,1205.0,7,18,13,23,683.0,1,5.27086383601757,8117
113910302,810,80826,1007298,1000231,80473,998408,80534,80343,1205.0,3598.0,18,69,23,54,2393.0,20,30.087755954868367,8117
113910302,810,80826,1007298,994215,80473,998408,80534,80343,3598.0,3600.0,69,69,54,54,2.0,0,0.0,8117
