matchId,squadId,GS,GA,WA,C,WD,GD,GK,startingTime,finishTime,teamStartScore,teamEndScore,oppStartScore,oppEndScore,duration,plusMinus,plusMinusPer60
80060301,804,80052,80050,80171,80043,80045,80049,80042,0,3632,0,54,0,46,3632,8,7.929515418502203
80060301,801,80003,80009,80001,80014,80173,80006,80010,0,1822,0,19,0,27,1822,-8,-15.806805708013172
80060301,801,80003,80009,80139,80014,80002,80006,80010,1822,2369,19,25,27,38,547,-5,-32.90676416819012
80060301,801,80003,80009,80139,80014,80006,80002,80010,2369,3632,25,46,38,54,1263,5,14.251781472684083
