matchId,squadId,GS,GA,WA,C,WD,GD,GK,startingTime,finishTime,teamStartScore,teamEndScore,oppStartScore,oppEndScore,duration,plusMinus,plusMinusPer60,oppSquadId
95630802,803,80444,80019,80094,80175,80109,80099,80098,0,2767,0,33,0,36,2767,-3,-3.9031441994940366,810
95630802,803,80444,80019,80094,80175,80109,80099,80127,2767,3688,33,48,36,51,921,0,0.0,810
95630802,810,80113,80009,80572,80152,80299,80470,80393,0,1844,0,23,0,23,1844,0,0.0,803
95630802,810,80113,80009,80572,80152,80299,80470,80133,1844,3688,23,51,23,48,1844,3,5.856832971800434,803
