matchId,squadId,GS,GA,WA,C,WD,GD,GK,startingTime,finishTime,teamStartScore,teamEndScore,oppStartScore,oppEndScore,duration,plusMinus,plusMinusPer60,oppSquadId
107240901,8117,1014128,80475,80296,80105,998401,80559,999135,0,3633,0,65,0,57,3633,8,7.927332782824113,810
107240901,810,80826,995218,993360,80473,998408,80452,80343,0,1615,0,27,0,30,1615,-3,-6.687306501547988,8117
107240901,810,80826,995218,993360,80473,998408,80534,80343,1615,2158,27,34,30,41,543,-4,-26.519337016574582,8117
107240901,810,80826,995218,994215,80473,998408,80534,80343,2158,2717,34,42,41,51,559,-2,-12.880143112701253,8117
107240901,810,80826,994215,80473,998408,80534,80452,80343,2717,3633,42,57,51,65,916,1,3.930131004366812,8117
