matchId,squadId,GS,GA,WA,C,WD,GD,GK,startingTime,finishTime,teamStartScore,teamEndScore,oppStartScore,oppEndScore,duration,plusMinus,plusMinusPer60,oppSquadId
100830102,804,80540,80293,994224,991901,994226,80577,994213,0,3646,0,58,0,55,3646,3,2.9621503017004938,8119
100830102,8119,80052,994215,80041,80833,80299,80470,80048,0,1677,0,25,0,24,1677,1,2.146690518783542,804
100830102,8119,80052,1001712,80041,80833,80299,80470,80048,1677,1819,25,27,24,26,142,0,0.0,804
100830102,8119,80052,1001712,80041,80152,80299,80470,80048,1819,2727,27,39,26,42,908,-4,-15.859030837004406,804
100830102,8119,80052,994215,80041,80152,80299,80470,80048,2727,3646,39,55,42,58,919,0,0.0,804
