matchId,squadId,GS,GA,WA,C,WD,GD,GK,startingTime,finishTime,teamStartScore,teamEndScore,oppStartScore,oppEndScore,duration,plusMinus,plusMinusPer60
80121403,802,80022,80028,80018,80021,80035,80026,80023,0,2320,0,33,0,35,2320,-2,-3.103448275862069
80121403,802,80022,80028,80018,80021,80035,80026,80292,2320,2739,33,36,35,44,419,-6,-51.551312649164686
80121403,802,80022,80028,80018,80021,80035,80026,80023,2739,3652,36,47,44,58,913,-3,-11.829134720700985
80121403,805,80054,80100,80089,80063,80125,80109,80159,0,1559,0,23,0,24,1559,-1,-2.3091725465041693
80121403,805,80054,80100,80055,80063,80125,80109,80159,1559,2344,23,36,24,33,785,4,18.343949044585987
80121403,805,80054,80100,80055,80063,80125,80109,80305,2344,3652,36,58,33,47,1308,8,22.01834862385321
