matchId,squadId,GS,GA,WA,C,WD,GD,GK,startingTime,finishTime,teamStartScore,teamEndScore,oppStartScore,oppEndScore,duration,plusMinus,plusMinusPer60
90840402,806,80052,80072,80178,80069,991904,80038,80048,0,1632,0,25,0,19,1632,6,13.23529411764706
90840402,806,80052,80179,80178,80069,991904,80038,80048,1632,1844,25,29,19,23,212,0,0.0
90840402,806,80052,80072,80178,80069,991904,80038,80048,1844,3669,29,53,23,48,1825,-1,-1.9726027397260273
90840402,807,80078,80157,80473,80833,80076,80080,80020,0,924,0,8,0,18,924,-10,-38.96103896103896
90840402,807,80078,80157,80833,80473,80076,80080,991905,924,1239,8,15,18,19,315,6,68.57142857142857
90840402,807,80078,80157,80833,80473,80076,80080,80020,1239,1844,15,23,19,29,605,-2,-11.900826446280991
90840402,807,80078,80157,80473,80833,991905,80020,80080,1844,2752,23,34,29,42,908,-2,-7.929515418502203
90840402,807,80078,80157,80473,80833,80076,80080,80020,2752,3669,34,48,42,53,917,3,11.77753544165758
