matchId,squadId,GS,GA,WA,C,WD,GD,GK,startingTime,finishTime,teamStartScore,teamEndScore,oppStartScore,oppEndScore,duration,plusMinus,plusMinusPer60
95631405,805,80058,80100,80154,80105,80535,80304,80305,0,1895,0,27,0,30,1895,-3,-5.699208443271768
95631405,805,80058,80100,80154,80105,80535,80304,80604,1895,2822,27,38,30,42,927,-1,-3.883495145631068
95631405,805,80054,80100,80154,80105,80535,80479,80604,2822,3209,38,41,42,47,387,-2,-18.6046511627907
95631405,805,80054,80100,80154,80105,80535,80304,80604,3209,3647,41,46,47,54,438,-2,-16.438356164383563
95631405,805,80054,80100,80700,80105,80535,80304,80604,3647,3756,46,48,54,56,109,0,0.0
95631405,804,80570,80293,994224,991901,994226,80042,80577,0,1895,0,30,0,27,1895,3,5.699208443271768
95631405,804,80570,80293,994224,991901,994226,80577,80042,1895,3756,30,56,27,48,1861,5,9.672219236969372
