matchId,squadId,GS,GA,WA,C,WD,GD,GK,startingTime,finishTime,teamStartScore,teamEndScore,oppStartScore,oppEndScore,duration,plusMinus,plusMinusPer60,oppSquadId
80181205,801,80295,80067,80130,80014,80173,80294,80048,0,906,0,12,0,16,906,-4,-15.894039735099339,810
80181205,801,80295,80067,80439,80014,80173,80048,80440,906,3642,12,59,16,64,2736,-1,-1.3157894736842104,810
80181205,810,80113,80074,80300,80152,80132,80127,80131,0,2564,0,46,0,40,2564,6,8.424336973478939,801
80181205,810,80113,80300,80074,80152,80132,80127,80131,2564,2571,46,46,40,40,7,0,0.0,801
80181205,810,80113,80046,80074,80152,80132,80127,80131,2571,3333,46,57,40,53,762,-2,-9.448818897637796,801
80181205,810,80113,80074,80300,80152,80132,80127,80131,3333,3642,57,64,53,59,309,1,11.650485436893202,801
