matchId,squadId,GS,GA,WA,C,WD,GD,GK,startingTime,finishTime,teamStartScore,teamEndScore,oppStartScore,oppEndScore,duration,plusMinus,plusMinusPer60,oppSquadId
95631401,810,80113,80009,80572,80299,80152,80470,80393,0,2757,0,44,0,48,2757,-4,-5.2230685527747545,806
95631401,810,80113,80009,80572,80299,80152,80470,80133,2757,3666,44,56,48,63,909,-3,-11.881188118811881,806
95631401,806,80052,80072,80574,80146,991904,80049,80048,0,1837,0,30,0,29,1837,1,1.95971692977681,810
95631401,806,80052,80072,80475,80574,991904,80049,80048,1837,3666,30,63,29,56,1829,6,11.80973209404046,810
