matchId,squadId,GS,GA,WA,C,WD,GD,GK,startingTime,finishTime,teamStartScore,teamEndScore,oppStartScore,oppEndScore,duration,plusMinus,plusMinusPer60,oppSquadId
124380603,807,1021253,1007306,1004472,1015274,80833,1016035,1029513,0,900,0,13,0,19,900,-6,-24.0,9698
124380603,807,1021253,1007306,1015274,1004472,80833,1016035,1029513,900,1546,13,23,19,31,646,-2,-11.145510835913312,9698
124380603,807,1021253,1029501,1015274,1004472,1033807,1016035,1029513,1546,1721,23,26,31,35,175,-1,-20.571428571428573,9698
124380603,807,1021253,1029501,1015274,80833,1033807,1016035,1029513,1721,1800,26,27,35,37,79,-1,-45.56962025316456,9698
124380603,807,1029501,1007306,1004472,1015274,1033807,1016035,1029513,1800,2700,27,41,37,52,900,-1,-4.0,9698
124380603,807,1021253,1029501,1015274,80833,1033807,1016035,1029513,2700,3600,41,62,52,69,900,4,16.0,9698
124380603,9698,1010545,1006558,1016033,1004473,1001356,1007219,1004510,0,3600,0,69,0,62,3600,7,7.0,807
