matchId,squadId,GS,GA,WA,C,WD,GD,GK,startingTime,finishTime,teamStartScore,teamEndScore,oppStartScore,oppEndScore,duration,plusMinus,plusMinusPer60,oppSquadId
124380403,804,1001711,1001708,1022297,991901,1001701,80577,994213,0,2269,0,44,0,31,2269,13,20.62582635522256,807
124380403,804,1001711,1001708,1022297,991901,1001701,80577,1005495,2269,2700,44,49,31,42,431,-6,-50.11600928074245,807
124380403,804,1001711,1001708,1022297,991901,1001701,80577,994213,2700,3600,49,68,42,55,900,6,24.0,807
124380403,807,1021253,1007306,1004472,1015274,1033807,1016035,1029513,0,1407,0,18,0,26,1407,-8,-20.46908315565032,804
124380403,807,1021253,1029501,1004472,1015274,80833,1016035,1029513,1407,1800,18,25,26,35,393,-2,-18.320610687022903,804
124380403,807,1021253,1029501,1015274,1004472,80833,1016035,1029513,1800,2700,25,42,35,49,900,3,12.0,804
124380403,807,1021253,1029501,1004472,1015274,80833,1016035,1029513,2700,3413,42,53,49,63,713,-3,-15.14726507713885,804
124380403,807,1021253,1029501,1004472,1015274,80833,1016035,1029985,3413,3600,53,55,63,68,187,-3,-57.75401069518716,804
