matchId,squadId,GS,GA,WA,C,WD,GD,GK,startingTime,finishTime,teamStartScore,teamEndScore,oppStartScore,oppEndScore,duration,plusMinus,plusMinusPer60
100831204,8118,80072,80150,80178,80535,80701,80068,991899,0,3615,0,56,0,52,3615,4,3.983402489626556
100831204,804,80540,80293,994224,991901,994226,80577,994213,0,1811,0,25,0,28,1811,-3,-5.963556046383214
100831204,804,80540,80293,994224,991901,80572,80577,994213,1811,2396,25,32,28,38,585,-3,-18.461538461538463
100831204,804,1001717,80293,994224,991901,80572,80577,994213,2396,2713,32,35,38,42,317,-1,-11.35646687697161
100831204,804,80540,80293,80572,994224,991901,80577,994213,2713,3615,35,52,42,56,902,3,11.973392461197339
