matchId,squadId,GS,GA,WA,C,WD,GD,GK,startingTime,finishTime,teamStartScore,teamEndScore,oppStartScore,oppEndScore,duration,plusMinus,plusMinusPer60
80180603,803,80052,80032,80154,80212,80037,80026,80099,0,2738,0,35,0,35,2738,0,0.0
80180603,803,80052,80032,80154,80212,80024,80026,80099,2738,3645,35,46,35,43,907,3,11.907386990077176
80180603,802,80022,80156,80028,80018,80021,80023,80446,0,1314,0,14,0,18,1314,-4,-10.958904109589042
80180603,802,80022,80156,80028,80018,80164,80023,80446,1314,1323,14,14,18,18,9,0,0.0
80180603,802,80022,80156,80028,80021,80164,80023,80446,1323,1329,14,14,18,18,6,0,0.0
80180603,802,80022,80156,80018,80021,80164,80023,80446,1329,1460,14,18,18,20,131,2,54.961832061068705
80180603,802,80022,80156,80018,80021,80164,80023,80292,1460,1834,18,22,20,28,374,-4,-38.50267379679144
80180603,802,80028,80156,80018,80021,80023,80292,80446,1834,3645,22,43,28,46,1811,3,5.963556046383214
