matchId,squadId,period,badHands,badPasses,blocked,blocks,breaks,centrePassReceives,contactPenalties,defensiveRebounds,deflections,feeds,gain,goalAssists,goalAttempts,goalMisses,goals,intercepts,missedGoalTurnover,obstructionPenalties,offensiveRebounds,offsides,penalties,pickups,rebounds,tossUpWin,turnovers,possessions,pacePer60,offensiveRating,defensiveRating,netRating
80351204,805,1,1,2,0,0,1,12,19,0,4,10,3,5,15,4,11,1,0,7,1,1,26,4,1,0,6,20,79.55801104972376,55.00000000000001,88.23529411764706,-33.23529411764705
80351204,805,2,1,0,0,0,1,13,11,0,0,12,2,8,18,3,15,2,0,10,1,0,21,1,1,0,5,22,84.796573875803,68.18181818181817,78.94736842105263,-10.765550239234457
80351204,805,3,2,3,0,0,0,11,11,0,3,14,4,10,18,4,14,2,0,4,3,1,16,4,3,0,7,22,87.22466960352423,63.63636363636363,76.47058823529412,-12.834224598930483
80351204,805,4,1,2,0,0,1,14,12,1,3,10,3,1,16,6,10,0,0,6,2,0,18,4,3,0,6,20,79.03402854006586,50.0,80.95238095238095,-30.95238095238095
80351204,809,1,0,2,0,0,0,12,8,1,6,11,2,5,16,1,15,0,0,3,1,0,11,2,2,0,2,17,67.62430939226519,88.23529411764706,55.00000000000001,33.23529411764705
80351204,809,2,0,1,0,0,1,12,13,1,5,11,2,10,16,1,15,1,0,3,1,1,16,1,2,0,4,19,73.23340471092078,78.94736842105263,68.18181818181817,10.765550239234457
80351204,809,3,1,0,0,0,3,12,9,1,3,9,2,7,14,1,13,0,0,2,1,0,11,3,2,0,4,17,67.40088105726872,76.47058823529412,63.63636363636363,12.834224598930483
80351204,809,4,0,1,0,0,0,11,12,3,7,12,5,7,18,1,17,0,0,8,0,0,20,4,3,0,3,21,82.98572996706915,80.95238095238095,50.0,30.95238095238095
