matchId,squadId,GS,GA,WA,C,WD,GD,GK,startingTime,finishTime,teamStartScore,teamEndScore,oppStartScore,oppEndScore,duration,plusMinus,plusMinusPer60,oppSquadId
80360103,804,80570,80050,80041,80443,80452,80042,80010,0,2535,0,29,0,36,2535,-7,-9.940828402366863,807
80360103,804,80050,80293,80041,80443,80452,80042,80010,2535,3648,29,46,36,50,1113,3,9.703504043126685,807
80360103,807,80078,80009,80301,80833,991905,80020,80080,0,1815,0,25,0,24,1815,1,1.9834710743801653,804
80360103,807,80078,80009,80301,80833,991905,80571,80080,1815,2636,25,38,24,30,821,7,30.69427527405603,804
80360103,807,80078,80009,80301,80833,991905,80571,80080,2636,3253,38,44,30,42,617,-6,-35.008103727714754,804
80360103,807,80078,80009,80301,80833,991905,80080,80020,3253,3648,44,50,42,46,395,2,18.227848101265824,804
